effect_id,study_id,study_cluster_id,doi,taxon,route,trait_role,trait_class,outcome_class,design_class,effect_input_type,effect_metric,effect_value,standard_error,n_treatment,n_control,mean_treatment,sd_treatment,mean_control,sd_control,event_treatment,non_event_treatment,event_control,non_event_control,correlation_r,n_total,effect_orientation,is_primary_effect,analysis_status,source_basis,source_locator,extraction_note,computed_effect_value,computed_standard_error,conversion_method,stratum_id
LGF_Andaloetal2019,Andaloetal2019,Andaloetal2019,,Antirrhinum_valentinum,H_to_fitness,H,nectar_larceny,female_reproductive_success,comparative,reported_effect,log_response_ratio,-0.04989901093,0.2577295313,,,,,,,,,,,,,positive_is_more_declared_trait_more_declared_outcome,true,eligible_for_quantitative_synthesis,deposited_effect_size_table_of_published_synthesis,https://github.com/lacaleal/Meta-analysis_larcenists@04663ff895b300fc957c4a32f661e5f73ca95217:complete_hedges.csv rows[sample]=1;2;3;4; synthesis_doi=10.1002/ecy.70036; primary_study_label=Andaloetal2019,Recomputed as ln(mean_larcenist/mean_control) from deposited group means; 4 deposited effect(s) aggregated to one cluster effect at within-cluster correlation rho_w=1. Secondary analysis of a deposited table; not an independent extraction from the primary article.,-0.04989901093,0.2577295313,reported_effect,HF_larceny_female_lrr_comparative
LGF_Arizmendieetal1996,Arizmendieetal1996,Arizmendieetal1996,,Salvia_mexicana,H_to_fitness,H,nectar_larceny,female_reproductive_success,comparative,reported_effect,log_response_ratio,-1.021651248,0.2587262245,,,,,,,,,,,,,positive_is_more_declared_trait_more_declared_outcome,true,eligible_for_quantitative_synthesis,deposited_effect_size_table_of_published_synthesis,https://github.com/lacaleal/Meta-analysis_larcenists@04663ff895b300fc957c4a32f661e5f73ca95217:complete_hedges.csv rows[sample]=5; synthesis_doi=10.1002/ecy.70036; primary_study_label=Arizmendieetal1996,Recomputed as ln(mean_larcenist/mean_control) from deposited group means; 1 deposited effect(s) aggregated to one cluster effect at within-cluster correlation rho_w=1. Secondary analysis of a deposited table; not an independent extraction from the primary article.,-1.021651248,0.2587262245,reported_effect,HF_larceny_female_lrr_comparative
LGF_Bergamo&Sazima2018,Bergamo&Sazima2018,Bergamo&Sazima2018,,multiple_species:2,H_to_fitness,H,nectar_larceny,female_reproductive_success,comparative,reported_effect,log_response_ratio,-0.1327105647,0.04667054056,,,,,,,,,,,,,positive_is_more_declared_trait_more_declared_outcome,true,eligible_for_quantitative_synthesis,deposited_effect_size_table_of_published_synthesis,https://github.com/lacaleal/Meta-analysis_larcenists@04663ff895b300fc957c4a32f661e5f73ca95217:complete_hedges.csv rows[sample]=8;9; synthesis_doi=10.1002/ecy.70036; primary_study_label=Bergamo&Sazima2018,Recomputed as ln(mean_larcenist/mean_control) from deposited group means; 2 deposited effect(s) aggregated to one cluster effect at within-cluster correlation rho_w=1. Secondary analysis of a deposited table; not an independent extraction from the primary article.,-0.1327105647,0.04667054056,reported_effect,HF_larceny_female_lrr_comparative
LGF_Brodyetal2008,Brodyetal2008,Brodyetal2008,,Ipomopis_aggregata,H_to_fitness,H,nectar_larceny,female_reproductive_success,comparative,reported_effect,log_response_ratio,-0.3602512153,0.0443309636,,,,,,,,,,,,,positive_is_more_declared_trait_more_declared_outcome,true,eligible_for_quantitative_synthesis,deposited_effect_size_table_of_published_synthesis,https://github.com/lacaleal/Meta-analysis_larcenists@04663ff895b300fc957c4a32f661e5f73ca95217:complete_hedges.csv rows[sample]=10;11;12;13;14;15;16;17;18;19;20; synthesis_doi=10.1002/ecy.70036; primary_study_label=Brodyetal2008,Recomputed as ln(mean_larcenist/mean_control) from deposited group means; 11 deposited effect(s) aggregated to one cluster effect at within-cluster correlation rho_w=1. Secondary analysis of a deposited table; not an independent extraction from the primary article.,-0.3602512153,0.0443309636,reported_effect,HF_larceny_female_lrr_comparative
LGF_Burkleetal_2007,Burkleetal_2007,Burkleetal_2007,,multiple_species:2,H_to_fitness,H,nectar_larceny,female_reproductive_success,comparative,reported_effect,log_response_ratio,-0.184785042,0.02685274066,,,,,,,,,,,,,positive_is_more_declared_trait_more_declared_outcome,true,eligible_for_quantitative_synthesis,deposited_effect_size_table_of_published_synthesis,https://github.com/lacaleal/Meta-analysis_larcenists@04663ff895b300fc957c4a32f661e5f73ca95217:complete_hedges.csv rows[sample]=21;22;23;24;265;266;267; synthesis_doi=10.1002/ecy.70036; primary_study_label=Burkleetal_2007,Recomputed as ln(mean_larcenist/mean_control) from deposited group means; 7 deposited effect(s) aggregated to one cluster effect at within-cluster correlation rho_w=1. Secondary analysis of a deposited table; not an independent extraction from the primary article.,-0.184785042,0.02685274066,reported_effect,HF_larceny_female_lrr_comparative
LGF_Carrio&Guemes2019,Carrio&Guemes2019,Carrio&Guemes2019,,Antirrhinum_valentinum,H_to_fitness,H,nectar_larceny,female_reproductive_success,comparative,reported_effect,log_response_ratio,0.02142646585,0.06361963615,,,,,,,,,,,,,positive_is_more_declared_trait_more_declared_outcome,true,eligible_for_quantitative_synthesis,deposited_effect_size_table_of_published_synthesis,https://github.com/lacaleal/Meta-analysis_larcenists@04663ff895b300fc957c4a32f661e5f73ca95217:complete_hedges.csv rows[sample]=28;29;30;31;32;33; synthesis_doi=10.1002/ecy.70036; primary_study_label=Carrio&Guemes2019,Recomputed as ln(mean_larcenist/mean_control) from deposited group means; 6 deposited effect(s) aggregated to one cluster effect at within-cluster correlation rho_w=1. Secondary analysis of a deposited table; not an independent extraction from the primary article.,0.02142646585,0.06361963615,reported_effect,HF_larceny_female_lrr_comparative
LGF_Castroetal_2008,Castroetal_2008,Castroetal_2008,,Polygala_vayredae,H_to_fitness,H,nectar_larceny,female_reproductive_success,comparative,reported_effect,log_response_ratio,-0.04599940825,0.01570917387,,,,,,,,,,,,,positive_is_more_declared_trait_more_declared_outcome,true,eligible_for_quantitative_synthesis,deposited_effect_size_table_of_published_synthesis,https://github.com/lacaleal/Meta-analysis_larcenists@04663ff895b300fc957c4a32f661e5f73ca95217:complete_hedges.csv rows[sample]=34; synthesis_doi=10.1002/ecy.70036; primary_study_label=Castroetal_2008,Recomputed as ln(mean_larcenist/mean_control) from deposited group means; 1 deposited effect(s) aggregated to one cluster effect at within-cluster correlation rho_w=1. Secondary analysis of a deposited table; not an independent extraction from the primary article.,-0.04599940825,0.01570917387,reported_effect,HF_larceny_female_lrr_comparative
LGF_Cuevas-Garciaetal2013,Cuevas-Garciaetal2013,Cuevas-Garciaetal2013,,Salvia_gesnerifolia,H_to_fitness,H,nectar_larceny,female_reproductive_success,comparative,reported_effect,log_response_ratio,-0.2967002503,0.1764708408,,,,,,,,,,,,,positive_is_more_declared_trait_more_declared_outcome,true,eligible_for_quantitative_synthesis,deposited_effect_size_table_of_published_synthesis,https://github.com/lacaleal/Meta-analysis_larcenists@04663ff895b300fc957c4a32f661e5f73ca95217:complete_hedges.csv rows[sample]=42;43;44;45;46;47;48;49;50;51; synthesis_doi=10.1002/ecy.70036; primary_study_label=Cuevas-Garciaetal2013,Recomputed as ln(mean_larcenist/mean_control) from deposited group means; 10 deposited effect(s) aggregated to one cluster effect at within-cluster correlation rho_w=1. Secondary analysis of a deposited table; not an independent extraction from the primary article.,-0.2967002503,0.1764708408,reported_effect,HF_larceny_female_lrr_comparative
LGF_Dedej&Delaplane_2005,Dedej&Delaplane_2005,Dedej&Delaplane_2005,,Vaccinium_ashei,H_to_fitness,H,nectar_larceny,female_reproductive_success,comparative,reported_effect,log_response_ratio,-0.2106073306,0.06924335559,,,,,,,,,,,,,positive_is_more_declared_trait_more_declared_outcome,true,eligible_for_quantitative_synthesis,deposited_effect_size_table_of_published_synthesis,https://github.com/lacaleal/Meta-analysis_larcenists@04663ff895b300fc957c4a32f661e5f73ca95217:complete_hedges.csv rows[sample]=59;61;62;64;65; synthesis_doi=10.1002/ecy.70036; primary_study_label=Dedej&Delaplane_2005,Recomputed as ln(mean_larcenist/mean_control) from deposited group means; 5 deposited effect(s) aggregated to one cluster effect at within-cluster correlation rho_w=1. Secondary analysis of a deposited table; not an independent extraction from the primary article.,-0.2106073306,0.06924335559,reported_effect,HF_larceny_female_lrr_comparative
LGF_Dengetal2004,Dengetal2004,Dengetal2004,,Alpinia_kwangsiensis,H_to_fitness,H,nectar_larceny,female_reproductive_success,comparative,reported_effect,log_response_ratio,-1.774665036,0.2995003947,,,,,,,,,,,,,positive_is_more_declared_trait_more_declared_outcome,true,eligible_for_quantitative_synthesis,deposited_effect_size_table_of_published_synthesis,https://github.com/lacaleal/Meta-analysis_larcenists@04663ff895b300fc957c4a32f661e5f73ca95217:complete_hedges.csv rows[sample]=68; synthesis_doi=10.1002/ecy.70036; primary_study_label=Dengetal2004,Recomputed as ln(mean_larcenist/mean_control) from deposited group means; 1 deposited effect(s) aggregated to one cluster effect at within-cluster correlation rho_w=1. Secondary analysis of a deposited table; not an independent extraction from the primary article.,-1.774665036,0.2995003947,reported_effect,HF_larceny_female_lrr_comparative
LGF_Dengetal_2015,Dengetal_2015,Dengetal_2015,,Alpinia_roxburghii,H_to_fitness,H,nectar_larceny,female_reproductive_success,comparative,reported_effect,log_response_ratio,-0.1615839512,0.05978504213,,,,,,,,,,,,,positive_is_more_declared_trait_more_declared_outcome,true,eligible_for_quantitative_synthesis,deposited_effect_size_table_of_published_synthesis,https://github.com/lacaleal/Meta-analysis_larcenists@04663ff895b300fc957c4a32f661e5f73ca95217:complete_hedges.csv rows[sample]=260;261; synthesis_doi=10.1002/ecy.70036; primary_study_label=Dengetal_2015,Recomputed as ln(mean_larcenist/mean_control) from deposited group means; 2 deposited effect(s) aggregated to one cluster effect at within-cluster correlation rho_w=1. Secondary analysis of a deposited table; not an independent extraction from the primary article.,-0.1615839512,0.05978504213,reported_effect,HF_larceny_female_lrr_comparative
LGF_Elyiahuetak2015,Elyiahuetak2015,Elyiahuetak2015,,Arctostaphylos_pungens,H_to_fitness,H,nectar_larceny,female_reproductive_success,comparative,reported_effect,log_response_ratio,-0.4102136843,0.4274210323,,,,,,,,,,,,,positive_is_more_declared_trait_more_declared_outcome,true,eligible_for_quantitative_synthesis,deposited_effect_size_table_of_published_synthesis,https://github.com/lacaleal/Meta-analysis_larcenists@04663ff895b300fc957c4a32f661e5f73ca95217:complete_hedges.csv rows[sample]=71;72;73;74;75; synthesis_doi=10.1002/ecy.70036; primary_study_label=Elyiahuetak2015,Recomputed as ln(mean_larcenist/mean_control) from deposited group means; 5 deposited effect(s) aggregated to one cluster effect at within-cluster correlation rho_w=1. Secondary analysis of a deposited table; not an independent extraction from the primary article.,-0.4102136843,0.4274210323,reported_effect,HF_larceny_female_lrr_comparative
LGF_Ferreiraetal2020,Ferreiraetal2020,Ferreiraetal2020,,Cleistocactus_baumanii,H_to_fitness,H,nectar_larceny,female_reproductive_success,comparative,reported_effect,log_response_ratio,-0.4201173849,0.1310241421,,,,,,,,,,,,,positive_is_more_declared_trait_more_declared_outcome,true,eligible_for_quantitative_synthesis,deposited_effect_size_table_of_published_synthesis,https://github.com/lacaleal/Meta-analysis_larcenists@04663ff895b300fc957c4a32f661e5f73ca95217:complete_hedges.csv rows[sample]=76; synthesis_doi=10.1002/ecy.70036; primary_study_label=Ferreiraetal2020,Recomputed as ln(mean_larcenist/mean_control) from deposited group means; 1 deposited effect(s) aggregated to one cluster effect at within-cluster correlation rho_w=1. Secondary analysis of a deposited table; not an independent extraction from the primary article.,-0.4201173849,0.1310241421,reported_effect,HF_larceny_female_lrr_comparative
LGF_Fumero-Caban&Melendez-Ackerman_2013,Fumero-Caban&Melendez-Ackerman_2013,Fumero-Caban&Melendez-Ackerman_2013,,Pitcairnia_augustifolia,H_to_fitness,H,nectar_larceny,female_reproductive_success,comparative,reported_effect,log_response_ratio,0.09274180814,0.1375545465,,,,,,,,,,,,,positive_is_more_declared_trait_more_declared_outcome,true,eligible_for_quantitative_synthesis,deposited_effect_size_table_of_published_synthesis,https://github.com/lacaleal/Meta-analysis_larcenists@04663ff895b300fc957c4a32f661e5f73ca95217:complete_hedges.csv rows[sample]=83; synthesis_doi=10.1002/ecy.70036; primary_study_label=Fumero-Caban&Melendez-Ackerman_2013,Recomputed as ln(mean_larcenist/mean_control) from deposited group means; 1 deposited effect(s) aggregated to one cluster effect at within-cluster correlation rho_w=1. Secondary analysis of a deposited table; not an independent extraction from the primary article.,0.09274180814,0.1375545465,reported_effect,HF_larceny_female_lrr_comparative
LGF_Gallen&Butchart2003,Gallen&Butchart2003,Gallen&Butchart2003,,Polemonium_viscosum,H_to_fitness,H,nectar_larceny,female_reproductive_success,comparative,reported_effect,log_response_ratio,0.2617046533,0.2710538435,,,,,,,,,,,,,positive_is_more_declared_trait_more_declared_outcome,true,eligible_for_quantitative_synthesis,deposited_effect_size_table_of_published_synthesis,https://github.com/lacaleal/Meta-analysis_larcenists@04663ff895b300fc957c4a32f661e5f73ca95217:complete_hedges.csv rows[sample]=85;86; synthesis_doi=10.1002/ecy.70036; primary_study_label=Gallen&Butchart2003,Recomputed as ln(mean_larcenist/mean_control) from deposited group means; 2 deposited effect(s) aggregated to one cluster effect at within-cluster correlation rho_w=1. Secondary analysis of a deposited table; not an independent extraction from the primary article.,0.2617046533,0.2710538435,reported_effect,HF_larceny_female_lrr_comparative
LGF_Gelvez-Zuningaetal2016,Gelvez-Zuningaetal2016,Gelvez-Zuningaetal2016,,Collaea_speciosa,H_to_fitness,H,nectar_larceny,female_reproductive_success,comparative,reported_effect,log_response_ratio,0.5465437064,0.3047691498,,,,,,,,,,,,,positive_is_more_declared_trait_more_declared_outcome,true,eligible_for_quantitative_synthesis,deposited_effect_size_table_of_published_synthesis,https://github.com/lacaleal/Meta-analysis_larcenists@04663ff895b300fc957c4a32f661e5f73ca95217:complete_hedges.csv rows[sample]=87; synthesis_doi=10.1002/ecy.70036; primary_study_label=Gelvez-Zuningaetal2016,Recomputed as ln(mean_larcenist/mean_control) from deposited group means; 1 deposited effect(s) aggregated to one cluster effect at within-cluster correlation rho_w=1. Secondary analysis of a deposited table; not an independent extraction from the primary article.,0.5465437064,0.3047691498,reported_effect,HF_larceny_female_lrr_comparative
LGF_Hansen&Muller2009,Hansen&Muller2009,Hansen&Muller2009,,Roussea_simplex,H_to_fitness,H,nectar_larceny,female_reproductive_success,comparative,reported_effect,log_response_ratio,-1.758650311,0.48039377,,,,,,,,,,,,,positive_is_more_declared_trait_more_declared_outcome,true,eligible_for_quantitative_synthesis,deposited_effect_size_table_of_published_synthesis,https://github.com/lacaleal/Meta-analysis_larcenists@04663ff895b300fc957c4a32f661e5f73ca95217:complete_hedges.csv rows[sample]=93; synthesis_doi=10.1002/ecy.70036; primary_study_label=Hansen&Muller2009,Recomputed as ln(mean_larcenist/mean_control) from deposited group means; 1 deposited effect(s) aggregated to one cluster effect at within-cluster correlation rho_w=1. Secondary analysis of a deposited table; not an independent extraction from the primary article.,-1.758650311,0.48039377,reported_effect,HF_larceny_female_lrr_comparative
LGF_Hazlehurst&Karubian_2016,Hazlehurst&Karubian_2016,Hazlehurst&Karubian_2016,,Oreocallis_grandiflora,H_to_fitness,H,nectar_larceny,female_reproductive_success,comparative,reported_effect,log_response_ratio,0.01849282832,0.01593950927,,,,,,,,,,,,,positive_is_more_declared_trait_more_declared_outcome,true,eligible_for_quantitative_synthesis,deposited_effect_size_table_of_published_synthesis,https://github.com/lacaleal/Meta-analysis_larcenists@04663ff895b300fc957c4a32f661e5f73ca95217:complete_hedges.csv rows[sample]=94;95; synthesis_doi=10.1002/ecy.70036; primary_study_label=Hazlehurst&Karubian_2016,Recomputed as ln(mean_larcenist/mean_control) from deposited group means; 2 deposited effect(s) aggregated to one cluster effect at within-cluster correlation rho_w=1. Secondary analysis of a deposited table; not an independent extraction from the primary article.,0.01849282832,0.01593950927,reported_effect,HF_larceny_female_lrr_comparative
LGF_Heillingetal_2018,Heillingetal_2018,Heillingetal_2018,,Corydalis_caseana,H_to_fitness,H,nectar_larceny,female_reproductive_success,comparative,reported_effect,log_response_ratio,-0.01287957601,0.04064039669,,,,,,,,,,,,,positive_is_more_declared_trait_more_declared_outcome,true,eligible_for_quantitative_synthesis,deposited_effect_size_table_of_published_synthesis,https://github.com/lacaleal/Meta-analysis_larcenists@04663ff895b300fc957c4a32f661e5f73ca95217:complete_hedges.csv rows[sample]=100;101;102;103; synthesis_doi=10.1002/ecy.70036; primary_study_label=Heillingetal_2018,Recomputed as ln(mean_larcenist/mean_control) from deposited group means; 4 deposited effect(s) aggregated to one cluster effect at within-cluster correlation rho_w=1. Secondary analysis of a deposited table; not an independent extraction from the primary article.,-0.01287957601,0.04064039669,reported_effect,HF_larceny_female_lrr_comparative
LGF_Higashietal,Higashietal,Higashietal,,Corydalis_ambigua,H_to_fitness,H,nectar_larceny,female_reproductive_success,comparative,reported_effect,log_response_ratio,-0.9514381196,0.1126901991,,,,,,,,,,,,,positive_is_more_declared_trait_more_declared_outcome,true,eligible_for_quantitative_synthesis,deposited_effect_size_table_of_published_synthesis,https://github.com/lacaleal/Meta-analysis_larcenists@04663ff895b300fc957c4a32f661e5f73ca95217:complete_hedges.csv rows[sample]=104; synthesis_doi=10.1002/ecy.70036; primary_study_label=Higashietal,Recomputed as ln(mean_larcenist/mean_control) from deposited group means; 1 deposited effect(s) aggregated to one cluster effect at within-cluster correlation rho_w=1. Secondary analysis of a deposited table; not an independent extraction from the primary article.,-0.9514381196,0.1126901991,reported_effect,HF_larceny_female_lrr_comparative
LGF_Irwin&Brody1999,Irwin&Brody1999,Irwin&Brody1999,,Ipomopis_aggregata,H_to_fitness,H,nectar_larceny,female_reproductive_success,comparative,reported_effect,log_response_ratio,-0.1161148324,0.02172720356,,,,,,,,,,,,,positive_is_more_declared_trait_more_declared_outcome,true,eligible_for_quantitative_synthesis,deposited_effect_size_table_of_published_synthesis,https://github.com/lacaleal/Meta-analysis_larcenists@04663ff895b300fc957c4a32f661e5f73ca95217:complete_hedges.csv rows[sample]=240;241;242;243;245;246;247;248; synthesis_doi=10.1002/ecy.70036; primary_study_label=Irwin&Brody1999,Recomputed as ln(mean_larcenist/mean_control) from deposited group means; 8 deposited effect(s) aggregated to one cluster effect at within-cluster correlation rho_w=1. Secondary analysis of a deposited table; not an independent extraction from the primary article.,-0.1161148324,0.02172720356,reported_effect,HF_larceny_female_lrr_comparative
LGF_Irwin&Brody2000,Irwin&Brody2000,Irwin&Brody2000,,Ipomopis_aggregata,H_to_fitness,H,nectar_larceny,female_reproductive_success,comparative,reported_effect,log_response_ratio,0.7200061602,0.03379803745,,,,,,,,,,,,,positive_is_more_declared_trait_more_declared_outcome,true,eligible_for_quantitative_synthesis,deposited_effect_size_table_of_published_synthesis,https://github.com/lacaleal/Meta-analysis_larcenists@04663ff895b300fc957c4a32f661e5f73ca95217:complete_hedges.csv rows[sample]=106;107; synthesis_doi=10.1002/ecy.70036; primary_study_label=Irwin&Brody2000,Recomputed as ln(mean_larcenist/mean_control) from deposited group means; 2 deposited effect(s) aggregated to one cluster effect at within-cluster correlation rho_w=1. Secondary analysis of a deposited table; not an independent extraction from the primary article.,0.7200061602,0.03379803745,reported_effect,HF_larceny_female_lrr_comparative
LGF_Irwinetal2015,Irwinetal2015,Irwinetal2015,,Ipomopis_aggregata,H_to_fitness,H,nectar_larceny,female_reproductive_success,comparative,reported_effect,log_response_ratio,-0.7102273708,0.01224987685,,,,,,,,,,,,,positive_is_more_declared_trait_more_declared_outcome,true,eligible_for_quantitative_synthesis,deposited_effect_size_table_of_published_synthesis,https://github.com/lacaleal/Meta-analysis_larcenists@04663ff895b300fc957c4a32f661e5f73ca95217:complete_hedges.csv rows[sample]=249; synthesis_doi=10.1002/ecy.70036; primary_study_label=Irwinetal2015,Recomputed as ln(mean_larcenist/mean_control) from deposited group means; 1 deposited effect(s) aggregated to one cluster effect at within-cluster correlation rho_w=1. Secondary analysis of a deposited table; not an independent extraction from the primary article.,-0.7102273708,0.01224987685,reported_effect,HF_larceny_female_lrr_comparative
LGF_Irwinetal_2008,Irwinetal_2008,Irwinetal_2008,,Ipomopis_aggregata,H_to_fitness,H,nectar_larceny,female_reproductive_success,comparative,reported_effect,log_response_ratio,-0.6454920907,0.02484563508,,,,,,,,,,,,,positive_is_more_declared_trait_more_declared_outcome,true,eligible_for_quantitative_synthesis,deposited_effect_size_table_of_published_synthesis,https://github.com/lacaleal/Meta-analysis_larcenists@04663ff895b300fc957c4a32f661e5f73ca95217:complete_hedges.csv rows[sample]=251;252; synthesis_doi=10.1002/ecy.70036; primary_study_label=Irwinetal_2008,Recomputed as ln(mean_larcenist/mean_control) from deposited group means; 2 deposited effect(s) aggregated to one cluster effect at within-cluster correlation rho_w=1. Secondary analysis of a deposited table; not an independent extraction from the primary article.,-0.6454920907,0.02484563508,reported_effect,HF_larceny_female_lrr_comparative
LGF_Lara&Ornelas_2001,Lara&Ornelas_2001,Lara&Ornelas_2001,,Ipomea_hederifolia,H_to_fitness,H,nectar_larceny,female_reproductive_success,comparative,reported_effect,log_response_ratio,-0.1262937253,0.02195655146,,,,,,,,,,,,,positive_is_more_declared_trait_more_declared_outcome,true,eligible_for_quantitative_synthesis,deposited_effect_size_table_of_published_synthesis,https://github.com/lacaleal/Meta-analysis_larcenists@04663ff895b300fc957c4a32f661e5f73ca95217:complete_hedges.csv rows[sample]=113; synthesis_doi=10.1002/ecy.70036; primary_study_label=Lara&Ornelas_2001,Recomputed as ln(mean_larcenist/mean_control) from deposited group means; 1 deposited effect(s) aggregated to one cluster effect at within-cluster correlation rho_w=1. Secondary analysis of a deposited table; not an independent extraction from the primary article.,-0.1262937253,0.02195655146,reported_effect,HF_larceny_female_lrr_comparative
LGF_Lasso&Naranjo_2003,Lasso&Naranjo_2003,Lasso&Naranjo_2003,,Hamelia_patens,H_to_fitness,H,nectar_larceny,female_reproductive_success,comparative,reported_effect,log_response_ratio,-0.232419654,0.03240737363,,,,,,,,,,,,,positive_is_more_declared_trait_more_declared_outcome,true,eligible_for_quantitative_synthesis,deposited_effect_size_table_of_published_synthesis,https://github.com/lacaleal/Meta-analysis_larcenists@04663ff895b300fc957c4a32f661e5f73ca95217:complete_hedges.csv rows[sample]=114; synthesis_doi=10.1002/ecy.70036; primary_study_label=Lasso&Naranjo_2003,Recomputed as ln(mean_larcenist/mean_control) from deposited group means; 1 deposited effect(s) aggregated to one cluster effect at within-cluster correlation rho_w=1. Secondary analysis of a deposited table; not an independent extraction from the primary article.,-0.232419654,0.03240737363,reported_effect,HF_larceny_female_lrr_comparative
LGF_MacDade&Weeks2004,MacDade&Weeks2004,MacDade&Weeks2004,,Aphelandra_sinclairiana,H_to_fitness,H,nectar_larceny,female_reproductive_success,comparative,reported_effect,log_response_ratio,0.03390155168,0.06337437887,,,,,,,,,,,,,positive_is_more_declared_trait_more_declared_outcome,true,eligible_for_quantitative_synthesis,deposited_effect_size_table_of_published_synthesis,https://github.com/lacaleal/Meta-analysis_larcenists@04663ff895b300fc957c4a32f661e5f73ca95217:complete_hedges.csv rows[sample]=118; synthesis_doi=10.1002/ecy.70036; primary_study_label=MacDade&Weeks2004,Recomputed as ln(mean_larcenist/mean_control) from deposited group means; 1 deposited effect(s) aggregated to one cluster effect at within-cluster correlation rho_w=1. Secondary analysis of a deposited table; not an independent extraction from the primary article.,0.03390155168,0.06337437887,reported_effect,HF_larceny_female_lrr_comparative
LGF_Mackinetal_2021,Mackinetal_2021,Mackinetal_2021,,Digitalis_purpurea,H_to_fitness,H,nectar_larceny,female_reproductive_success,comparative,reported_effect,log_response_ratio,-0.4779026415,0.0176673525,,,,,,,,,,,,,positive_is_more_declared_trait_more_declared_outcome,true,eligible_for_quantitative_synthesis,deposited_effect_size_table_of_published_synthesis,https://github.com/lacaleal/Meta-analysis_larcenists@04663ff895b300fc957c4a32f661e5f73ca95217:complete_hedges.csv rows[sample]=119; synthesis_doi=10.1002/ecy.70036; primary_study_label=Mackinetal_2021,Recomputed as ln(mean_larcenist/mean_control) from deposited group means; 1 deposited effect(s) aggregated to one cluster effect at within-cluster correlation rho_w=1. Secondary analysis of a deposited table; not an independent extraction from the primary article.,-0.4779026415,0.0176673525,reported_effect,HF_larceny_female_lrr_comparative
LGF_Mallof_2001,Mallof_2001,Mallof_2001,,Corydalis_caseana,H_to_fitness,H,nectar_larceny,female_reproductive_success,comparative,reported_effect,log_response_ratio,0.1244827434,0.1155637445,,,,,,,,,,,,,positive_is_more_declared_trait_more_declared_outcome,true,eligible_for_quantitative_synthesis,deposited_effect_size_table_of_published_synthesis,https://github.com/lacaleal/Meta-analysis_larcenists@04663ff895b300fc957c4a32f661e5f73ca95217:complete_hedges.csv rows[sample]=256;257; synthesis_doi=10.1002/ecy.70036; primary_study_label=Mallof_2001,Recomputed as ln(mean_larcenist/mean_control) from deposited group means; 2 deposited effect(s) aggregated to one cluster effect at within-cluster correlation rho_w=1. Secondary analysis of a deposited table; not an independent extraction from the primary article.,0.1244827434,0.1155637445,reported_effect,HF_larceny_female_lrr_comparative
LGF_Mayeretal_2014,Mayeretal_2014,Mayeretal_2014,,Aconitum_napellus,H_to_fitness,H,nectar_larceny,female_reproductive_success,comparative,reported_effect,log_response_ratio,-0.03769290428,0.0292198806,,,,,,,,,,,,,positive_is_more_declared_trait_more_declared_outcome,true,eligible_for_quantitative_synthesis,deposited_effect_size_table_of_published_synthesis,https://github.com/lacaleal/Meta-analysis_larcenists@04663ff895b300fc957c4a32f661e5f73ca95217:complete_hedges.csv rows[sample]=131; synthesis_doi=10.1002/ecy.70036; primary_study_label=Mayeretal_2014,Recomputed as ln(mean_larcenist/mean_control) from deposited group means; 1 deposited effect(s) aggregated to one cluster effect at within-cluster correlation rho_w=1. Secondary analysis of a deposited table; not an independent extraction from the primary article.,-0.03769290428,0.0292198806,reported_effect,HF_larceny_female_lrr_comparative
LGF_McDonald&Caruso2019,McDonald&Caruso2019,McDonald&Caruso2019,,Impatiens_capensis,H_to_fitness,H,nectar_larceny,female_reproductive_success,comparative,reported_effect,log_response_ratio,-0.02559291505,0.02595926036,,,,,,,,,,,,,positive_is_more_declared_trait_more_declared_outcome,true,eligible_for_quantitative_synthesis,deposited_effect_size_table_of_published_synthesis,https://github.com/lacaleal/Meta-analysis_larcenists@04663ff895b300fc957c4a32f661e5f73ca95217:complete_hedges.csv rows[sample]=135;136; synthesis_doi=10.1002/ecy.70036; primary_study_label=McDonald&Caruso2019,Recomputed as ln(mean_larcenist/mean_control) from deposited group means; 2 deposited effect(s) aggregated to one cluster effect at within-cluster correlation rho_w=1. Secondary analysis of a deposited table; not an independent extraction from the primary article.,-0.02559291505,0.02595926036,reported_effect,HF_larceny_female_lrr_comparative
LGF_Morris_1996,Morris_1996,Morris_1996,,Mertensia_paniculata,H_to_fitness,H,nectar_larceny,female_reproductive_success,comparative,reported_effect,log_response_ratio,0.06605255474,0.1553536754,,,,,,,,,,,,,positive_is_more_declared_trait_more_declared_outcome,true,eligible_for_quantitative_synthesis,deposited_effect_size_table_of_published_synthesis,https://github.com/lacaleal/Meta-analysis_larcenists@04663ff895b300fc957c4a32f661e5f73ca95217:complete_hedges.csv rows[sample]=143;144;145; synthesis_doi=10.1002/ecy.70036; primary_study_label=Morris_1996,Recomputed as ln(mean_larcenist/mean_control) from deposited group means; 3 deposited effect(s) aggregated to one cluster effect at within-cluster correlation rho_w=1. Secondary analysis of a deposited table; not an independent extraction from the primary article.,0.06605255474,0.1553536754,reported_effect,HF_larceny_female_lrr_comparative
LGF_Pelayoetal2011,Pelayoetal2011,Pelayoetal2011,,Passiflora_mixta,H_to_fitness,H,nectar_larceny,female_reproductive_success,comparative,reported_effect,log_response_ratio,0.6228306821,0.2028976857,,,,,,,,,,,,,positive_is_more_declared_trait_more_declared_outcome,true,eligible_for_quantitative_synthesis,deposited_effect_size_table_of_published_synthesis,https://github.com/lacaleal/Meta-analysis_larcenists@04663ff895b300fc957c4a32f661e5f73ca95217:complete_hedges.csv rows[sample]=146; synthesis_doi=10.1002/ecy.70036; primary_study_label=Pelayoetal2011,Recomputed as ln(mean_larcenist/mean_control) from deposited group means; 1 deposited effect(s) aggregated to one cluster effect at within-cluster correlation rho_w=1. Secondary analysis of a deposited table; not an independent extraction from the primary article.,0.6228306821,0.2028976857,reported_effect,HF_larceny_female_lrr_comparative
LGF_Quinalhaetal2017,Quinalhaetal2017,Quinalhaetal2017,,Jacaranda_caroba,H_to_fitness,H,nectar_larceny,female_reproductive_success,comparative,reported_effect,log_response_ratio,-1.237800096,1.476056301,,,,,,,,,,,,,positive_is_more_declared_trait_more_declared_outcome,true,eligible_for_quantitative_synthesis,deposited_effect_size_table_of_published_synthesis,https://github.com/lacaleal/Meta-analysis_larcenists@04663ff895b300fc957c4a32f661e5f73ca95217:complete_hedges.csv rows[sample]=149; synthesis_doi=10.1002/ecy.70036; primary_study_label=Quinalhaetal2017,Recomputed as ln(mean_larcenist/mean_control) from deposited group means; 1 deposited effect(s) aggregated to one cluster effect at within-cluster correlation rho_w=1. Secondary analysis of a deposited table; not an independent extraction from the primary article.,-1.237800096,1.476056301,reported_effect,HF_larceny_female_lrr_comparative
LGF_Richardson_2004,Richardson_2004,Richardson_2004,,Chilopsis_linearis,H_to_fitness,H,nectar_larceny,female_reproductive_success,comparative,reported_effect,log_response_ratio,-1.223775432,1.215599301,,,,,,,,,,,,,positive_is_more_declared_trait_more_declared_outcome,true,eligible_for_quantitative_synthesis,deposited_effect_size_table_of_published_synthesis,https://github.com/lacaleal/Meta-analysis_larcenists@04663ff895b300fc957c4a32f661e5f73ca95217:complete_hedges.csv rows[sample]=150; synthesis_doi=10.1002/ecy.70036; primary_study_label=Richardson_2004,Recomputed as ln(mean_larcenist/mean_control) from deposited group means; 1 deposited effect(s) aggregated to one cluster effect at within-cluster correlation rho_w=1. Secondary analysis of a deposited table; not an independent extraction from the primary article.,-1.223775432,1.215599301,reported_effect,HF_larceny_female_lrr_comparative
LGF_Richmanetal_2018,Richmanetal_2018,Richmanetal_2018,,Ipomopis_aggregata,H_to_fitness,H,nectar_larceny,female_reproductive_success,comparative,reported_effect,log_response_ratio,-0.4795852347,0.1330616516,,,,,,,,,,,,,positive_is_more_declared_trait_more_declared_outcome,true,eligible_for_quantitative_synthesis,deposited_effect_size_table_of_published_synthesis,https://github.com/lacaleal/Meta-analysis_larcenists@04663ff895b300fc957c4a32f661e5f73ca95217:complete_hedges.csv rows[sample]=154;155;156;157;158;161;163;165; synthesis_doi=10.1002/ecy.70036; primary_study_label=Richmanetal_2018,Recomputed as ln(mean_larcenist/mean_control) from deposited group means; 8 deposited effect(s) aggregated to one cluster effect at within-cluster correlation rho_w=1. Secondary analysis of a deposited table; not an independent extraction from the primary article.,-0.4795852347,0.1330616516,reported_effect,HF_larceny_female_lrr_comparative
LGF_Rojas-Nossaetal2016,Rojas-Nossaetal2016,Rojas-Nossaetal2016,,Lonicera_etrusca,H_to_fitness,H,nectar_larceny,female_reproductive_success,comparative,reported_effect,log_response_ratio,-0.9940679914,0.008569969518,,,,,,,,,,,,,positive_is_more_declared_trait_more_declared_outcome,true,eligible_for_quantitative_synthesis,deposited_effect_size_table_of_published_synthesis,https://github.com/lacaleal/Meta-analysis_larcenists@04663ff895b300fc957c4a32f661e5f73ca95217:complete_hedges.csv rows[sample]=166;168; synthesis_doi=10.1002/ecy.70036; primary_study_label=Rojas-Nossaetal2016,Recomputed as ln(mean_larcenist/mean_control) from deposited group means; 2 deposited effect(s) aggregated to one cluster effect at within-cluster correlation rho_w=1. Secondary analysis of a deposited table; not an independent extraction from the primary article.,-0.9940679914,0.008569969518,reported_effect,HF_larceny_female_lrr_comparative
LGF_Santosetal2020,Santosetal2020,Santosetal2020,,Tecoma_stans,H_to_fitness,H,nectar_larceny,female_reproductive_success,comparative,reported_effect,log_response_ratio,0.009779329144,0.1134645534,,,,,,,,,,,,,positive_is_more_declared_trait_more_declared_outcome,true,eligible_for_quantitative_synthesis,deposited_effect_size_table_of_published_synthesis,https://github.com/lacaleal/Meta-analysis_larcenists@04663ff895b300fc957c4a32f661e5f73ca95217:complete_hedges.csv rows[sample]=170;171;172;173; synthesis_doi=10.1002/ecy.70036; primary_study_label=Santosetal2020,Recomputed as ln(mean_larcenist/mean_control) from deposited group means; 4 deposited effect(s) aggregated to one cluster effect at within-cluster correlation rho_w=1. Secondary analysis of a deposited table; not an independent extraction from the primary article.,0.009779329144,0.1134645534,reported_effect,HF_larceny_female_lrr_comparative
LGF_Tameles&Pan_2022,Tameles&Pan_2022,Tameles&Pan_2022,,Impatiens_capensis,H_to_fitness,H,nectar_larceny,female_reproductive_success,comparative,reported_effect,log_response_ratio,-0.02919915469,0.2125025012,,,,,,,,,,,,,positive_is_more_declared_trait_more_declared_outcome,true,eligible_for_quantitative_synthesis,deposited_effect_size_table_of_published_synthesis,https://github.com/lacaleal/Meta-analysis_larcenists@04663ff895b300fc957c4a32f661e5f73ca95217:complete_hedges.csv rows[sample]=184; synthesis_doi=10.1002/ecy.70036; primary_study_label=Tameles&Pan_2022,Recomputed as ln(mean_larcenist/mean_control) from deposited group means; 1 deposited effect(s) aggregated to one cluster effect at within-cluster correlation rho_w=1. Secondary analysis of a deposited table; not an independent extraction from the primary article.,-0.02919915469,0.2125025012,reported_effect,HF_larceny_female_lrr_comparative
LGF_Travesetetal1998,Travesetetal1998,Travesetetal1998,,Fuchsia_magellanica,H_to_fitness,H,nectar_larceny,female_reproductive_success,comparative,reported_effect,log_response_ratio,-0.2231435513,0.05499888699,,,,,,,,,,,,,positive_is_more_declared_trait_more_declared_outcome,true,eligible_for_quantitative_synthesis,deposited_effect_size_table_of_published_synthesis,https://github.com/lacaleal/Meta-analysis_larcenists@04663ff895b300fc957c4a32f661e5f73ca95217:complete_hedges.csv rows[sample]=186; synthesis_doi=10.1002/ecy.70036; primary_study_label=Travesetetal1998,Recomputed as ln(mean_larcenist/mean_control) from deposited group means; 1 deposited effect(s) aggregated to one cluster effect at within-cluster correlation rho_w=1. Secondary analysis of a deposited table; not an independent extraction from the primary article.,-0.2231435513,0.05499888699,reported_effect,HF_larceny_female_lrr_comparative
LGF_Utelli&Roy2001,Utelli&Roy2001,Utelli&Roy2001,,Aconitum_lycoctonum,H_to_fitness,H,nectar_larceny,female_reproductive_success,comparative,reported_effect,log_response_ratio,0.04178296606,0.1121623755,,,,,,,,,,,,,positive_is_more_declared_trait_more_declared_outcome,true,eligible_for_quantitative_synthesis,deposited_effect_size_table_of_published_synthesis,https://github.com/lacaleal/Meta-analysis_larcenists@04663ff895b300fc957c4a32f661e5f73ca95217:complete_hedges.csv rows[sample]=187;188;189; synthesis_doi=10.1002/ecy.70036; primary_study_label=Utelli&Roy2001,Recomputed as ln(mean_larcenist/mean_control) from deposited group means; 3 deposited effect(s) aggregated to one cluster effect at within-cluster correlation rho_w=1. Secondary analysis of a deposited table; not an independent extraction from the primary article.,0.04178296606,0.1121623755,reported_effect,HF_larceny_female_lrr_comparative
LGF_Valdivia&Gonzalez-Gomes_2006,Valdivia&Gonzalez-Gomes_2006,Valdivia&Gonzalez-Gomes_2006,,Lapageria_rosea,H_to_fitness,H,nectar_larceny,female_reproductive_success,comparative,reported_effect,log_response_ratio,-0.303186259,0.2102129271,,,,,,,,,,,,,positive_is_more_declared_trait_more_declared_outcome,true,eligible_for_quantitative_synthesis,deposited_effect_size_table_of_published_synthesis,https://github.com/lacaleal/Meta-analysis_larcenists@04663ff895b300fc957c4a32f661e5f73ca95217:complete_hedges.csv rows[sample]=190; synthesis_doi=10.1002/ecy.70036; primary_study_label=Valdivia&Gonzalez-Gomes_2006,Recomputed as ln(mean_larcenist/mean_control) from deposited group means; 1 deposited effect(s) aggregated to one cluster effect at within-cluster correlation rho_w=1. Secondary analysis of a deposited table; not an independent extraction from the primary article.,-0.303186259,0.2102129271,reported_effect,HF_larceny_female_lrr_comparative
LGF_Varma&Sinu2019,Varma&Sinu2019,Varma&Sinu2019,,multiple_species:2,H_to_fitness,H,nectar_larceny,female_reproductive_success,comparative,reported_effect,log_response_ratio,0.02525833749,0.3286546445,,,,,,,,,,,,,positive_is_more_declared_trait_more_declared_outcome,true,eligible_for_quantitative_synthesis,deposited_effect_size_table_of_published_synthesis,https://github.com/lacaleal/Meta-analysis_larcenists@04663ff895b300fc957c4a32f661e5f73ca95217:complete_hedges.csv rows[sample]=192;193;194;195; synthesis_doi=10.1002/ecy.70036; primary_study_label=Varma&Sinu2019,Recomputed as ln(mean_larcenist/mean_control) from deposited group means; 4 deposited effect(s) aggregated to one cluster effect at within-cluster correlation rho_w=1. Secondary analysis of a deposited table; not an independent extraction from the primary article.,0.02525833749,0.3286546445,reported_effect,HF_larceny_female_lrr_comparative
LGF_Varmaetal2020,Varmaetal2020,Varmaetal2020,,Leucas_aspera,H_to_fitness,H,nectar_larceny,female_reproductive_success,comparative,reported_effect,log_response_ratio,-0.0473589844,0.04902377633,,,,,,,,,,,,,positive_is_more_declared_trait_more_declared_outcome,true,eligible_for_quantitative_synthesis,deposited_effect_size_table_of_published_synthesis,https://github.com/lacaleal/Meta-analysis_larcenists@04663ff895b300fc957c4a32f661e5f73ca95217:complete_hedges.csv rows[sample]=196;197;198; synthesis_doi=10.1002/ecy.70036; primary_study_label=Varmaetal2020,Recomputed as ln(mean_larcenist/mean_control) from deposited group means; 3 deposited effect(s) aggregated to one cluster effect at within-cluster correlation rho_w=1. Secondary analysis of a deposited table; not an independent extraction from the primary article.,-0.0473589844,0.04902377633,reported_effect,HF_larceny_female_lrr_comparative
LGF_Zhangetal2009a,Zhangetal2009a,Zhangetal2009a,,multiple_species:4,H_to_fitness,H,nectar_larceny,female_reproductive_success,comparative,reported_effect,log_response_ratio,-0.09132983381,0.1100716834,,,,,,,,,,,,,positive_is_more_declared_trait_more_declared_outcome,true,eligible_for_quantitative_synthesis,deposited_effect_size_table_of_published_synthesis,https://github.com/lacaleal/Meta-analysis_larcenists@04663ff895b300fc957c4a32f661e5f73ca95217:complete_hedges.csv rows[sample]=229;230;231;232;233; synthesis_doi=10.1002/ecy.70036; primary_study_label=Zhangetal2009a,Recomputed as ln(mean_larcenist/mean_control) from deposited group means; 5 deposited effect(s) aggregated to one cluster effect at within-cluster correlation rho_w=1. Secondary analysis of a deposited table; not an independent extraction from the primary article.,-0.09132983381,0.1100716834,reported_effect,HF_larceny_female_lrr_comparative
LGF_Zhangetal2011,Zhangetal2011,Zhangetal2011,,Comastoma_pulmonarium,H_to_fitness,H,nectar_larceny,female_reproductive_success,comparative,reported_effect,log_response_ratio,-0.09498204052,0.09096487717,,,,,,,,,,,,,positive_is_more_declared_trait_more_declared_outcome,true,eligible_for_quantitative_synthesis,deposited_effect_size_table_of_published_synthesis,https://github.com/lacaleal/Meta-analysis_larcenists@04663ff895b300fc957c4a32f661e5f73ca95217:complete_hedges.csv rows[sample]=234;235;236;237; synthesis_doi=10.1002/ecy.70036; primary_study_label=Zhangetal2011,Recomputed as ln(mean_larcenist/mean_control) from deposited group means; 4 deposited effect(s) aggregated to one cluster effect at within-cluster correlation rho_w=1. Secondary analysis of a deposited table; not an independent extraction from the primary article.,-0.09498204052,0.09096487717,reported_effect,HF_larceny_female_lrr_comparative
LGF_Zhangetal_2010a,Zhangetal_2010a,Zhangetal_2010a,,Glechoma_longituba,H_to_fitness,H,nectar_larceny,female_reproductive_success,comparative,reported_effect,log_response_ratio,-0.1982886883,0.4482335299,,,,,,,,,,,,,positive_is_more_declared_trait_more_declared_outcome,true,eligible_for_quantitative_synthesis,deposited_effect_size_table_of_published_synthesis,https://github.com/lacaleal/Meta-analysis_larcenists@04663ff895b300fc957c4a32f661e5f73ca95217:complete_hedges.csv rows[sample]=213;214;215;216;217;218; synthesis_doi=10.1002/ecy.70036; primary_study_label=Zhangetal_2010a,Recomputed as ln(mean_larcenist/mean_control) from deposited group means; 6 deposited effect(s) aggregated to one cluster effect at within-cluster correlation rho_w=1. Secondary analysis of a deposited table; not an independent extraction from the primary article.,-0.1982886883,0.4482335299,reported_effect,HF_larceny_female_lrr_comparative
LGF_Zhangetal_2014,Zhangetal_2014,Zhangetal_2014,,Corydalis_ambigua,H_to_fitness,H,nectar_larceny,female_reproductive_success,comparative,reported_effect,log_response_ratio,-0.3129950976,0.09793055135,,,,,,,,,,,,,positive_is_more_declared_trait_more_declared_outcome,true,eligible_for_quantitative_synthesis,deposited_effect_size_table_of_published_synthesis,https://github.com/lacaleal/Meta-analysis_larcenists@04663ff895b300fc957c4a32f661e5f73ca95217:complete_hedges.csv rows[sample]=221; synthesis_doi=10.1002/ecy.70036; primary_study_label=Zhangetal_2014,Recomputed as ln(mean_larcenist/mean_control) from deposited group means; 1 deposited effect(s) aggregated to one cluster effect at within-cluster correlation rho_w=1. Secondary analysis of a deposited table; not an independent extraction from the primary article.,-0.3129950976,0.09793055135,reported_effect,HF_larceny_female_lrr_comparative
LGP_Caballeroetal_2013,Caballeroetal_2013,Caballeroetal_2013,,Tristerix_aphyllus,H_to_pollination,H,nectar_larceny,visitation_rate,comparative,reported_effect,log_response_ratio,-0.09709245997,0.1760991375,,,,,,,,,,,,,positive_is_more_declared_trait_more_declared_outcome,true,eligible_for_quantitative_synthesis,deposited_effect_size_table_of_published_synthesis,https://github.com/lacaleal/Meta-analysis_larcenists@04663ff895b300fc957c4a32f661e5f73ca95217:complete_hedges.csv rows[sample]=25;27; synthesis_doi=10.1002/ecy.70036; primary_study_label=Caballeroetal_2013,Recomputed as ln(mean_larcenist/mean_control) from deposited group means; 2 deposited effect(s) aggregated to one cluster effect at within-cluster correlation rho_w=1. Secondary analysis of a deposited table; not an independent extraction from the primary article.,-0.09709245997,0.1760991375,reported_effect,HP_larceny_visitation_lrr_comparative
LGP_Cuevas&Guerrero_2016,Cuevas&Guerrero_2016,Cuevas&Guerrero_2016,,Salvia_gesnerifolia,H_to_pollination,H,nectar_larceny,visitation_rate,comparative,reported_effect,log_response_ratio,1.098612289,0.3318724059,,,,,,,,,,,,,positive_is_more_declared_trait_more_declared_outcome,true,eligible_for_quantitative_synthesis,deposited_effect_size_table_of_published_synthesis,https://github.com/lacaleal/Meta-analysis_larcenists@04663ff895b300fc957c4a32f661e5f73ca95217:complete_hedges.csv rows[sample]=56; synthesis_doi=10.1002/ecy.70036; primary_study_label=Cuevas&Guerrero_2016,Recomputed as ln(mean_larcenist/mean_control) from deposited group means; 1 deposited effect(s) aggregated to one cluster effect at within-cluster correlation rho_w=1. Secondary analysis of a deposited table; not an independent extraction from the primary article.,1.098612289,0.3318724059,reported_effect,HP_larceny_visitation_lrr_comparative
LGP_Dengetal_2015,Dengetal_2015,Dengetal_2015,,Alpinia_roxburghii,H_to_pollination,H,nectar_larceny,visitation_rate,comparative,reported_effect,log_response_ratio,-0.4119760648,0.3051999031,,,,,,,,,,,,,positive_is_more_declared_trait_more_declared_outcome,true,eligible_for_quantitative_synthesis,deposited_effect_size_table_of_published_synthesis,https://github.com/lacaleal/Meta-analysis_larcenists@04663ff895b300fc957c4a32f661e5f73ca95217:complete_hedges.csv rows[sample]=262;66;67; synthesis_doi=10.1002/ecy.70036; primary_study_label=Dengetal_2015,Recomputed as ln(mean_larcenist/mean_control) from deposited group means; 3 deposited effect(s) aggregated to one cluster effect at within-cluster correlation rho_w=1. Secondary analysis of a deposited table; not an independent extraction from the primary article.,-0.4119760648,0.3051999031,reported_effect,HP_larceny_visitation_lrr_comparative
LGP_Fumero-Caban&Melendez-Ackerman_2013,Fumero-Caban&Melendez-Ackerman_2013,Fumero-Caban&Melendez-Ackerman_2013,,Pitcairnia_augustifolia,H_to_pollination,H,nectar_larceny,visitation_rate,comparative,reported_effect,log_response_ratio,-1.111828917,0.07850799602,,,,,,,,,,,,,positive_is_more_declared_trait_more_declared_outcome,true,eligible_for_quantitative_synthesis,deposited_effect_size_table_of_published_synthesis,https://github.com/lacaleal/Meta-analysis_larcenists@04663ff895b300fc957c4a32f661e5f73ca95217:complete_hedges.csv rows[sample]=77;78; synthesis_doi=10.1002/ecy.70036; primary_study_label=Fumero-Caban&Melendez-Ackerman_2013,Recomputed as ln(mean_larcenist/mean_control) from deposited group means; 2 deposited effect(s) aggregated to one cluster effect at within-cluster correlation rho_w=1. Secondary analysis of a deposited table; not an independent extraction from the primary article.,-1.111828917,0.07850799602,reported_effect,HP_larceny_visitation_lrr_comparative
LGP_Hazlehurst&Karubian_2016,Hazlehurst&Karubian_2016,Hazlehurst&Karubian_2016,,Oreocallis_grandiflora,H_to_pollination,H,nectar_larceny,visitation_rate,comparative,reported_effect,log_response_ratio,0.7025369209,0.8279159008,,,,,,,,,,,,,positive_is_more_declared_trait_more_declared_outcome,true,eligible_for_quantitative_synthesis,deposited_effect_size_table_of_published_synthesis,https://github.com/lacaleal/Meta-analysis_larcenists@04663ff895b300fc957c4a32f661e5f73ca95217:complete_hedges.csv rows[sample]=96; synthesis_doi=10.1002/ecy.70036; primary_study_label=Hazlehurst&Karubian_2016,Recomputed as ln(mean_larcenist/mean_control) from deposited group means; 1 deposited effect(s) aggregated to one cluster effect at within-cluster correlation rho_w=1. Secondary analysis of a deposited table; not an independent extraction from the primary article.,0.7025369209,0.8279159008,reported_effect,HP_larceny_visitation_lrr_comparative
LGP_Heillingetal_2018,Heillingetal_2018,Heillingetal_2018,,Corydalis_caseana,H_to_pollination,H,nectar_larceny,visitation_rate,comparative,reported_effect,log_response_ratio,-0.3085859067,0.4715244584,,,,,,,,,,,,,positive_is_more_declared_trait_more_declared_outcome,true,eligible_for_quantitative_synthesis,deposited_effect_size_table_of_published_synthesis,https://github.com/lacaleal/Meta-analysis_larcenists@04663ff895b300fc957c4a32f661e5f73ca95217:complete_hedges.csv rows[sample]=97;98;99; synthesis_doi=10.1002/ecy.70036; primary_study_label=Heillingetal_2018,Recomputed as ln(mean_larcenist/mean_control) from deposited group means; 3 deposited effect(s) aggregated to one cluster effect at within-cluster correlation rho_w=1. Secondary analysis of a deposited table; not an independent extraction from the primary article.,-0.3085859067,0.4715244584,reported_effect,HP_larceny_visitation_lrr_comparative
LGP_Irwin&Brody2000,Irwin&Brody2000,Irwin&Brody2000,,Ipomopis_aggregata,H_to_pollination,H,nectar_larceny,visitation_rate,comparative,reported_effect,log_response_ratio,0.2646925542,0.02619850662,,,,,,,,,,,,,positive_is_more_declared_trait_more_declared_outcome,true,eligible_for_quantitative_synthesis,deposited_effect_size_table_of_published_synthesis,https://github.com/lacaleal/Meta-analysis_larcenists@04663ff895b300fc957c4a32f661e5f73ca95217:complete_hedges.csv rows[sample]=105; synthesis_doi=10.1002/ecy.70036; primary_study_label=Irwin&Brody2000,Recomputed as ln(mean_larcenist/mean_control) from deposited group means; 1 deposited effect(s) aggregated to one cluster effect at within-cluster correlation rho_w=1. Secondary analysis of a deposited table; not an independent extraction from the primary article.,0.2646925542,0.02619850662,reported_effect,HP_larceny_visitation_lrr_comparative
LGP_Lara&Ornelas_2001,Lara&Ornelas_2001,Lara&Ornelas_2001,,Moussonia_deppeana,H_to_pollination,H,nectar_larceny,visitation_rate,comparative,reported_effect,log_response_ratio,-0.2231435513,0.04196434102,,,,,,,,,,,,,positive_is_more_declared_trait_more_declared_outcome,true,eligible_for_quantitative_synthesis,deposited_effect_size_table_of_published_synthesis,https://github.com/lacaleal/Meta-analysis_larcenists@04663ff895b300fc957c4a32f661e5f73ca95217:complete_hedges.csv rows[sample]=112; synthesis_doi=10.1002/ecy.70036; primary_study_label=Lara&Ornelas_2001,Recomputed as ln(mean_larcenist/mean_control) from deposited group means; 1 deposited effect(s) aggregated to one cluster effect at within-cluster correlation rho_w=1. Secondary analysis of a deposited table; not an independent extraction from the primary article.,-0.2231435513,0.04196434102,reported_effect,HP_larceny_visitation_lrr_comparative
LGP_Lietal_2021,Lietal_2021,Lietal_2021,,Impatiens_oxyanthera,H_to_pollination,H,nectar_larceny,visitation_rate,comparative,reported_effect,log_response_ratio,-0.9903793387,0.1773818999,,,,,,,,,,,,,positive_is_more_declared_trait_more_declared_outcome,true,eligible_for_quantitative_synthesis,deposited_effect_size_table_of_published_synthesis,https://github.com/lacaleal/Meta-analysis_larcenists@04663ff895b300fc957c4a32f661e5f73ca95217:complete_hedges.csv rows[sample]=116;117; synthesis_doi=10.1002/ecy.70036; primary_study_label=Lietal_2021,Recomputed as ln(mean_larcenist/mean_control) from deposited group means; 2 deposited effect(s) aggregated to one cluster effect at within-cluster correlation rho_w=1. Secondary analysis of a deposited table; not an independent extraction from the primary article.,-0.9903793387,0.1773818999,reported_effect,HP_larceny_visitation_lrr_comparative
LGP_Mackinetal_2021,Mackinetal_2021,Mackinetal_2021,,Digitalis_purpurea,H_to_pollination,H,nectar_larceny,visitation_rate,comparative,reported_effect,log_response_ratio,0.1712957773,0.1080484509,,,,,,,,,,,,,positive_is_more_declared_trait_more_declared_outcome,true,eligible_for_quantitative_synthesis,deposited_effect_size_table_of_published_synthesis,https://github.com/lacaleal/Meta-analysis_larcenists@04663ff895b300fc957c4a32f661e5f73ca95217:complete_hedges.csv rows[sample]=120;121;123;124;125; synthesis_doi=10.1002/ecy.70036; primary_study_label=Mackinetal_2021,Recomputed as ln(mean_larcenist/mean_control) from deposited group means; 5 deposited effect(s) aggregated to one cluster effect at within-cluster correlation rho_w=1. Secondary analysis of a deposited table; not an independent extraction from the primary article.,0.1712957773,0.1080484509,reported_effect,HP_larceny_visitation_lrr_comparative
LGP_Mallof_2001,Mallof_2001,Mallof_2001,,Corydalis_caseana,H_to_pollination,H,nectar_larceny,visitation_rate,comparative,reported_effect,log_response_ratio,0.4212134651,0.02499649653,,,,,,,,,,,,,positive_is_more_declared_trait_more_declared_outcome,true,eligible_for_quantitative_synthesis,deposited_effect_size_table_of_published_synthesis,https://github.com/lacaleal/Meta-analysis_larcenists@04663ff895b300fc957c4a32f661e5f73ca95217:complete_hedges.csv rows[sample]=258; synthesis_doi=10.1002/ecy.70036; primary_study_label=Mallof_2001,Recomputed as ln(mean_larcenist/mean_control) from deposited group means; 1 deposited effect(s) aggregated to one cluster effect at within-cluster correlation rho_w=1. Secondary analysis of a deposited table; not an independent extraction from the primary article.,0.4212134651,0.02499649653,reported_effect,HP_larceny_visitation_lrr_comparative
LGP_Mayeretal_2014,Mayeretal_2014,Mayeretal_2014,,Aconitum_napellus,H_to_pollination,H,nectar_larceny,visitation_rate,comparative,reported_effect,log_response_ratio,0.1149598683,0.4380171677,,,,,,,,,,,,,positive_is_more_declared_trait_more_declared_outcome,true,eligible_for_quantitative_synthesis,deposited_effect_size_table_of_published_synthesis,https://github.com/lacaleal/Meta-analysis_larcenists@04663ff895b300fc957c4a32f661e5f73ca95217:complete_hedges.csv rows[sample]=127;128;129;130;132;133;134; synthesis_doi=10.1002/ecy.70036; primary_study_label=Mayeretal_2014,Recomputed as ln(mean_larcenist/mean_control) from deposited group means; 7 deposited effect(s) aggregated to one cluster effect at within-cluster correlation rho_w=1. Secondary analysis of a deposited table; not an independent extraction from the primary article.,0.1149598683,0.4380171677,reported_effect,HP_larceny_visitation_lrr_comparative
LGP_Milet-Pinheiro&Schlindwein_2009,Milet-Pinheiro&Schlindwein_2009,Milet-Pinheiro&Schlindwein_2009,,Jacaranda_rugosa,H_to_pollination,H,nectar_larceny,visitation_rate,comparative,reported_effect,log_response_ratio,-0.8846853925,0.0970877208,,,,,,,,,,,,,positive_is_more_declared_trait_more_declared_outcome,true,eligible_for_quantitative_synthesis,deposited_effect_size_table_of_published_synthesis,https://github.com/lacaleal/Meta-analysis_larcenists@04663ff895b300fc957c4a32f661e5f73ca95217:complete_hedges.csv rows[sample]=137; synthesis_doi=10.1002/ecy.70036; primary_study_label=Milet-Pinheiro&Schlindwein_2009,Recomputed as ln(mean_larcenist/mean_control) from deposited group means; 1 deposited effect(s) aggregated to one cluster effect at within-cluster correlation rho_w=1. Secondary analysis of a deposited table; not an independent extraction from the primary article.,-0.8846853925,0.0970877208,reported_effect,HP_larceny_visitation_lrr_comparative
LGP_Missagia&Alves2017,Missagia&Alves2017,Missagia&Alves2017,,Heliconia_spathocircinata,H_to_pollination,H,nectar_larceny,visitation_rate,comparative,reported_effect,log_response_ratio,-1.421573349,0.6179380836,,,,,,,,,,,,,positive_is_more_declared_trait_more_declared_outcome,true,eligible_for_quantitative_synthesis,deposited_effect_size_table_of_published_synthesis,https://github.com/lacaleal/Meta-analysis_larcenists@04663ff895b300fc957c4a32f661e5f73ca95217:complete_hedges.csv rows[sample]=138;139;140; synthesis_doi=10.1002/ecy.70036; primary_study_label=Missagia&Alves2017,Recomputed as ln(mean_larcenist/mean_control) from deposited group means; 3 deposited effect(s) aggregated to one cluster effect at within-cluster correlation rho_w=1. Secondary analysis of a deposited table; not an independent extraction from the primary article.,-1.421573349,0.6179380836,reported_effect,HP_larceny_visitation_lrr_comparative
LGP_Richmanetal_2018,Richmanetal_2018,Richmanetal_2018,,Ipomopis_aggregata,H_to_pollination,H,nectar_larceny,visitation_rate,comparative,reported_effect,log_response_ratio,-0.296781,0.2095106728,,,,,,,,,,,,,positive_is_more_declared_trait_more_declared_outcome,true,eligible_for_quantitative_synthesis,deposited_effect_size_table_of_published_synthesis,https://github.com/lacaleal/Meta-analysis_larcenists@04663ff895b300fc957c4a32f661e5f73ca95217:complete_hedges.csv rows[sample]=159;160;162;164; synthesis_doi=10.1002/ecy.70036; primary_study_label=Richmanetal_2018,Recomputed as ln(mean_larcenist/mean_control) from deposited group means; 4 deposited effect(s) aggregated to one cluster effect at within-cluster correlation rho_w=1. Secondary analysis of a deposited table; not an independent extraction from the primary article.,-0.296781,0.2095106728,reported_effect,HP_larceny_visitation_lrr_comparative
LGP_Singhetal_2014,Singhetal_2014,Singhetal_2014,,Tecomella_undulata,H_to_pollination,H,nectar_larceny,visitation_rate,comparative,reported_effect,log_response_ratio,-0.4221978082,0.08290735629,,,,,,,,,,,,,positive_is_more_declared_trait_more_declared_outcome,true,eligible_for_quantitative_synthesis,deposited_effect_size_table_of_published_synthesis,https://github.com/lacaleal/Meta-analysis_larcenists@04663ff895b300fc957c4a32f661e5f73ca95217:complete_hedges.csv rows[sample]=174;176;177; synthesis_doi=10.1002/ecy.70036; primary_study_label=Singhetal_2014,Recomputed as ln(mean_larcenist/mean_control) from deposited group means; 3 deposited effect(s) aggregated to one cluster effect at within-cluster correlation rho_w=1. Secondary analysis of a deposited table; not an independent extraction from the primary article.,-0.4221978082,0.08290735629,reported_effect,HP_larceny_visitation_lrr_comparative
LGP_Takedaetal_2021,Takedaetal_2021,Takedaetal_2021,,Codonopsis_lanceolata,H_to_pollination,H,nectar_larceny,visitation_rate,comparative,reported_effect,log_response_ratio,0.1302532435,0.2419351564,,,,,,,,,,,,,positive_is_more_declared_trait_more_declared_outcome,true,eligible_for_quantitative_synthesis,deposited_effect_size_table_of_published_synthesis,https://github.com/lacaleal/Meta-analysis_larcenists@04663ff895b300fc957c4a32f661e5f73ca95217:complete_hedges.csv rows[sample]=179;180; synthesis_doi=10.1002/ecy.70036; primary_study_label=Takedaetal_2021,Recomputed as ln(mean_larcenist/mean_control) from deposited group means; 2 deposited effect(s) aggregated to one cluster effect at within-cluster correlation rho_w=1. Secondary analysis of a deposited table; not an independent extraction from the primary article.,0.1302532435,0.2419351564,reported_effect,HP_larceny_visitation_lrr_comparative
LGP_Yeetal_2017,Yeetal_2017,Yeetal_2017,,Salvia_przewalskii,H_to_pollination,H,nectar_larceny,visitation_rate,comparative,reported_effect,log_response_ratio,0.3814100735,0.3082263209,,,,,,,,,,,,,positive_is_more_declared_trait_more_declared_outcome,true,eligible_for_quantitative_synthesis,deposited_effect_size_table_of_published_synthesis,https://github.com/lacaleal/Meta-analysis_larcenists@04663ff895b300fc957c4a32f661e5f73ca95217:complete_hedges.csv rows[sample]=200;201; synthesis_doi=10.1002/ecy.70036; primary_study_label=Yeetal_2017,Recomputed as ln(mean_larcenist/mean_control) from deposited group means; 2 deposited effect(s) aggregated to one cluster effect at within-cluster correlation rho_w=1. Secondary analysis of a deposited table; not an independent extraction from the primary article.,0.3814100735,0.3082263209,reported_effect,HP_larceny_visitation_lrr_comparative
LGP_Zhangetal_2009b,Zhangetal_2009b,Zhangetal_2009b,,Glechoma_longituba,H_to_pollination,H,nectar_larceny,visitation_rate,comparative,reported_effect,log_response_ratio,-0.1002548633,0.2099243564,,,,,,,,,,,,,positive_is_more_declared_trait_more_declared_outcome,true,eligible_for_quantitative_synthesis,deposited_effect_size_table_of_published_synthesis,https://github.com/lacaleal/Meta-analysis_larcenists@04663ff895b300fc957c4a32f661e5f73ca95217:complete_hedges.csv rows[sample]=202;203;204;205;206;208; synthesis_doi=10.1002/ecy.70036; primary_study_label=Zhangetal_2009b,Recomputed as ln(mean_larcenist/mean_control) from deposited group means; 6 deposited effect(s) aggregated to one cluster effect at within-cluster correlation rho_w=1. Secondary analysis of a deposited table; not an independent extraction from the primary article.,-0.1002548633,0.2099243564,reported_effect,HP_larceny_visitation_lrr_comparative
LGP_Zhangetal_2010a,Zhangetal_2010a,Zhangetal_2010a,,Glechoma_longituba,H_to_pollination,H,nectar_larceny,visitation_rate,comparative,reported_effect,log_response_ratio,-1.404012168,0.1600851663,,,,,,,,,,,,,positive_is_more_declared_trait_more_declared_outcome,true,eligible_for_quantitative_synthesis,deposited_effect_size_table_of_published_synthesis,https://github.com/lacaleal/Meta-analysis_larcenists@04663ff895b300fc957c4a32f661e5f73ca95217:complete_hedges.csv rows[sample]=209;210; synthesis_doi=10.1002/ecy.70036; primary_study_label=Zhangetal_2010a,Recomputed as ln(mean_larcenist/mean_control) from deposited group means; 2 deposited effect(s) aggregated to one cluster effect at within-cluster correlation rho_w=1. Secondary analysis of a deposited table; not an independent extraction from the primary article.,-1.404012168,0.1600851663,reported_effect,HP_larceny_visitation_lrr_comparative
LGP_Zhangetal_2014,Zhangetal_2014,Zhangetal_2014,,Corydalis_ambigua,H_to_pollination,H,nectar_larceny,visitation_rate,comparative,reported_effect,log_response_ratio,-1.217904517,0.3249377392,,,,,,,,,,,,,positive_is_more_declared_trait_more_declared_outcome,true,eligible_for_quantitative_synthesis,deposited_effect_size_table_of_published_synthesis,https://github.com/lacaleal/Meta-analysis_larcenists@04663ff895b300fc957c4a32f661e5f73ca95217:complete_hedges.csv rows[sample]=219;220;222;223; synthesis_doi=10.1002/ecy.70036; primary_study_label=Zhangetal_2014,Recomputed as ln(mean_larcenist/mean_control) from deposited group means; 4 deposited effect(s) aggregated to one cluster effect at within-cluster correlation rho_w=1. Secondary analysis of a deposited table; not an independent extraction from the primary article.,-1.217904517,0.3249377392,reported_effect,HP_larceny_visitation_lrr_comparative
LGP_Zimmerman&Cook_1985,Zimmerman&Cook_1985,Zimmerman&Cook_1985,,Impatiens_capensis,H_to_pollination,H,nectar_larceny,visitation_rate,comparative,reported_effect,log_response_ratio,-0.3502024294,0.1000733898,,,,,,,,,,,,,positive_is_more_declared_trait_more_declared_outcome,true,eligible_for_quantitative_synthesis,deposited_effect_size_table_of_published_synthesis,https://github.com/lacaleal/Meta-analysis_larcenists@04663ff895b300fc957c4a32f661e5f73ca95217:complete_hedges.csv rows[sample]=238; synthesis_doi=10.1002/ecy.70036; primary_study_label=Zimmerman&Cook_1985,Recomputed as ln(mean_larcenist/mean_control) from deposited group means; 1 deposited effect(s) aggregated to one cluster effect at within-cluster correlation rho_w=1. Secondary analysis of a deposited table; not an independent extraction from the primary article.,-0.3502024294,0.1000733898,reported_effect,HP_larceny_visitation_lrr_comparative
LGR_Arizmendieetal1996,Arizmendieetal1996,Arizmendieetal1996,,multiple_species:2,H_to_reward,H,nectar_larceny,nectar_standing_crop,comparative,reported_effect,log_response_ratio,0.1264649008,0.07421447948,,,,,,,,,,,,,positive_is_more_declared_trait_more_declared_outcome,true,eligible_for_quantitative_synthesis,deposited_effect_size_table_of_published_synthesis,https://github.com/lacaleal/Meta-analysis_larcenists@04663ff895b300fc957c4a32f661e5f73ca95217:complete_hedges.csv rows[sample]=6;7; synthesis_doi=10.1002/ecy.70036; primary_study_label=Arizmendieetal1996,Recomputed as ln(mean_larcenist/mean_control) from deposited group means; 2 deposited effect(s) aggregated to one cluster effect at within-cluster correlation rho_w=1. Secondary analysis of a deposited table; not an independent extraction from the primary article.,0.1264649008,0.07421447948,reported_effect,HR_larceny_nectar_lrr_comparative
LGR_Caballeroetal_2013,Caballeroetal_2013,Caballeroetal_2013,,Tristerix_aphyllus,H_to_reward,H,nectar_larceny,nectar_standing_crop,comparative,reported_effect,log_response_ratio,-0.08384797248,0.0322165626,,,,,,,,,,,,,positive_is_more_declared_trait_more_declared_outcome,true,eligible_for_quantitative_synthesis,deposited_effect_size_table_of_published_synthesis,https://github.com/lacaleal/Meta-analysis_larcenists@04663ff895b300fc957c4a32f661e5f73ca95217:complete_hedges.csv rows[sample]=26; synthesis_doi=10.1002/ecy.70036; primary_study_label=Caballeroetal_2013,Recomputed as ln(mean_larcenist/mean_control) from deposited group means; 1 deposited effect(s) aggregated to one cluster effect at within-cluster correlation rho_w=1. Secondary analysis of a deposited table; not an independent extraction from the primary article.,-0.08384797248,0.0322165626,reported_effect,HR_larceny_nectar_lrr_comparative
LGR_Castroetal_2008,Castroetal_2008,Castroetal_2008,,Polygala_vayredae,H_to_reward,H,nectar_larceny,nectar_standing_crop,comparative,reported_effect,log_response_ratio,0.3483406167,0.1916962419,,,,,,,,,,,,,positive_is_more_declared_trait_more_declared_outcome,true,eligible_for_quantitative_synthesis,deposited_effect_size_table_of_published_synthesis,https://github.com/lacaleal/Meta-analysis_larcenists@04663ff895b300fc957c4a32f661e5f73ca95217:complete_hedges.csv rows[sample]=35;36; synthesis_doi=10.1002/ecy.70036; primary_study_label=Castroetal_2008,Recomputed as ln(mean_larcenist/mean_control) from deposited group means; 2 deposited effect(s) aggregated to one cluster effect at within-cluster correlation rho_w=1. Secondary analysis of a deposited table; not an independent extraction from the primary article.,0.3483406167,0.1916962419,reported_effect,HR_larceny_nectar_lrr_comparative
LGR_Colwell_1995,Colwell_1995,Colwell_1995,,Hamelia_patens,H_to_reward,H,nectar_larceny,nectar_standing_crop,comparative,reported_effect,log_response_ratio,-0.5203043677,0.1827546642,,,,,,,,,,,,,positive_is_more_declared_trait_more_declared_outcome,true,eligible_for_quantitative_synthesis,deposited_effect_size_table_of_published_synthesis,https://github.com/lacaleal/Meta-analysis_larcenists@04663ff895b300fc957c4a32f661e5f73ca95217:complete_hedges.csv rows[sample]=37; synthesis_doi=10.1002/ecy.70036; primary_study_label=Colwell_1995,Recomputed as ln(mean_larcenist/mean_control) from deposited group means; 1 deposited effect(s) aggregated to one cluster effect at within-cluster correlation rho_w=1. Secondary analysis of a deposited table; not an independent extraction from the primary article.,-0.5203043677,0.1827546642,reported_effect,HR_larceny_nectar_lrr_comparative
LGR_Cruzetal_2007,Cruzetal_2007,Cruzetal_2007,,multiple_species:2,H_to_reward,H,nectar_larceny,nectar_standing_crop,comparative,reported_effect,log_response_ratio,-0.263275949,0.2478453218,,,,,,,,,,,,,positive_is_more_declared_trait_more_declared_outcome,true,eligible_for_quantitative_synthesis,deposited_effect_size_table_of_published_synthesis,https://github.com/lacaleal/Meta-analysis_larcenists@04663ff895b300fc957c4a32f661e5f73ca95217:complete_hedges.csv rows[sample]=38;39;40;41; synthesis_doi=10.1002/ecy.70036; primary_study_label=Cruzetal_2007,Recomputed as ln(mean_larcenist/mean_control) from deposited group means; 4 deposited effect(s) aggregated to one cluster effect at within-cluster correlation rho_w=1. Secondary analysis of a deposited table; not an independent extraction from the primary article.,-0.263275949,0.2478453218,reported_effect,HR_larceny_nectar_lrr_comparative
LGR_Cuevas&Guerrero_2016,Cuevas&Guerrero_2016,Cuevas&Guerrero_2016,,Salvia_gesnerifolia,H_to_reward,H,nectar_larceny,nectar_standing_crop,comparative,reported_effect,log_response_ratio,-1.784507043,0.06881869281,,,,,,,,,,,,,positive_is_more_declared_trait_more_declared_outcome,true,eligible_for_quantitative_synthesis,deposited_effect_size_table_of_published_synthesis,https://github.com/lacaleal/Meta-analysis_larcenists@04663ff895b300fc957c4a32f661e5f73ca95217:complete_hedges.csv rows[sample]=52;53;54;55; synthesis_doi=10.1002/ecy.70036; primary_study_label=Cuevas&Guerrero_2016,Recomputed as ln(mean_larcenist/mean_control) from deposited group means; 4 deposited effect(s) aggregated to one cluster effect at within-cluster correlation rho_w=1. Secondary analysis of a deposited table; not an independent extraction from the primary article.,-1.784507043,0.06881869281,reported_effect,HR_larceny_nectar_lrr_comparative
LGR_Dedej&Delaplane_2005,Dedej&Delaplane_2005,Dedej&Delaplane_2005,,Vaccinium_ashei,H_to_reward,H,nectar_larceny,nectar_standing_crop,comparative,reported_effect,log_response_ratio,-1.129756059,0.2633944497,,,,,,,,,,,,,positive_is_more_declared_trait_more_declared_outcome,true,eligible_for_quantitative_synthesis,deposited_effect_size_table_of_published_synthesis,https://github.com/lacaleal/Meta-analysis_larcenists@04663ff895b300fc957c4a32f661e5f73ca95217:complete_hedges.csv rows[sample]=57;58;60;63; synthesis_doi=10.1002/ecy.70036; primary_study_label=Dedej&Delaplane_2005,Recomputed as ln(mean_larcenist/mean_control) from deposited group means; 4 deposited effect(s) aggregated to one cluster effect at within-cluster correlation rho_w=1. Secondary analysis of a deposited table; not an independent extraction from the primary article.,-1.129756059,0.2633944497,reported_effect,HR_larceny_nectar_lrr_comparative
LGR_Dohzonoetal_2008,Dohzonoetal_2008,Dohzonoetal_2008,,Corydalis_ambigua,H_to_reward,H,nectar_larceny,nectar_standing_crop,comparative,reported_effect,log_response_ratio,-0.8919980393,1.403451039,,,,,,,,,,,,,positive_is_more_declared_trait_more_declared_outcome,true,eligible_for_quantitative_synthesis,deposited_effect_size_table_of_published_synthesis,https://github.com/lacaleal/Meta-analysis_larcenists@04663ff895b300fc957c4a32f661e5f73ca95217:complete_hedges.csv rows[sample]=70; synthesis_doi=10.1002/ecy.70036; primary_study_label=Dohzonoetal_2008,Recomputed as ln(mean_larcenist/mean_control) from deposited group means; 1 deposited effect(s) aggregated to one cluster effect at within-cluster correlation rho_w=1. Secondary analysis of a deposited table; not an independent extraction from the primary article.,-0.8919980393,1.403451039,reported_effect,HR_larceny_nectar_lrr_comparative
LGR_Fumero-Caban&Melendez-Ackerman_2013,Fumero-Caban&Melendez-Ackerman_2013,Fumero-Caban&Melendez-Ackerman_2013,,Pitcairnia_augustifolia,H_to_reward,H,nectar_larceny,nectar_standing_crop,comparative,reported_effect,log_response_ratio,0.02297623936,0.07033966236,,,,,,,,,,,,,positive_is_more_declared_trait_more_declared_outcome,true,eligible_for_quantitative_synthesis,deposited_effect_size_table_of_published_synthesis,https://github.com/lacaleal/Meta-analysis_larcenists@04663ff895b300fc957c4a32f661e5f73ca95217:complete_hedges.csv rows[sample]=80;82; synthesis_doi=10.1002/ecy.70036; primary_study_label=Fumero-Caban&Melendez-Ackerman_2013,Recomputed as ln(mean_larcenist/mean_control) from deposited group means; 2 deposited effect(s) aggregated to one cluster effect at within-cluster correlation rho_w=1. Secondary analysis of a deposited table; not an independent extraction from the primary article.,0.02297623936,0.07033966236,reported_effect,HR_larceny_nectar_lrr_comparative
LGR_Gonzalez-Gomez&Valdivia_2005,Gonzalez-Gomez&Valdivia_2005,Gonzalez-Gomez&Valdivia_2005,,Puya_coerulea,H_to_reward,H,nectar_larceny,nectar_standing_crop,comparative,reported_effect,log_response_ratio,-1.898904107,0.378469737,,,,,,,,,,,,,positive_is_more_declared_trait_more_declared_outcome,true,eligible_for_quantitative_synthesis,deposited_effect_size_table_of_published_synthesis,https://github.com/lacaleal/Meta-analysis_larcenists@04663ff895b300fc957c4a32f661e5f73ca95217:complete_hedges.csv rows[sample]=89; synthesis_doi=10.1002/ecy.70036; primary_study_label=Gonzalez-Gomez&Valdivia_2005,Recomputed as ln(mean_larcenist/mean_control) from deposited group means; 1 deposited effect(s) aggregated to one cluster effect at within-cluster correlation rho_w=1. Secondary analysis of a deposited table; not an independent extraction from the primary article.,-1.898904107,0.378469737,reported_effect,HR_larceny_nectar_lrr_comparative
LGR_Goulsonetal_2007,Goulsonetal_2007,Goulsonetal_2007,,Tropaeolum_majus,H_to_reward,H,nectar_larceny,nectar_standing_crop,comparative,reported_effect,log_response_ratio,-0.5398733092,0.1605662957,,,,,,,,,,,,,positive_is_more_declared_trait_more_declared_outcome,true,eligible_for_quantitative_synthesis,deposited_effect_size_table_of_published_synthesis,https://github.com/lacaleal/Meta-analysis_larcenists@04663ff895b300fc957c4a32f661e5f73ca95217:complete_hedges.csv rows[sample]=90; synthesis_doi=10.1002/ecy.70036; primary_study_label=Goulsonetal_2007,Recomputed as ln(mean_larcenist/mean_control) from deposited group means; 1 deposited effect(s) aggregated to one cluster effect at within-cluster correlation rho_w=1. Secondary analysis of a deposited table; not an independent extraction from the primary article.,-0.5398733092,0.1605662957,reported_effect,HR_larceny_nectar_lrr_comparative
LGR_Guerraetal_2010,Guerraetal_2010,Guerraetal_2010,,Neoregelia_johanis,H_to_reward,H,nectar_larceny,nectar_standing_crop,comparative,reported_effect,log_response_ratio,-0.3054371238,0.1524145902,,,,,,,,,,,,,positive_is_more_declared_trait_more_declared_outcome,true,eligible_for_quantitative_synthesis,deposited_effect_size_table_of_published_synthesis,https://github.com/lacaleal/Meta-analysis_larcenists@04663ff895b300fc957c4a32f661e5f73ca95217:complete_hedges.csv rows[sample]=91;92; synthesis_doi=10.1002/ecy.70036; primary_study_label=Guerraetal_2010,Recomputed as ln(mean_larcenist/mean_control) from deposited group means; 2 deposited effect(s) aggregated to one cluster effect at within-cluster correlation rho_w=1. Secondary analysis of a deposited table; not an independent extraction from the primary article.,-0.3054371238,0.1524145902,reported_effect,HR_larceny_nectar_lrr_comparative
LGR_Hazlehurst&Karubian_2016,Hazlehurst&Karubian_2016,Hazlehurst&Karubian_2016,,Oreocallis_grandiflora,H_to_reward,H,nectar_larceny,nectar_standing_crop,comparative,reported_effect,log_response_ratio,0.1715222716,0.01485790739,,,,,,,,,,,,,positive_is_more_declared_trait_more_declared_outcome,true,eligible_for_quantitative_synthesis,deposited_effect_size_table_of_published_synthesis,https://github.com/lacaleal/Meta-analysis_larcenists@04663ff895b300fc957c4a32f661e5f73ca95217:complete_hedges.csv rows[sample]=263;264; synthesis_doi=10.1002/ecy.70036; primary_study_label=Hazlehurst&Karubian_2016,Recomputed as ln(mean_larcenist/mean_control) from deposited group means; 2 deposited effect(s) aggregated to one cluster effect at within-cluster correlation rho_w=1. Secondary analysis of a deposited table; not an independent extraction from the primary article.,0.1715222716,0.01485790739,reported_effect,HR_larceny_nectar_lrr_comparative
LGR_Irwinetal_2008,Irwinetal_2008,Irwinetal_2008,,Polemonium_viscosum,H_to_reward,H,nectar_larceny,nectar_standing_crop,comparative,reported_effect,log_response_ratio,0.2129457263,0.1199771276,,,,,,,,,,,,,positive_is_more_declared_trait_more_declared_outcome,true,eligible_for_quantitative_synthesis,deposited_effect_size_table_of_published_synthesis,https://github.com/lacaleal/Meta-analysis_larcenists@04663ff895b300fc957c4a32f661e5f73ca95217:complete_hedges.csv rows[sample]=108; synthesis_doi=10.1002/ecy.70036; primary_study_label=Irwinetal_2008,Recomputed as ln(mean_larcenist/mean_control) from deposited group means; 1 deposited effect(s) aggregated to one cluster effect at within-cluster correlation rho_w=1. Secondary analysis of a deposited table; not an independent extraction from the primary article.,0.2129457263,0.1199771276,reported_effect,HR_larceny_nectar_lrr_comparative
LGR_Kaczorowskietal_2014,Kaczorowskietal_2014,Kaczorowskietal_2014,,Nicotiana_glauca,H_to_reward,H,nectar_larceny,nectar_standing_crop,comparative,reported_effect,log_response_ratio,1.207956889,0.03513703959,,,,,,,,,,,,,positive_is_more_declared_trait_more_declared_outcome,true,eligible_for_quantitative_synthesis,deposited_effect_size_table_of_published_synthesis,https://github.com/lacaleal/Meta-analysis_larcenists@04663ff895b300fc957c4a32f661e5f73ca95217:complete_hedges.csv rows[sample]=253;254; synthesis_doi=10.1002/ecy.70036; primary_study_label=Kaczorowskietal_2014,Recomputed as ln(mean_larcenist/mean_control) from deposited group means; 2 deposited effect(s) aggregated to one cluster effect at within-cluster correlation rho_w=1. Secondary analysis of a deposited table; not an independent extraction from the primary article.,1.207956889,0.03513703959,reported_effect,HR_larceny_nectar_lrr_comparative
LGR_Lara&Ornelas_2001,Lara&Ornelas_2001,Lara&Ornelas_2001,,Moussonia_deppeana,H_to_reward,H,nectar_larceny,nectar_standing_crop,comparative,reported_effect,log_response_ratio,-0.6246251846,0.0188048502,,,,,,,,,,,,,positive_is_more_declared_trait_more_declared_outcome,true,eligible_for_quantitative_synthesis,deposited_effect_size_table_of_published_synthesis,https://github.com/lacaleal/Meta-analysis_larcenists@04663ff895b300fc957c4a32f661e5f73ca95217:complete_hedges.csv rows[sample]=109;110;111; synthesis_doi=10.1002/ecy.70036; primary_study_label=Lara&Ornelas_2001,Recomputed as ln(mean_larcenist/mean_control) from deposited group means; 3 deposited effect(s) aggregated to one cluster effect at within-cluster correlation rho_w=1. Secondary analysis of a deposited table; not an independent extraction from the primary article.,-0.6246251846,0.0188048502,reported_effect,HR_larceny_nectar_lrr_comparative
LGR_Lasso&Naranjo_2003,Lasso&Naranjo_2003,Lasso&Naranjo_2003,,Hamelia_patens,H_to_reward,H,nectar_larceny,nectar_standing_crop,comparative,reported_effect,log_response_ratio,0.08875636061,0.04555314237,,,,,,,,,,,,,positive_is_more_declared_trait_more_declared_outcome,true,eligible_for_quantitative_synthesis,deposited_effect_size_table_of_published_synthesis,https://github.com/lacaleal/Meta-analysis_larcenists@04663ff895b300fc957c4a32f661e5f73ca95217:complete_hedges.csv rows[sample]=115; synthesis_doi=10.1002/ecy.70036; primary_study_label=Lasso&Naranjo_2003,Recomputed as ln(mean_larcenist/mean_control) from deposited group means; 1 deposited effect(s) aggregated to one cluster effect at within-cluster correlation rho_w=1. Secondary analysis of a deposited table; not an independent extraction from the primary article.,0.08875636061,0.04555314237,reported_effect,HR_larceny_nectar_lrr_comparative
LGR_Mallof_2001,Mallof_2001,Mallof_2001,,Corydalis_caseana,H_to_reward,H,nectar_larceny,nectar_standing_crop,comparative,reported_effect,log_response_ratio,-1.452252329,0.3432746878,,,,,,,,,,,,,positive_is_more_declared_trait_more_declared_outcome,true,eligible_for_quantitative_synthesis,deposited_effect_size_table_of_published_synthesis,https://github.com/lacaleal/Meta-analysis_larcenists@04663ff895b300fc957c4a32f661e5f73ca95217:complete_hedges.csv rows[sample]=126;255; synthesis_doi=10.1002/ecy.70036; primary_study_label=Mallof_2001,Recomputed as ln(mean_larcenist/mean_control) from deposited group means; 2 deposited effect(s) aggregated to one cluster effect at within-cluster correlation rho_w=1. Secondary analysis of a deposited table; not an independent extraction from the primary article.,-1.452252329,0.3432746878,reported_effect,HR_larceny_nectar_lrr_comparative
LGR_Missagia&Alves2017,Missagia&Alves2017,Missagia&Alves2017,,Heliconia_spathocircinata,H_to_reward,H,nectar_larceny,nectar_standing_crop,comparative,reported_effect,log_response_ratio,-0.604103512,0.08628666427,,,,,,,,,,,,,positive_is_more_declared_trait_more_declared_outcome,true,eligible_for_quantitative_synthesis,deposited_effect_size_table_of_published_synthesis,https://github.com/lacaleal/Meta-analysis_larcenists@04663ff895b300fc957c4a32f661e5f73ca95217:complete_hedges.csv rows[sample]=141; synthesis_doi=10.1002/ecy.70036; primary_study_label=Missagia&Alves2017,Recomputed as ln(mean_larcenist/mean_control) from deposited group means; 1 deposited effect(s) aggregated to one cluster effect at within-cluster correlation rho_w=1. Secondary analysis of a deposited table; not an independent extraction from the primary article.,-0.604103512,0.08628666427,reported_effect,HR_larceny_nectar_lrr_comparative
LGR_Morris_1996,Morris_1996,Morris_1996,,Mertensia_paniculata,H_to_reward,H,nectar_larceny,nectar_standing_crop,comparative,reported_effect,log_response_ratio,-1.682386912,1.525594376,,,,,,,,,,,,,positive_is_more_declared_trait_more_declared_outcome,true,eligible_for_quantitative_synthesis,deposited_effect_size_table_of_published_synthesis,https://github.com/lacaleal/Meta-analysis_larcenists@04663ff895b300fc957c4a32f661e5f73ca95217:complete_hedges.csv rows[sample]=142; synthesis_doi=10.1002/ecy.70036; primary_study_label=Morris_1996,Recomputed as ln(mean_larcenist/mean_control) from deposited group means; 1 deposited effect(s) aggregated to one cluster effect at within-cluster correlation rho_w=1. Secondary analysis of a deposited table; not an independent extraction from the primary article.,-1.682386912,1.525594376,reported_effect,HR_larceny_nectar_lrr_comparative
LGR_Pollato&Alves-Junior_2022,Pollato&Alves-Junior_2022,Pollato&Alves-Junior_2022,,Pyrostegia_venusta,H_to_reward,H,nectar_larceny,nectar_standing_crop,comparative,reported_effect,log_response_ratio,-1.552392043,0.06534437302,,,,,,,,,,,,,positive_is_more_declared_trait_more_declared_outcome,true,eligible_for_quantitative_synthesis,deposited_effect_size_table_of_published_synthesis,https://github.com/lacaleal/Meta-analysis_larcenists@04663ff895b300fc957c4a32f661e5f73ca95217:complete_hedges.csv rows[sample]=147;148; synthesis_doi=10.1002/ecy.70036; primary_study_label=Pollato&Alves-Junior_2022,Recomputed as ln(mean_larcenist/mean_control) from deposited group means; 2 deposited effect(s) aggregated to one cluster effect at within-cluster correlation rho_w=1. Secondary analysis of a deposited table; not an independent extraction from the primary article.,-1.552392043,0.06534437302,reported_effect,HR_larceny_nectar_lrr_comparative
LGR_Richardson_2004,Richardson_2004,Richardson_2004,,Chilopsis_linearis,H_to_reward,H,nectar_larceny,nectar_standing_crop,comparative,reported_effect,log_response_ratio,-0.1857941139,0.5731281155,,,,,,,,,,,,,positive_is_more_declared_trait_more_declared_outcome,true,eligible_for_quantitative_synthesis,deposited_effect_size_table_of_published_synthesis,https://github.com/lacaleal/Meta-analysis_larcenists@04663ff895b300fc957c4a32f661e5f73ca95217:complete_hedges.csv rows[sample]=151;152; synthesis_doi=10.1002/ecy.70036; primary_study_label=Richardson_2004,Recomputed as ln(mean_larcenist/mean_control) from deposited group means; 2 deposited effect(s) aggregated to one cluster effect at within-cluster correlation rho_w=1. Secondary analysis of a deposited table; not an independent extraction from the primary article.,-0.1857941139,0.5731281155,reported_effect,HR_larceny_nectar_lrr_comparative
LGR_Saezetal_2017,Saezetal_2017,Saezetal_2017,,Rubus_idaeus,H_to_reward,H,nectar_larceny,nectar_standing_crop,comparative,reported_effect,log_response_ratio,-1.506599466,0.5796240107,,,,,,,,,,,,,positive_is_more_declared_trait_more_declared_outcome,true,eligible_for_quantitative_synthesis,deposited_effect_size_table_of_published_synthesis,https://github.com/lacaleal/Meta-analysis_larcenists@04663ff895b300fc957c4a32f661e5f73ca95217:complete_hedges.csv rows[sample]=169; synthesis_doi=10.1002/ecy.70036; primary_study_label=Saezetal_2017,Recomputed as ln(mean_larcenist/mean_control) from deposited group means; 1 deposited effect(s) aggregated to one cluster effect at within-cluster correlation rho_w=1. Secondary analysis of a deposited table; not an independent extraction from the primary article.,-1.506599466,0.5796240107,reported_effect,HR_larceny_nectar_lrr_comparative
LGR_Singhetal_2014,Singhetal_2014,Singhetal_2014,,Tecomella_undulata,H_to_reward,H,nectar_larceny,nectar_standing_crop,comparative,reported_effect,log_response_ratio,-0.9360933592,0.3953315126,,,,,,,,,,,,,positive_is_more_declared_trait_more_declared_outcome,true,eligible_for_quantitative_synthesis,deposited_effect_size_table_of_published_synthesis,https://github.com/lacaleal/Meta-analysis_larcenists@04663ff895b300fc957c4a32f661e5f73ca95217:complete_hedges.csv rows[sample]=175; synthesis_doi=10.1002/ecy.70036; primary_study_label=Singhetal_2014,Recomputed as ln(mean_larcenist/mean_control) from deposited group means; 1 deposited effect(s) aggregated to one cluster effect at within-cluster correlation rho_w=1. Secondary analysis of a deposited table; not an independent extraction from the primary article.,-0.9360933592,0.3953315126,reported_effect,HR_larceny_nectar_lrr_comparative
LGR_Tameles&Pan_2022,Tameles&Pan_2022,Tameles&Pan_2022,,Impatiens_capensis,H_to_reward,H,nectar_larceny,nectar_standing_crop,comparative,reported_effect,log_response_ratio,-1.159888514,0.1942265774,,,,,,,,,,,,,positive_is_more_declared_trait_more_declared_outcome,true,eligible_for_quantitative_synthesis,deposited_effect_size_table_of_published_synthesis,https://github.com/lacaleal/Meta-analysis_larcenists@04663ff895b300fc957c4a32f661e5f73ca95217:complete_hedges.csv rows[sample]=181;182;183; synthesis_doi=10.1002/ecy.70036; primary_study_label=Tameles&Pan_2022,Recomputed as ln(mean_larcenist/mean_control) from deposited group means; 3 deposited effect(s) aggregated to one cluster effect at within-cluster correlation rho_w=1. Secondary analysis of a deposited table; not an independent extraction from the primary article.,-1.159888514,0.1942265774,reported_effect,HR_larceny_nectar_lrr_comparative
LGR_Yeetal_2017,Yeetal_2017,Yeetal_2017,,Salvia_przewalskii,H_to_reward,H,nectar_larceny,nectar_standing_crop,comparative,reported_effect,log_response_ratio,-0.2188791525,0.08066104369,,,,,,,,,,,,,positive_is_more_declared_trait_more_declared_outcome,true,eligible_for_quantitative_synthesis,deposited_effect_size_table_of_published_synthesis,https://github.com/lacaleal/Meta-analysis_larcenists@04663ff895b300fc957c4a32f661e5f73ca95217:complete_hedges.csv rows[sample]=199; synthesis_doi=10.1002/ecy.70036; primary_study_label=Yeetal_2017,Recomputed as ln(mean_larcenist/mean_control) from deposited group means; 1 deposited effect(s) aggregated to one cluster effect at within-cluster correlation rho_w=1. Secondary analysis of a deposited table; not an independent extraction from the primary article.,-0.2188791525,0.08066104369,reported_effect,HR_larceny_nectar_lrr_comparative
LGR_Zhangetal_2009b,Zhangetal_2009b,Zhangetal_2009b,,Glechoma_longituba,H_to_reward,H,nectar_larceny,nectar_standing_crop,comparative,reported_effect,log_response_ratio,0.1664084026,0.3210372834,,,,,,,,,,,,,positive_is_more_declared_trait_more_declared_outcome,true,eligible_for_quantitative_synthesis,deposited_effect_size_table_of_published_synthesis,https://github.com/lacaleal/Meta-analysis_larcenists@04663ff895b300fc957c4a32f661e5f73ca95217:complete_hedges.csv rows[sample]=207; synthesis_doi=10.1002/ecy.70036; primary_study_label=Zhangetal_2009b,Recomputed as ln(mean_larcenist/mean_control) from deposited group means; 1 deposited effect(s) aggregated to one cluster effect at within-cluster correlation rho_w=1. Secondary analysis of a deposited table; not an independent extraction from the primary article.,0.1664084026,0.3210372834,reported_effect,HR_larceny_nectar_lrr_comparative
LGR_Zhangetal_2010a,Zhangetal_2010a,Zhangetal_2010a,,Glechoma_longituba,H_to_reward,H,nectar_larceny,nectar_standing_crop,comparative,reported_effect,log_response_ratio,-1.080542765,0.7600256335,,,,,,,,,,,,,positive_is_more_declared_trait_more_declared_outcome,true,eligible_for_quantitative_synthesis,deposited_effect_size_table_of_published_synthesis,https://github.com/lacaleal/Meta-analysis_larcenists@04663ff895b300fc957c4a32f661e5f73ca95217:complete_hedges.csv rows[sample]=211;212; synthesis_doi=10.1002/ecy.70036; primary_study_label=Zhangetal_2010a,Recomputed as ln(mean_larcenist/mean_control) from deposited group means; 2 deposited effect(s) aggregated to one cluster effect at within-cluster correlation rho_w=1. Secondary analysis of a deposited table; not an independent extraction from the primary article.,-1.080542765,0.7600256335,reported_effect,HR_larceny_nectar_lrr_comparative
LGM_Dengetal2004,Dengetal2004,Dengetal2004,,Alpinia_roxburghii,H_to_fitness,H,nectar_larceny,male_reproductive_success,comparative,reported_effect,log_response_ratio,-0.6567795364,0.3740276724,,,,,,,,,,,,,positive_is_more_declared_trait_more_declared_outcome,true,eligible_for_quantitative_synthesis,deposited_effect_size_table_of_published_synthesis,https://github.com/lacaleal/Meta-analysis_larcenists@04663ff895b300fc957c4a32f661e5f73ca95217:complete_hedges.csv rows[sample]=69; synthesis_doi=10.1002/ecy.70036; primary_study_label=Dengetal2004,Recomputed as ln(mean_larcenist/mean_control) from deposited group means; 1 deposited effect(s) aggregated to one cluster effect at within-cluster correlation rho_w=1. Secondary analysis of a deposited table; not an independent extraction from the primary article.,-0.6567795364,0.3740276724,reported_effect,HF_larceny_male_lrr_comparative
LGM_Dengetal_2015,Dengetal_2015,Dengetal_2015,,Alpinia_roxburghii,H_to_fitness,H,nectar_larceny,male_reproductive_success,comparative,reported_effect,log_response_ratio,-0.6567795364,0.1322387516,,,,,,,,,,,,,positive_is_more_declared_trait_more_declared_outcome,true,eligible_for_quantitative_synthesis,deposited_effect_size_table_of_published_synthesis,https://github.com/lacaleal/Meta-analysis_larcenists@04663ff895b300fc957c4a32f661e5f73ca95217:complete_hedges.csv rows[sample]=259; synthesis_doi=10.1002/ecy.70036; primary_study_label=Dengetal_2015,Recomputed as ln(mean_larcenist/mean_control) from deposited group means; 1 deposited effect(s) aggregated to one cluster effect at within-cluster correlation rho_w=1. Secondary analysis of a deposited table; not an independent extraction from the primary article.,-0.6567795364,0.1322387516,reported_effect,HF_larceny_male_lrr_comparative
LGM_Fumero-Caban&Melendez-Ackerman_2013,Fumero-Caban&Melendez-Ackerman_2013,Fumero-Caban&Melendez-Ackerman_2013,,Pitcairnia_augustifolia,H_to_fitness,H,nectar_larceny,male_reproductive_success,comparative,reported_effect,log_response_ratio,0.1192055117,0.1086266967,,,,,,,,,,,,,positive_is_more_declared_trait_more_declared_outcome,true,eligible_for_quantitative_synthesis,deposited_effect_size_table_of_published_synthesis,https://github.com/lacaleal/Meta-analysis_larcenists@04663ff895b300fc957c4a32f661e5f73ca95217:complete_hedges.csv rows[sample]=81;84; synthesis_doi=10.1002/ecy.70036; primary_study_label=Fumero-Caban&Melendez-Ackerman_2013,Recomputed as ln(mean_larcenist/mean_control) from deposited group means; 2 deposited effect(s) aggregated to one cluster effect at within-cluster correlation rho_w=1. Secondary analysis of a deposited table; not an independent extraction from the primary article.,0.1192055117,0.1086266967,reported_effect,HF_larceny_male_lrr_comparative
LGM_Irwin&Brody1999,Irwin&Brody1999,Irwin&Brody1999,,Ipomopis_aggregata,H_to_fitness,H,nectar_larceny,male_reproductive_success,comparative,reported_effect,log_response_ratio,-1.354025101,0.2096755664,,,,,,,,,,,,,positive_is_more_declared_trait_more_declared_outcome,true,eligible_for_quantitative_synthesis,deposited_effect_size_table_of_published_synthesis,https://github.com/lacaleal/Meta-analysis_larcenists@04663ff895b300fc957c4a32f661e5f73ca95217:complete_hedges.csv rows[sample]=239;244; synthesis_doi=10.1002/ecy.70036; primary_study_label=Irwin&Brody1999,Recomputed as ln(mean_larcenist/mean_control) from deposited group means; 2 deposited effect(s) aggregated to one cluster effect at within-cluster correlation rho_w=1. Secondary analysis of a deposited table; not an independent extraction from the primary article.,-1.354025101,0.2096755664,reported_effect,HF_larceny_male_lrr_comparative
LGM_Irwinetal2015,Irwinetal2015,Irwinetal2015,,Ipomopis_aggregata,H_to_fitness,H,nectar_larceny,male_reproductive_success,comparative,reported_effect,log_response_ratio,-0.02630702559,0.002130456252,,,,,,,,,,,,,positive_is_more_declared_trait_more_declared_outcome,true,eligible_for_quantitative_synthesis,deposited_effect_size_table_of_published_synthesis,https://github.com/lacaleal/Meta-analysis_larcenists@04663ff895b300fc957c4a32f661e5f73ca95217:complete_hedges.csv rows[sample]=250; synthesis_doi=10.1002/ecy.70036; primary_study_label=Irwinetal2015,Recomputed as ln(mean_larcenist/mean_control) from deposited group means; 1 deposited effect(s) aggregated to one cluster effect at within-cluster correlation rho_w=1. Secondary analysis of a deposited table; not an independent extraction from the primary article.,-0.02630702559,0.002130456252,reported_effect,HF_larceny_male_lrr_comparative
LGM_Mackinetal_2021,Mackinetal_2021,Mackinetal_2021,,Digitalis_purpurea,H_to_fitness,H,nectar_larceny,male_reproductive_success,comparative,reported_effect,log_response_ratio,-0.1785491713,0.08489543979,,,,,,,,,,,,,positive_is_more_declared_trait_more_declared_outcome,true,eligible_for_quantitative_synthesis,deposited_effect_size_table_of_published_synthesis,https://github.com/lacaleal/Meta-analysis_larcenists@04663ff895b300fc957c4a32f661e5f73ca95217:complete_hedges.csv rows[sample]=122; synthesis_doi=10.1002/ecy.70036; primary_study_label=Mackinetal_2021,Recomputed as ln(mean_larcenist/mean_control) from deposited group means; 1 deposited effect(s) aggregated to one cluster effect at within-cluster correlation rho_w=1. Secondary analysis of a deposited table; not an independent extraction from the primary article.,-0.1785491713,0.08489543979,reported_effect,HF_larceny_male_lrr_comparative
LGM_Richmanetal_2018,Richmanetal_2018,Richmanetal_2018,,Ipomopis_aggregata,H_to_fitness,H,nectar_larceny,male_reproductive_success,comparative,reported_effect,log_response_ratio,-1.749199855,1.522515333,,,,,,,,,,,,,positive_is_more_declared_trait_more_declared_outcome,true,eligible_for_quantitative_synthesis,deposited_effect_size_table_of_published_synthesis,https://github.com/lacaleal/Meta-analysis_larcenists@04663ff895b300fc957c4a32f661e5f73ca95217:complete_hedges.csv rows[sample]=153; synthesis_doi=10.1002/ecy.70036; primary_study_label=Richmanetal_2018,Recomputed as ln(mean_larcenist/mean_control) from deposited group means; 1 deposited effect(s) aggregated to one cluster effect at within-cluster correlation rho_w=1. Secondary analysis of a deposited table; not an independent extraction from the primary article.,-1.749199855,1.522515333,reported_effect,HF_larceny_male_lrr_comparative
LGM_Rojas-Nossaetal2016,Rojas-Nossaetal2016,Rojas-Nossaetal2016,,Lonicera_etrusca,H_to_fitness,H,nectar_larceny,male_reproductive_success,comparative,reported_effect,log_response_ratio,0.003734951288,0.03805692346,,,,,,,,,,,,,positive_is_more_declared_trait_more_declared_outcome,true,eligible_for_quantitative_synthesis,deposited_effect_size_table_of_published_synthesis,https://github.com/lacaleal/Meta-analysis_larcenists@04663ff895b300fc957c4a32f661e5f73ca95217:complete_hedges.csv rows[sample]=167; synthesis_doi=10.1002/ecy.70036; primary_study_label=Rojas-Nossaetal2016,Recomputed as ln(mean_larcenist/mean_control) from deposited group means; 1 deposited effect(s) aggregated to one cluster effect at within-cluster correlation rho_w=1. Secondary analysis of a deposited table; not an independent extraction from the primary article.,0.003734951288,0.03805692346,reported_effect,HF_larceny_male_lrr_comparative
LGM_Tameles&Pan_2022,Tameles&Pan_2022,Tameles&Pan_2022,,Impatiens_capensis,H_to_fitness,H,nectar_larceny,male_reproductive_success,comparative,reported_effect,log_response_ratio,2.298917358,0.002350265616,,,,,,,,,,,,,positive_is_more_declared_trait_more_declared_outcome,true,eligible_for_quantitative_synthesis,deposited_effect_size_table_of_published_synthesis,https://github.com/lacaleal/Meta-analysis_larcenists@04663ff895b300fc957c4a32f661e5f73ca95217:complete_hedges.csv rows[sample]=185; synthesis_doi=10.1002/ecy.70036; primary_study_label=Tameles&Pan_2022,Recomputed as ln(mean_larcenist/mean_control) from deposited group means; 1 deposited effect(s) aggregated to one cluster effect at within-cluster correlation rho_w=1. Secondary analysis of a deposited table; not an independent extraction from the primary article.,2.298917358,0.002350265616,reported_effect,HF_larceny_male_lrr_comparative
LGM_Valdivia&Gonzalez-Gomes_2006,Valdivia&Gonzalez-Gomes_2006,Valdivia&Gonzalez-Gomes_2006,,Lapageria_rosea,H_to_fitness,H,nectar_larceny,male_reproductive_success,comparative,reported_effect,log_response_ratio,-0.1381503385,0.7665039286,,,,,,,,,,,,,positive_is_more_declared_trait_more_declared_outcome,true,eligible_for_quantitative_synthesis,deposited_effect_size_table_of_published_synthesis,https://github.com/lacaleal/Meta-analysis_larcenists@04663ff895b300fc957c4a32f661e5f73ca95217:complete_hedges.csv rows[sample]=191; synthesis_doi=10.1002/ecy.70036; primary_study_label=Valdivia&Gonzalez-Gomes_2006,Recomputed as ln(mean_larcenist/mean_control) from deposited group means; 1 deposited effect(s) aggregated to one cluster effect at within-cluster correlation rho_w=1. Secondary analysis of a deposited table; not an independent extraction from the primary article.,-0.1381503385,0.7665039286,reported_effect,HF_larceny_male_lrr_comparative
LGM_Zhangetal2007,Zhangetal2007,Zhangetal2007,,Glechoma_longituba,H_to_fitness,H,nectar_larceny,male_reproductive_success,comparative,reported_effect,log_response_ratio,-0.0762939509,0.4288841469,,,,,,,,,,,,,positive_is_more_declared_trait_more_declared_outcome,true,eligible_for_quantitative_synthesis,deposited_effect_size_table_of_published_synthesis,https://github.com/lacaleal/Meta-analysis_larcenists@04663ff895b300fc957c4a32f661e5f73ca95217:complete_hedges.csv rows[sample]=224;225;226;227;228; synthesis_doi=10.1002/ecy.70036; primary_study_label=Zhangetal2007,Recomputed as ln(mean_larcenist/mean_control) from deposited group means; 5 deposited effect(s) aggregated to one cluster effect at within-cluster correlation rho_w=1. Secondary analysis of a deposited table; not an independent extraction from the primary article.,-0.0762939509,0.4288841469,reported_effect,HF_larceny_male_lrr_comparative
