frame_id,dedupe_key,doi,title,year,authors,publication,source_dbs,query_ids,source_record_ids,source_urls,raw_rows_collapsed
bib_285f0c14fc0f16a3,doi:10.1002/ajb2.1082,10.1002/ajb2.1082,Consequences of secondary nectar robbing for male components of plant reproduction,2018,Sarah Kelley Richman; Rebecca E. Irwin; John T. Bosak; Judith L. Bronstein,American Journal of Botany,OpenAlex,Q5,OpenAlex:https://openalex.org/W2804358489,https://doi.org/10.1002/ajb2.1082,1
bib_c5d86de6097c10d1,doi:10.1002/ajb2.1182,10.1002/ajb2.1182,Consequences of multiple flower–insect interactions for subsequent plant–insect interactions and plant reproduction,2018,Nicole L. Soper Gorden; Lynn S. Adler,American Journal of Botany,OpenAlex,Q4|Q5,OpenAlex:https://openalex.org/W2898664981,https://doi.org/10.1002/ajb2.1182,2
bib_479450cf51792322,doi:10.1002/ajb2.1238,10.1002/ajb2.1238,Fitness benefits and costs of floral advertising traits: insights from rayed and rayless phenotypes of Anacyclus (Asteraceae),2019,José Cerca; Alicia B. Agudo; Sílvia Castro; Ana Afonso; Inés Álvarez; Rubén Torices,American Journal of Botany,OpenAlex,Q4|Q5,OpenAlex:https://openalex.org/W2916499439,https://doi.org/10.1002/ajb2.1238,2
bib_f0d01dd1e72b3e96,doi:10.1002/ajb2.1372,10.1002/ajb2.1372,Genotype‐specific effects of ericoid mycorrhizae on floral traits and reproduction in Vaccinium corymbosum,2019,Alison K. Brody; Benjamin F. Waterman; Taylor H. Ricketts; Allyson L. Degrassi; Jonathan B. González; Jeanne M. Harris; Leif L. Richardson,American Journal of Botany,OpenAlex,Q1|Q4|Q5|Q7,OpenAlex:https://openalex.org/W2983184682,https://doi.org/10.1002/ajb2.1372,4
bib_c1cc518860642935,doi:10.1002/ajb2.1499,10.1002/ajb2.1499,Pollination effectiveness of specialist and opportunistic nectar feeders influenced by invasive alien ants in the Seychelles,2020,Francisco Fuster; Christopher N. Kaiser‐Bunbury; Anna Traveset,American Journal of Botany,OpenAlex,Q5,OpenAlex:https://openalex.org/W3037260775,https://doi.org/10.1002/ajb2.1499,1
bib_6d52910902151bfe,doi:10.1002/ajb2.1559,10.1002/ajb2.1559,Light availability influences the intensity of nectar robbery and its effects on reproduction in a tropical shrub via multiple pathways,2020,Gordon M. Fitch; John H. Vandermeer,American Journal of Botany,OpenAlex,Q1|Q2|Q4|Q5,OpenAlex:https://openalex.org/W3104024735,https://doi.org/10.1002/ajb2.1559,4
bib_2673b1025e35a810,doi:10.1002/ajb2.16001,10.1002/ajb2.16001,Architectural effects regulate resource allocation within the inflorescences with nonlinear blooming patterns,2022,Hao Wang; Zhiqiang Zhang; Bo Zhang; Liping Wang; Wen Guo; Ye Fang; Qingjun Li,American Journal of Botany,OpenAlex,Q4|Q5|Q7,OpenAlex:https://openalex.org/W4280525327,https://doi.org/10.1002/ajb2.16001,3
bib_e06a35d282f0ae17,doi:10.1002/ajb2.16098,10.1002/ajb2.16098,Intrafloral patterns of color and scent in Capparis spinosa L. and the ghosts of its selection past,2022,Aphrodite Kantsa; Jair E. García; Robert A. Raguso; Adrian G. Dyer; Ronny Steen; Thomas Tscheulin; Theodora Petanidou,American Journal of Botany,OpenAlex,Q5|Q6|Q7,OpenAlex:https://openalex.org/W4308890670,https://doi.org/10.1002/ajb2.16098,3
bib_839ebc18b34b7acf,doi:10.1002/ajb2.1613,10.1002/ajb2.1613,Nectar addition changes pollinator behavior but not plant reproduction in pollen‐rewarding Lupinus argenteus,2021,Jacob M. Heiling; Judith L. Bronstein; Rebecca E. Irwin,American Journal of Botany,OpenAlex,Q6,OpenAlex:https://openalex.org/W3132753640,https://doi.org/10.1002/ajb2.1613,1
bib_57ca48a689e64aa3,doi:10.1002/ajb2.16186,10.1002/ajb2.16186,Among‐species variation in flower size determines florivory in the largest tropical wetland,2023,Gabriela Ortiz; Yasmin Columbano; Maicon Velasco de Melo; Maria Gabriela Boaventura; Camila Aoki; Tatiana Cornelissen; Camila Silveira Souza; Alberto L. Teixido,American Journal of Botany,OpenAlex,Q4,OpenAlex:https://openalex.org/W4376573794,https://doi.org/10.1002/ajb2.16186,1
bib_0c1b1917de3f8bf7,doi:10.1002/ajb2.16190,10.1002/ajb2.16190,Pollinators differ in their contribution to the male fitness of a self‐incompatible composite,2023,Avery Elizabeth Pearson; Zeke Zelman; Lauryn A. Hill; Mia A. Stevens; Evan X. Jackson; Miyauna M. N. Incarnato; Ren M. Johnson; Stuart Wagenius; Jennifer L. Ison,American Journal of Botany,OpenAlex,Q5,OpenAlex:https://openalex.org/W4379966181,https://doi.org/10.1002/ajb2.16190,1
bib_abe52a567c053752,doi:10.1002/ajb2.1700,10.1002/ajb2.1700,Incomplete reproductive isolation and low genetic differentiation despite floral divergence across varying geographic scales in Castilleja,2021,Katherine E. Wenzell; Angela McDonnell; Norman J. Wickett; Jeremie Benjamin Fant; Krissa A. Skogen,American Journal of Botany,OpenAlex,Q1|Q5,OpenAlex:https://openalex.org/W3185763802,https://doi.org/10.1002/ajb2.1700,2
bib_a449a7f910786fce,doi:10.1002/ajb2.1826,10.1002/ajb2.1826,"Habitat effects on reproductive phenotype, pollinator behavior, fecundity, and mating outcomes of a bumble bee–pollinated herb",2022,Hao Tian; Lawrence D. Harder; Aiying Wang; Da‐Yong Zhang; Wan‐Jin Liao,American Journal of Botany,OpenAlex,Q4|Q5,OpenAlex:https://openalex.org/W4214829672,https://doi.org/10.1002/ajb2.1826,2
bib_ba9f652e4967f0a6,doi:10.1002/cbdv.202201139,10.1002/cbdv.202201139,Floral Phytochemistry: Impact of Volatile Organic Compounds and Nectar Secondary Metabolites on Pollinator Behavior and Health,2023,Filip Slavković; Abdelhafid Bendahmane,Chemistry & Biodiversity,OpenAlex,Q4|Q6|Q7,OpenAlex:https://openalex.org/W4361191195,https://doi.org/10.1002/cbdv.202201139,3
bib_ec1bd0f30add1c1c,doi:10.1002/ece3.10228,10.1002/ece3.10228,"Trait matching in a multi‐species geographic mosaic of leafflower plants, brood pollinators, and cheaters",2023,Kai Hao; Tingting Liu; David H. Hembry; Shi‐Xiao Luo,Ecology and Evolution,OpenAlex,Q5|Q6,OpenAlex:https://openalex.org/W4383067658,https://doi.org/10.1002/ece3.10228,2
bib_c10d1888842ae962,doi:10.1002/ece3.10473,10.1002/ece3.10473,Morphological diversity and altitudinal differentiation of Aethopyga species,2023,Wen-Zhu Lu; Shimiao Shao; Lingling Zu; Xu Luo; Yubao Duan,Ecology and Evolution,OpenAlex,Q1|Q6,OpenAlex:https://openalex.org/W4386269715,https://doi.org/10.1002/ece3.10473,2
bib_a3a6203ff99a00d7,doi:10.1002/ece3.10617,10.1002/ece3.10617,Bumblebee responses to variation in pollinator‐attracting traits of Vicia faba flowers,2023,Emily J. Bailes; Jake Moscrop; Sarah L. Mitchell; Matthew Dorling; Tom Wood; Jane E. Thomas; Beverley J. Glover,Ecology and Evolution,OpenAlex,Q3|Q4|Q5|Q6,OpenAlex:https://openalex.org/W4388595783,https://doi.org/10.1002/ece3.10617,4
bib_eb2dc6bedf375e13,doi:10.1002/ece3.10630,10.1002/ece3.10630,Is there silicon in flowers and what does it tell us?,2023,Jonas Schoelynck; Petra De Block; Eva Van Dyck; J. Robert Cooke,Ecology and Evolution,OpenAlex,Q4,OpenAlex:https://openalex.org/W4387711023,https://doi.org/10.1002/ece3.10630,1
bib_f87b458ec580ed60,doi:10.1002/ece3.10714,10.1002/ece3.10714,Nectar robbing by bees affects the reproductive fitness of the distylous plant Tirpitzia sinensis (Linaceae),2023,Xiaoyue Wang; Renxiu Yao; Xiaoqin Lv; Yin Yi; Xiaoxin Tang,Ecology and Evolution,OpenAlex,Q3|Q4,OpenAlex:https://openalex.org/W4388595741,https://doi.org/10.1002/ece3.10714,2
bib_393e0182cf9edeaf,doi:10.1002/ece3.11187,10.1002/ece3.11187,The paradox of plant preference: The malaria vectors Anopheles gambiae and Anopheles coluzzii select suboptimal food sources for their survival and reproduction,2024,Prisca S. L. Paré; Domonbabélé François de Sales Hien; Mariam Youba; Rakiswendé Serge Yerbanga; Anna Cohuet; Louis‐Clément Gouagna; Abdoulaye Diabaté; Rickard Ignell; Roch K. Dabiré; Olivier Gnankiné; Thierry Léfèvre,Ecology and Evolution,OpenAlex,Q5,OpenAlex:https://openalex.org/W4393203282,https://doi.org/10.1002/ece3.11187,1
bib_97e5e706fb5f9a6a,doi:10.1002/ece3.11223,10.1002/ece3.11223,We know very little about pollination in the Platanthera Rich (Orchidaceae: Orchidoideae),2024,Jasmine K. Janes; Genevieve E. van der Voort; Dezene P.W. Huber,Ecology and Evolution,OpenAlex,Q4|Q5|Q6|Q7,OpenAlex:https://openalex.org/W4394722094,https://doi.org/10.1002/ece3.11223,4
bib_ed168938fc43d245,doi:10.1002/ece3.1191,10.1002/ece3.1191,Changes in pollinator fauna affect altitudinal variation of floral size in a bumblebee‐pollinated herb,2014,Yusuke Nagano; Kota Abe; Tomoaki Kitazawa; Mitsuru Hattori; Akira S. Hirao; Takao Itino,Ecology and Evolution,OpenAlex,Q1|Q3|Q4|Q6,OpenAlex:https://openalex.org/W2002456643,https://doi.org/10.1002/ece3.1191,4
bib_c6e473fc78c4754d,doi:10.1002/ece3.1410,10.1002/ece3.1410,When is it worth being a self‐compatible hermaphrodite? Context‐dependent effects of self‐pollination on female advantage in gynodioeciousSilene nutans,2015,Emna Lahiani; Pascal Touzet; Emmanuelle Billard; Mathilde Dufaÿ,Ecology and Evolution,OpenAlex,Q4,OpenAlex:https://openalex.org/W2045175280,https://doi.org/10.1002/ece3.1410,1
bib_b61ea0780c5981a7,doi:10.1002/ece3.1803,10.1002/ece3.1803,"Seasonal changes in pollen limitation and femaleness along the snowmelt gradient in a distylous alpine herb,Primula modesta",2015,Yoshiaki Kameyama; Manami Watanabe; Hideki Kurosawa; Takuya Nishimori; Daisuke Matsue; Masaaki Takyu,Ecology and Evolution,OpenAlex,Q7,OpenAlex:https://openalex.org/W1883119086,https://doi.org/10.1002/ece3.1803,1
bib_80efe9320e3042aa,doi:10.1002/ece3.3258,10.1002/ece3.3258,Phenotypic selection on flowering phenology and pollination efficiency traits between Primula populations with different pollinator assemblages,2017,Yun Wu; Qingjun Li,Ecology and Evolution,OpenAlex,Q3|Q4,OpenAlex:https://openalex.org/W2750484439,https://doi.org/10.1002/ece3.3258,2
bib_59520ae1408618ac,doi:10.1002/ece3.4989,10.1002/ece3.4989,Pollinator parasites and the evolution of floral traits,2019,Bertrand Fouks; Kaira Wagoner,Ecology and Evolution,OpenAlex,Q6,OpenAlex:https://openalex.org/W2945604397,https://doi.org/10.1002/ece3.4989,1
bib_6bd7f877391d0eb6,doi:10.1002/ece3.5201,10.1002/ece3.5201,The pollination system of the widely distributed mammal‐pollinated Mucuna macrocarpa (Fabaceae) in the tropics,2019,Shun Kobayashi; Tetsuo Denda; Jumlong Placksanoi; Surachit Waengsothorn; Chittima Aryuthaka; Somsak Panha; Masako Izawa,Ecology and Evolution,OpenAlex,Q4,OpenAlex:https://openalex.org/W2940890163,https://doi.org/10.1002/ece3.5201,1
bib_2d378d904bdd6741,doi:10.1002/ece3.5539,10.1002/ece3.5539,How does urbanization affect the reproductive characteristics and ecological affinities of street plant communities?,2019,James Desaegher; Sophie Nadot; Nathalie Machon; Bruno Colas,Ecology and Evolution,OpenAlex,Q1|Q3|Q4|Q5|Q6,OpenAlex:https://openalex.org/W2968883205,https://doi.org/10.1002/ece3.5539,5
bib_5ce347e62b70a0b9,doi:10.1002/ece3.5942,10.1002/ece3.5942,Ecological fitting is a sufficient driver of tight interactions between sunbirds and ornithophilous plants,2020,Štěpán Janeček; Kryštof Chmel; Guillermo Uceda‐Gómez; Petra Janečková; Eliška Chmelová; Zuzana Sejfová; Francis Luma Ewome,Ecology and Evolution,OpenAlex,Q6,OpenAlex:https://openalex.org/W3004518281,https://doi.org/10.1002/ece3.5942,1
bib_f992d55a3a0d1363,doi:10.1002/ece3.6396,10.1002/ece3.6396,The contribution of multiple barriers to reproduction between edaphically divergent lineages in the Amazonian tree Protium subserratum (Burseraceae),2020,Tracy M. Misiewicz; Tracey Simmons; Paul V. A. Fine,Ecology and Evolution,OpenAlex,Q5,OpenAlex:https://openalex.org/W3036049411,https://doi.org/10.1002/ece3.6396,1
bib_e92c4350f36aaf9b,doi:10.1002/ece3.70279,10.1002/ece3.70279,Ornithophily in the trumpet creeper ( Campsis radicans ),2024,Gary R. Graves,Ecology and Evolution,OpenAlex,Q1|Q2|Q4|Q5|Q6,OpenAlex:https://openalex.org/W4402463925,https://doi.org/10.1002/ece3.70279,5
bib_b374667848db261c,doi:10.1002/ece3.70674,10.1002/ece3.70674,"Nectar‐Feeding Behavior in the Mallee Ringneck, Barnardius zonarius barnardi",2025,Amanda A. Hewes; Alejandro Rico‐Guevara; Todd Jason McWhorter,Ecology and Evolution,OpenAlex,Q5,OpenAlex:https://openalex.org/W4406741518,https://doi.org/10.1002/ece3.70674,1
bib_e43a872e32a3d3a1,doi:10.1002/ece3.71717,10.1002/ece3.71717,"Landscape‐Wide Metabarcoding Shows Interactions Among the Gut Microbiome and Pollen Diversity in the Invasive Bumblebee, Bombus terrestris",2025,Sabrina Sharmin Haque; Hasinika K. A. H. Gamage; Cecilia Kardum Hjort; Fleur Ponton; Francisco Encinas‐Viso; Ian T. Paulsen; Rachael Y. Dudaniec,Ecology and Evolution,OpenAlex,Q6,OpenAlex:https://openalex.org/W4412068386,https://doi.org/10.1002/ece3.71717,1
bib_9dd54c4740d04b44,doi:10.1002/ece3.72133,10.1002/ece3.72133,"Floral Integration and Phenotypic Selection on Floral Traits of Ipomoea cavalcantei (Convolvulaceae), a Rare, Endemic, and Endangered Species to the Amazon Ironstone Outcrops",2025,Adriano Valentin‐Silva; Ana Carolina Galindo da Costa; Arthur Domingos‐Melo; Lucas Erickson Nascimento da Costa; Kleber Resende Silva; Carolina da Silva Carvalho; Maurício Takashi Coutinho Watanabe,Ecology and Evolution,OpenAlex,Q3|Q5,OpenAlex:https://openalex.org/W4414166869,https://doi.org/10.1002/ece3.72133,2
bib_96d70e34611cec03,doi:10.1002/ece3.72812,10.1002/ece3.72812,Study on Floral Syndrome and Breeding System of an Endangered Species Rhododendron nymphaeoides,2025,Jun Luo; Meng Chen; Haiyan Long; Yuting Zhu; Congjun Yuan; Kai Hu; Jin Chen; Run Liu; Xiaoyong Dai; Fangjun Ding,Ecology and Evolution,OpenAlex,Q5|Q6,OpenAlex:https://openalex.org/W7116959948,https://doi.org/10.1002/ece3.72812,2
bib_590f6b0d1ab607fc,doi:10.1002/ece3.73933,10.1002/ece3.73933,Nectar Robbery by Native and Invasive Bumblebees Reduces Floral Rewards but Not Seed Production in Desfontainia fulgens,2026,Carlos E. Valdivia; José I. Orellana,Ecology and Evolution,OpenAlex,Q1|Q2|Q4|Q5|Q7,OpenAlex:https://openalex.org/W7166545956,https://doi.org/10.1002/ece3.73933,5
bib_06f3796a44417123,doi:10.1002/ece3.74123,10.1002/ece3.74123,Mutualism and Antagonism in a Post‐Extinction Hawaiian Bird–Lobelioid Pollination System,2026,Samuel B. Case; Donald R. Drake; Kevin Epperly; Christopher Steinbronn; Keoki Kanakaokai; Molly E. Hagemann; Nathaniel H. Kingsley; Shannon Gregory; Hanna L. Mounce; Alejandro Rico‐Guevara,Ecology and Evolution,OpenAlex,Q1|Q3|Q5|Q6,OpenAlex:https://openalex.org/W7196986504,https://doi.org/10.1002/ece3.74123,4
bib_298cf66f26e33b31,doi:10.1002/ece3.8068,10.1002/ece3.8068,Novel nectar robbing negatively affects reproduction in Digitalis purpurea,2021,Christopher R. Mackin; Dave Goulson; María Clara Castellanos,Ecology and Evolution,OpenAlex,Q3|Q6|Q7,OpenAlex:https://openalex.org/W3163315994,https://doi.org/10.1002/ece3.8068,3
bib_f87b6e260ebc68d8,doi:10.1002/ece3.8325,10.1002/ece3.8325,Effects of different types of low‐intensity management on plant‐pollinator interactions in Estonian grasslands,2021,Elena Motivans Švara; Valentin Ştefan; Esther Sossai; Reinart Feldmann; Dianne Joy Aguilon; Anna Bontšutšnaja; Anna E‐Vojtkó; Isabel C. Kilian; Piret Lang; Marilin Mõtlep; Elisabeth Prangel; Mari‐Liis Viljur; Tiffany M. Knight; Lena Neuenkamp,Ecology and Evolution,OpenAlex,Q4|Q6|Q7,OpenAlex:https://openalex.org/W3217254773,https://doi.org/10.1002/ece3.8325,3
bib_5d3f66010fed371e,doi:10.1002/ece3.8490,10.1002/ece3.8490,Why flowers close at noon? A case study of an alpine species Gentianopsis paludosa (Gentianaceae),2022,Qinzheng Hou; Xiang H. Zhao; Xia Pang; Meiling Duan; Nurbiye Ehmet; Wenjuan Shao; Kun Sun,Ecology and Evolution,OpenAlex,Q4,OpenAlex:https://openalex.org/W4206531433,https://doi.org/10.1002/ece3.8490,1
bib_d038e6ef02c368ef,doi:10.1002/ece3.8686,10.1002/ece3.8686,Insect pest damage increases faba bean (Vicia faba) yield components but only in the absence of insect pollination,2022,Laura G. A. Riggi; Chloé Aline Raderschall; Ola Lundin,Ecology and Evolution,OpenAlex,Q6|Q7,OpenAlex:https://openalex.org/W4221007441,https://doi.org/10.1002/ece3.8686,2
bib_1c825f19ad8140d3,doi:10.1002/ece3.8988,10.1002/ece3.8988,Floral phenology of an Andean bellflower and pollination by buff‐tailed sicklebill hummingbird,2022,Mannfred M. A. Boehm; David Guevara‐Apaza; Jill E. Jankowski; Quentin Cronk,Ecology and Evolution,OpenAlex,Q4|Q5|Q6,OpenAlex:https://openalex.org/W4281838650,https://doi.org/10.1002/ece3.8988,3
bib_08f3febf7b74c8c1,doi:10.1002/ece3.9795,10.1002/ece3.9795,Spatial variation of pollen receipt and effects of heterospecific pollen on seed set in Salvia przewalskii,2023,Qiang Fang; Tao Zhang; Benjamin R. Montgomery,Ecology and Evolution,OpenAlex,Q3,OpenAlex:https://openalex.org/W4319066457,https://doi.org/10.1002/ece3.9795,1
bib_847608ef312bbe1a,doi:10.1002/ece3.9920,10.1002/ece3.9920,Features of floral odor and nectar in the distylous Luculia pinceana (Rubiaceae) promote compatible pollination by hawkmoths,2023,Xiaoyue Wang; Yan Chen; Yin Yi,Ecology and Evolution,OpenAlex,Q3|Q6|Q7,OpenAlex:https://openalex.org/W4328054274,https://doi.org/10.1002/ece3.9920,3
bib_8bc876f4e67a3294,doi:10.1002/ecog.07956,10.1002/ecog.07956,Generalised bumblebee–flower interactions demonstrate weak floral niche partitioning despite a high bee diversity,2025,Xin Feng Xu; Huan Liang; Zong‐Xin Ren; Pietro K. Maruyama; André Rodrigo Rech; Judith Trunschke; Yanhui Zhao; Haidong Li; Hong Wang,Ecography,OpenAlex,Q3|Q6|Q7,OpenAlex:https://openalex.org/W4412971899,https://doi.org/10.1002/ecog.07956,3
bib_decb32498daa21fd,doi:10.1002/ecs2.1326,10.1002/ecs2.1326,Florivory shapes both leaf and floral interactions,2016,Nicole L. Soper Gorden; Lynn S. Adler,Ecosphere,OpenAlex,Q4,OpenAlex:https://openalex.org/W2435941939,https://doi.org/10.1002/ecs2.1326,1
bib_b4dba108c4080830,doi:10.1002/ecs2.2459,10.1002/ecs2.2459,Legitimate visitors and nectar robbers of Aquilegia formosa have different effects on nectar bacterial communities,2018,Ash T. Zemenick; Jay A. Rosenheim; Rachel Lee Vannette,Ecosphere,OpenAlex,Q5,OpenAlex:https://openalex.org/W2898342007,https://doi.org/10.1002/ecs2.2459,1
bib_7e7a10a2518d795c,doi:10.1002/ecs2.2943,10.1002/ecs2.2943,"Geographic isolation, pollination syndromes, and pollinator generalization in HimalayanRoscoeaspp. (Zingiberaceae)",2019,Babu Ram Paudel; André Keßler; Mani R. Shrestha; Jian‐Li Zhao; Qingjun Li,Ecosphere,OpenAlex,Q1|Q3|Q4|Q5|Q6,OpenAlex:https://openalex.org/W2984597044,https://doi.org/10.1002/ecs2.2943,5
bib_29c95ac40ffb1555,doi:10.1002/ecs2.3251,10.1002/ecs2.3251,Seasonal change of flower sex ratio and pollinator dynamics in three reproductive ecotypes of protandrous plant,2020,Tsubasa Toji; Natsumi Ishimoto; Takao Itino,Ecosphere,OpenAlex,Q3|Q4|Q5,OpenAlex:https://openalex.org/W3088142208,https://doi.org/10.1002/ecs2.3251,3
bib_38ab642e150f9554,doi:10.1002/ecs2.3416,10.1002/ecs2.3416,Do plant ploidy and pollinator tongue length interact to cause low seed yield in red clover?,2021,Veronica Hederström; Maj Rundlöf; Göran Birgersson; Mattias C. Larsson; Anna Balkenius; Åsa Lankinen,Ecosphere,OpenAlex,Q3|Q4|Q6|Q7,OpenAlex:https://openalex.org/W3140671320,https://doi.org/10.1002/ecs2.3416,4
bib_17656738a56de327,doi:10.1002/ecs2.4077,10.1002/ecs2.4077,Nectar robbing rather than pollinator availability constrains reproduction of a bee‐flowered plant at high elevations,2022,Patrick L. Kohl; Ingolf Steffan‐Dewenter,Ecosphere,OpenAlex,Q3|Q5|Q7,OpenAlex:https://openalex.org/W4282835713,https://doi.org/10.1002/ecs2.4077,3
bib_80b024b00c232493,doi:10.1002/ecs2.4696,10.1002/ecs2.4696,Cheaters among pollinators: Nectar robbing and thieving vary spatiotemporally with floral traits in Afrotropical forests,2023,Sailee P. Sakhalkar; Štěpán Janeček; Yannick Klomberg; Jan E. J. Mertens; Jiří Hodeček; Robert Tropek,Ecosphere,OpenAlex,Q3|Q6,OpenAlex:https://openalex.org/W4388776165,https://doi.org/10.1002/ecs2.4696,2
bib_30b5a341b998d017,doi:10.1002/ecy.2395,10.1002/ecy.2395,Costs and benefits of alternative food handling tactics help explain facultative exploitation of pollination mutualisms,2018,Elinor M. Lichtenberg; Rebecca E. Irwin; Judith L. Bronstein,Ecology,OpenAlex,Q6|Q7,OpenAlex:https://openalex.org/W2803152041,https://doi.org/10.1002/ecy.2395,2
bib_0ba4f0d212e7a4e0,doi:10.1002/ecy.2553,10.1002/ecy.2553,Flower movement balances pollinator needs and pollen protection,2018,Alexander Haverkamp; Xiang Li; Bill S. Hansson; Ian Thomas Baldwin; Markus Knaden; Felipe Yon,Ecology,OpenAlex,Q6|Q7,OpenAlex:https://openalex.org/W2900063628,https://doi.org/10.1002/ecy.2553,2
bib_7e1ffdc9352e7846,doi:10.1002/ecy.2707,10.1002/ecy.2707,A meta‐analysis of herbivore effects on plant attractiveness to pollinators,2019,Xoaquín Moreira; Bastien Castagneyrol; Luis Abdala‐Roberts; Anna Traveset,Ecology,OpenAlex,Q3|Q4|Q6,OpenAlex:https://openalex.org/W2937285226,https://doi.org/10.1002/ecy.2707,3
bib_ae1f37c1bc15ea92,doi:10.1002/evl3.262,10.1002/evl3.262,Pollinators and herbivores interactively shape selection on strawberry defence and attraction,2021,Paul A. Egan; Anne Muola; Amy L. Parachnowitsch; Johan A. Stenberg,Evolution Letters,OpenAlex,Q4,OpenAlex:https://openalex.org/W3212807922,https://doi.org/10.1002/evl3.262,1
bib_1989f5cd1b3d0711,doi:10.1002/oik.11482,10.1002/oik.11482,Attractiveness of exotic invasive plants can disconnect native plants from their floral visitors,2025,Clément Tourbez; Natasha de Manincor; Guillaume Ghisbain; Denis Michez,Oikos,OpenAlex,Q5|Q6,OpenAlex:https://openalex.org/W4412413548,https://doi.org/10.1002/oik.11482,2
bib_715d8d39ac447e3e,doi:10.1002/oik.11552,10.1002/oik.11552,Trait matching affects the probability of nectar robbing in plant–pollinator networks,2025,Stéphane Aubert; François Duchenne; Boris A. Tinoco; Tatiana Santander; Esteban A. Guevara; Catherine Helen Graham,Oikos,OpenAlex,Q3,OpenAlex:https://openalex.org/W4415786484,https://doi.org/10.1002/oik.11552,1
bib_c2c39b498d9d8a60,doi:10.1006/anbo.2001.1485,10.1006/anbo.2001.1485,Reproductive Isolation in a Native Population of Petunia sensu Jussieu (Solanaceae),2001,Tatsuro Ando,Annals of Botany,OpenAlex,Q3|Q6,OpenAlex:https://openalex.org/W2131965316,https://doi.org/10.1006/anbo.2001.1485,2
bib_b09cdba9ed695282,doi:10.1007/s00040-014-0366-2,10.1007/s00040-014-0366-2,Getting to the start line: how bumblebees and honeybees are visually guided towards their first floral contact,2014,Levente L. Orbán; Catherine M. S. Plowright,Insectes Sociaux,OpenAlex,Q4|Q6,OpenAlex:https://openalex.org/W2049269326,https://doi.org/10.1007/s00040-014-0366-2,2
bib_a3c6a13e183fd63b,doi:10.1007/s00049-018-0252-x,10.1007/s00049-018-0252-x,Bacteria colonising Penstemon digitalis show volatile and tissue-specific responses to a natural concentration range of the floral volatile linalool,2018,Rosalie C. F. Burdon; Robert R. Junker; Douglas G. Scofield; Amy L. Parachnowitsch,Chemoecology,OpenAlex,Q4,OpenAlex:https://openalex.org/W2789890659,https://doi.org/10.1007/s00049-018-0252-x,1
bib_65293128d00b8ffa,doi:10.1007/s00122-021-03832-z,10.1007/s00122-021-03832-z,Paternal outcrossing success differs among faba bean genotypes and impacts breeding of synthetic cultivars,2021,Lisa Brünjes; Wolfgang Link,Theoretical and Applied Genetics,OpenAlex,Q4,OpenAlex:https://openalex.org/W3158451624,https://doi.org/10.1007/s00122-021-03832-z,1
bib_b631934c9348f0a0,doi:10.1007/s00248-022-02078-6,10.1007/s00248-022-02078-6,Nectar-Inhabiting Bacteria Affect Olfactory Responses of an Insect Parasitoid by Altering Nectar Odors,2022,Antonino Cusumano; P. Bella; Ezio Peri; Michael Rostás; Salvatore Guarino; Bart Lievens; Stefano Colazza,Microbial Ecology,OpenAlex,Q5,OpenAlex:https://openalex.org/W4289313472,https://doi.org/10.1007/s00248-022-02078-6,1
bib_6a22f44e4d119796,doi:10.1007/s00248-026-02741-2,10.1007/s00248-026-02741-2,"Filth Flies, Flowers and Food: Pollination by Flies (Calliphoridae) Does Not Affect the Strawberry Microbiome",2026,Jonathan T. D. Finch; Markus Riegler; James M. Cook; Laura E. Brettell,Microbial Ecology,OpenAlex,Q5,OpenAlex:https://openalex.org/W7140325667,https://doi.org/10.1007/s00248-026-02741-2,1
bib_3665acd6ed0c0891,doi:10.1007/s00265-021-03067-4,10.1007/s00265-021-03067-4,What is that smell? Hummingbirds avoid foraging on resources with defensive insect compounds,2021,Ashley Y. Kim; David T. Rankin; Erin E. Wilson Rankin,Behavioral Ecology and Sociobiology,OpenAlex,Q7,OpenAlex:https://openalex.org/W3198718108,https://doi.org/10.1007/s00265-021-03067-4,1
bib_9ab6c96492a9e0c4,doi:10.1007/s00359-019-01347-z,10.1007/s00359-019-01347-z,A matter of taste: the adverse effect of pollen compounds on the pre-ingestive gustatory experience of sugar solutions for honeybees,2019,Elizabeth Nicholls; S. S. Krishna; Owen N. Wright; Daniel Stabler; A. Krefft; Hema Somanathan; Natalie Hempel de Ibarra,Journal of Comparative Physiology A,OpenAlex,Q6,OpenAlex:https://openalex.org/W2950144534,https://doi.org/10.1007/s00359-019-01347-z,1
bib_607252b26b44ef4c,doi:10.1007/s00425-019-03168-5,10.1007/s00425-019-03168-5,Nectar composition in moth-pollinated Platanthera bifolia and P. chlorantha and its importance for reproductive success,2019,Emilia Brzosko; Andrzej Bajguz,Planta,OpenAlex,Q3|Q6,OpenAlex:https://openalex.org/W2941252191,https://doi.org/10.1007/s00425-019-03168-5,2
bib_761897f439674519,doi:10.1007/s00435-020-00507-z,10.1007/s00435-020-00507-z,Measuring proboscis length in Lepidoptera: a review,2020,Flóra Vajna; János Kis; Viktor Szigeti,Zoomorphology,OpenAlex,Q2|Q3|Q6,OpenAlex:https://openalex.org/W3109800971,https://doi.org/10.1007/s00435-020-00507-z,3
bib_22cb3b2bdce6e2d4,doi:10.1007/s00442-012-2290-3,10.1007/s00442-012-2290-3,Optimizing size thresholds in a plant–pollinator interaction web: towards a mechanistic understanding of ecological networks,2012,Sébastien Ibanez,Oecologia,OpenAlex,Q3|Q6|Q7,OpenAlex:https://openalex.org/W1985511583,https://doi.org/10.1007/s00442-012-2290-3,3
bib_a45146e002f9612e,doi:10.1007/s00442-013-2797-2,10.1007/s00442-013-2797-2,Plant–animal interactions in suburban environments: implications for floral evolution,2013,Rebecca E. Irwin; Paige S. Warren; Adrian L. Carper; Lynn S. Adler,Oecologia,OpenAlex,Q1|Q5,OpenAlex:https://openalex.org/W2034721418,https://doi.org/10.1007/s00442-013-2797-2,2
bib_1b6e6ba215f999f7,doi:10.1007/s00442-025-05718-z,10.1007/s00442-025-05718-z,Pollination efficiency of hummingbirds and flowerpiercers at the flowers of Lobelia laxiflora (Campanulaceae): morphological fit matters,2025,Stefan Abrahamczyk; Ruben Dürr; Emanuel Brenes; María A. Maglianesi,Oecologia,OpenAlex,Q1|Q3|Q6,OpenAlex:https://openalex.org/W4410010762,https://doi.org/10.1007/s00442-025-05718-z,3
bib_e8bd4df2fe17833d,doi:10.1007/s004420000580,10.1007/s004420000580,Causes and consequences of floral damage in Aconitum lycoctonum at high and low elevations in Switzerland,2001,Anna‐Barbara Utelli; Barbara A. Roy,Oecologia,OpenAlex,Q7,OpenAlex:https://openalex.org/W2029202857,https://doi.org/10.1007/s004420000580,1
bib_95d9afb20c3ec0bf,doi:10.1007/s004420100640,10.1007/s004420100640,Preferential nectar robbing of flowers with long corollas: experimental studies of two hummingbird species visiting three plant species,2001,Carlos Lara; Juan Francisco Ornelas,Oecologia,OpenAlex,Q1|Q6,OpenAlex:https://openalex.org/W2125284390,https://doi.org/10.1007/s004420100640,2
bib_b08ee59b8d6f2971,doi:10.1007/s00606-013-0794-x,10.1007/s00606-013-0794-x,Pollinators and nectar robbers cause directional selection for large spur circle in Impatiens oxyanthera (Balsaminaceae),2013,Qiong Wang; Yunxiang Li; Xiaozhen Pu; Liying Zhu; Tang Zheng; Qing Liu,Plant Systematics and Evolution,OpenAlex,Q1,OpenAlex:https://openalex.org/W2062696305,https://doi.org/10.1007/s00606-013-0794-x,1
bib_19293da9e4c1d3f6,doi:10.1007/s00606-018-1543-y,10.1007/s00606-018-1543-y,Pollination biology and breeding system in five nocturnal species of Oenothera (Onagraceae): reproductive assurance and opportunities for outcrossing,2018,Sebastian Antoń; Bożena Denisow,Plant Systematics and Evolution,OpenAlex,Q6,OpenAlex:https://openalex.org/W2893074675,https://doi.org/10.1007/s00606-018-1543-y,1
bib_faca2a49cbc3bda9,doi:10.1007/s00709-015-0794-5,10.1007/s00709-015-0794-5,Comparative floral spur anatomy and nectar secretion in four representatives of Ranunculaceae,2015,Sebastian Antoń; Magdalena Kamińska,PROTOPLASMA,OpenAlex,Q5|Q6,OpenAlex:https://openalex.org/W1983462620,https://doi.org/10.1007/s00709-015-0794-5,2
bib_1cec6c1296949236,doi:10.1007/s00709-015-0902-6,10.1007/s00709-015-0902-6,Floral nectar production and carbohydrate composition and the structure of receptacular nectaries in the invasive plant Bunias orientalis L. (Brassicaceae),2015,Bożena Denisow; Marzena Masierowska; Sebastian Antoń,PROTOPLASMA,OpenAlex,Q5|Q7,OpenAlex:https://openalex.org/W2277884739,https://doi.org/10.1007/s00709-015-0902-6,2
bib_cf088b9f69604a52,doi:10.1007/s00709-018-1269-2,10.1007/s00709-018-1269-2,Micromorphological and histochemical attributes of flowers and floral reward in Linaria vulgaris (Plantaginaceae),2018,Jacek Jachuła; Agata Konarska; Bożena Denisow,PROTOPLASMA,OpenAlex,Q4|Q7,OpenAlex:https://openalex.org/W2807045778,https://doi.org/10.1007/s00709-018-1269-2,2
bib_a59575cb1b44f3ec,doi:10.1007/s10265-021-01299-z,10.1007/s10265-021-01299-z,Corolla stickiness prevents nectar robbing in Erica,2021,Sam McCarren; Anina Coetzee; Jeremy J. Midgley,Journal of Plant Research,OpenAlex,Q1,OpenAlex:https://openalex.org/W3155401674,https://doi.org/10.1007/s10265-021-01299-z,1
bib_cc5c27d89b5b08bd,doi:10.1007/s10265-026-01722-3,10.1007/s10265-026-01722-3,Nectar robbing as a mechanism of biotic resistance against an invasive plant in the Galápagos Islands,2026,Luis Navarro; José María Gómez,Journal of Plant Research,OpenAlex,Q1|Q3|Q4|Q5,OpenAlex:https://openalex.org/W7160916618,https://doi.org/10.1007/s10265-026-01722-3,4
bib_f0e0efaf30f230ab,doi:10.1007/s10336-014-1146-5,10.1007/s10336-014-1146-5,Morphological and behavioural adaptations to feed on nectar: how feeding ecology determines the diversity and composition of hummingbird assemblages,2014,Stefan Abrahamczyk; Michael Kessler,Journal für Ornithologie,OpenAlex,Q1|Q3|Q4|Q6,OpenAlex:https://openalex.org/W2009515057,https://doi.org/10.1007/s10336-014-1146-5,4
bib_d0960d952cfda607,doi:10.1007/s10526-023-10237-y,10.1007/s10526-023-10237-y,The indirect effect of nectar-inhabiting yeasts on olfactory responses and longevity of two stink bug egg parasitoids,2024,Jay Darryl L. Ermio; Ezio Peri; P. Bella; Michael Rostás; Islam S. Sobhy; Tom Wenseleers; Stefano Colazza; Bart Lievens; Antonino Cusumano,BioControl,OpenAlex,Q5,OpenAlex:https://openalex.org/W4391187815,https://doi.org/10.1007/s10526-023-10237-y,1
bib_e83af757d425f52c,doi:10.1007/s10531-025-03225-4,10.1007/s10531-025-03225-4,Functional redundancy in invertebrate pollinator-predator networks supports conservation of a threatened North American orchid: a case study of Platanthera integrilabia,2026,Tara R. Littlefield; Sarah Kosieniak; Lawrence W. Zettler,Biodiversity and Conservation,OpenAlex,Q4|Q5|Q6,OpenAlex:https://openalex.org/W7118431838,https://doi.org/10.1007/s10531-025-03225-4,3
bib_6691639ffcff2e30,doi:10.1007/s10539-023-09929-7,10.1007/s10539-023-09929-7,The evolution of multispecies populations: a multilevel selection perspective,2023,Christopher Hunter Lean; Christopher J. Jones,Biology & Philosophy,OpenAlex,Q6,OpenAlex:https://openalex.org/W4386995549,http://dx.doi.org/10.1007/s10539-023-09929-7,1
bib_af396e6c4c55339a,doi:10.1007/s10646-023-02720-0,10.1007/s10646-023-02720-0,Seed treatment with clothianidin induces changes in plant metabolism and alters pollinator foraging preferences,2023,Björn K. Klatt; Annemarie Wurz; Lina Herbertsson; Maj Rundlöf; Glenn P. Svensson; Jürgen Kuhn; Sofie Vessling; Bernardo de La Vega; Teja Tscharntke; Yann Clough; Henrik G. Smith,Ecotoxicology,OpenAlex,Q4|Q6,OpenAlex:https://openalex.org/W4389428129,https://doi.org/10.1007/s10646-023-02720-0,2
bib_c591cbc7db4ecdc4,doi:10.1007/s10682-014-9736-5,10.1007/s10682-014-9736-5,Long corollas as nectar barriers in Lonicera implexa: interactions between corolla tube length and nectar volume,2015,Amparo Lázaro; Clara Vignolo; Luis Gerardo Samaniego Santamaría,Evolutionary Ecology,OpenAlex,Q1|Q3,OpenAlex:https://openalex.org/W2464209266,https://doi.org/10.1007/s10682-014-9736-5,2
bib_3b5f153ee09fa90f,doi:10.1007/s10682-017-9916-1,10.1007/s10682-017-9916-1,Nectar discovery speeds and multimodal displays: assessing nectar search times in bees with radiating and non-radiating guides,2017,David A. Lawson; Heather M. Whitney; Sean A. Rands,Evolutionary Ecology,OpenAlex,Q6,OpenAlex:https://openalex.org/W2744567900,https://doi.org/10.1007/s10682-017-9916-1,1
bib_60879bff3b334163,doi:10.1007/s10682-018-9962-3,10.1007/s10682-018-9962-3,The relative strength of different floral visitors driving floral evolution within a Primula secundiflora population,2018,Yun Wu; Tao P. Zhong; Guang-Li Liu; Lu-Wei Tan; Qingjun Li,Evolutionary Ecology,OpenAlex,Q3,OpenAlex:https://openalex.org/W2898669620,https://doi.org/10.1007/s10682-018-9962-3,1
bib_1c14ba99688aeaea,doi:10.1007/s10886-020-01213-2,10.1007/s10886-020-01213-2,Herbivory and Time Since Flowering Shape Floral Rewards and Pollinator-Pathogen Interactions,2020,Luis Alejandro Aguirre; Julie K. Davis; Philip C. Stevenson; Lynn S. Adler,Journal of Chemical Ecology,OpenAlex,Q6,OpenAlex:https://openalex.org/W3081944486,https://doi.org/10.1007/s10886-020-01213-2,1
bib_c2d712c76a28a1f8,doi:10.1007/s10980-021-01261-3,10.1007/s10980-021-01261-3,Identity of mass-flowering crops moderates functional trait composition of pollinator communities,2021,Nicole Beyer; Felix Kirsch; Doreen Gabriel; Catrin Westphal,Landscape Ecology,OpenAlex,Q6|Q7,OpenAlex:https://openalex.org/W3165183096,https://doi.org/10.1007/s10980-021-01261-3,2
bib_08e02fa6a4e05955,doi:10.1007/s10980-024-01899-9,10.1007/s10980-024-01899-9,"Multiscale spatial analysis of two plant–insect interactions: effects of landscape, resource distribution, and other insects",2024,Guillem Pocull; Carina A. Baskett; Nick Barton,Landscape Ecology,OpenAlex,Q5,OpenAlex:https://openalex.org/W4402186419,https://doi.org/10.1007/s10980-024-01899-9,1
bib_e853bd19965ea539,doi:10.1007/s11101-019-09642-y,10.1007/s11101-019-09642-y,For antagonists and mutualists: the paradox of insect toxic secondary metabolites in nectar and pollen,2019,Philip C. Stevenson,Phytochemistry Reviews,OpenAlex,Q6|Q7,OpenAlex:https://openalex.org/W2970593363,https://doi.org/10.1007/s11101-019-09642-y,2
bib_f57b127a34a8ca71,doi:10.1007/s11248-024-00394-w,10.1007/s11248-024-00394-w,Mosquito pollination of plants: an overview of their role and an assessment of the possible contribution of disease vectors,2024,Woodbridge A. Foster,Transgenic Research,OpenAlex,Q6,OpenAlex:https://openalex.org/W4401793623,https://doi.org/10.1007/s11248-024-00394-w,1
bib_e31cad209df874fe,doi:10.1007/s11252-026-01950-4,10.1007/s11252-026-01950-4,"Wild bees (hymenoptera, apoidea, anthophila) and flowers: evaluation of visit frequencies in urban nature reserves in Rome",2026,Lorenzo Fortini; Flavia Bartoli; Andrea Di Giulio,Urban Ecosystems,OpenAlex,Q4|Q6|Q7,OpenAlex:https://openalex.org/W7153461844,https://doi.org/10.1007/s11252-026-01950-4,3
bib_aa03f4a83b6f4802,doi:10.1007/s11252-026-01991-9,10.1007/s11252-026-01991-9,Green area size rather than urbanization ecological index modulates the specialization of flower-visitor networks of Leguminosae trees in a tropical metropolis in Brazil,2026,Thaís C. M. Andrade; Jéssica Luiza S. e Silva; Luanda Pinheiro; Talita Câmara; Ariadna Valentina Lopes,Urban Ecosystems,OpenAlex,Q5,OpenAlex:https://openalex.org/W7160525962,https://doi.org/10.1007/s11252-026-01991-9,1
bib_4f3e9da01e33c940,doi:10.1007/s11258-021-01162-0,10.1007/s11258-021-01162-0,Exotic insect pollinators and native pollination systems,2021,Scott E. Debnam; Agustín Sáez; Marcelo A. Aizen; Ragan M. Callaway,Plant Ecology,OpenAlex,Q6,OpenAlex:https://openalex.org/W3189282736,https://doi.org/10.1007/s11258-021-01162-0,1
bib_cd80626dea867f6c,doi:10.1007/s11284-008-0481-5,10.1007/s11284-008-0481-5,"Floral traits variation, legitimate pollination, and nectar robbing in Polygala vayredae (Polygalaceae)",2008,Sílvia Castro; Paulo Cardoso da Silveira; Luis Navarro,Ecological Research,OpenAlex,Q4|Q5,OpenAlex:https://openalex.org/W2013177683,https://doi.org/10.1007/s11284-008-0481-5,2
bib_7faf7004c1a8365f,doi:10.1007/s11284-013-1051-z,10.1007/s11284-013-1051-z,Community‐dependent foraging habits of flower visitors: cascading indirect interactions among five bumble bee species,2013,Hiroshi S. Ishii,Ecological Research,OpenAlex,Q7,OpenAlex:https://openalex.org/W2047606736,https://doi.org/10.1007/s11284-013-1051-z,1
bib_7479dc293e92515b,doi:10.1007/s11829-015-9379-7,10.1007/s11829-015-9379-7,The ecological role of extremely long-proboscid Neotropical butterflies (Lepidoptera: Hesperiidae) in plant-pollinator networks,2015,Julia Bauder; ANDREW DAVID WARREN; Harald Wolfgang Krenn,Arthropod-Plant Interactions,OpenAlex,Q2|Q3|Q5|Q6,OpenAlex:https://openalex.org/W621648762,https://doi.org/10.1007/s11829-015-9379-7,4
bib_01630e2922d20823,doi:10.1007/s11829-017-9525-5,10.1007/s11829-017-9525-5,Pollen and stamen mimicry: the alpine flora as a case study,2017,Klaus Lunau; Sabine Konzmann; Lena Winter; Vanessa Kamphausen; Zong‐Xin Ren,Arthropod-Plant Interactions,OpenAlex,Q4|Q6,OpenAlex:https://openalex.org/W2606744388,https://doi.org/10.1007/s11829-017-9525-5,2
bib_4a947b1382781475,doi:10.1007/s11829-020-09742-z,10.1007/s11829-020-09742-z,Floral temperature patterns can function as floral guides,2020,Michael J. M. Harrap; Natalie Hempel de Ibarra; Heather M. Whitney; Sean A. Rands,Arthropod-Plant Interactions,OpenAlex,Q6,OpenAlex:https://openalex.org/W3000123860,https://doi.org/10.1007/s11829-020-09742-z,1
bib_ad44b35837e7a16f,doi:10.1007/s11829-021-09843-3,10.1007/s11829-021-09843-3,Attraction of florivores and larcenists and interaction between antagonists in Senna rugosa (Fabaceae),2021,Ana Carolina Sabino de Oliveira; Jefferson Thiago Souza; Vinícius Lourenço Garcia de Brito; Natan Messias Almeida,Arthropod-Plant Interactions,OpenAlex,Q4,OpenAlex:https://openalex.org/W3169138107,https://doi.org/10.1007/s11829-021-09843-3,1
bib_0134dcf1a8d99b83,doi:10.1007/s11829-022-09895-z,10.1007/s11829-022-09895-z,Bumblebee floral neighbors promote nectar robbing in a hummingbird-pollinated plant species in Patagonia,2022,Sabrina S. Gavini; Emilia Moreno; Francisco Zamorano-Menay; Carolina Laura Morales; Marcelo A. Aizen,Arthropod-Plant Interactions,OpenAlex,Q7,OpenAlex:https://openalex.org/W4220904079,https://doi.org/10.1007/s11829-022-09895-z,1
bib_3a3b2e5f43b5f427,doi:10.1007/s11829-025-10131-7,10.1007/s11829-025-10131-7,Experimental florivory and its effects on pollinators of Opuntia cantabrigiensis Lynch (Cactaceae),2025,Diana Cárdenas-Ramos; María C. Mandujano,Arthropod-Plant Interactions,OpenAlex,Q4|Q5,OpenAlex:https://openalex.org/W4407420278,https://doi.org/10.1007/s11829-025-10131-7,2
bib_977156751b780dc2,doi:10.1007/s11829-025-10162-0,10.1007/s11829-025-10162-0,Leaky pollination barrier in edaphic vicarious alpine plants,2025,Thomas M. Huber; Roman Fuchs; Julian Robin; Andreas Tribsch; Stefan Dötterl; Hanno Schaefer,Arthropod-Plant Interactions,OpenAlex,Q3|Q5,OpenAlex:https://openalex.org/W4412154929,https://doi.org/10.1007/s11829-025-10162-0,2
bib_dcdd42f20d4dd53f,doi:10.1007/s11829-025-10170-0,10.1007/s11829-025-10170-0,Drought stress and intercropping affect pollinator behavior via altered plant and flower traits in a legume,2025,Theresa Marie Brandes; Nicole Beyer,Arthropod-Plant Interactions,OpenAlex,Q3|Q4|Q7,OpenAlex:https://openalex.org/W4413052621,https://doi.org/10.1007/s11829-025-10170-0,3
bib_3afe5a95fe10d836,doi:10.1007/s11829-026-10255-4,10.1007/s11829-026-10255-4,Effect of soil water deficit on flowers and plant-pollinator interactions of two blueberry cultivars,2026,Helena Castro; Monica Barman; Stefan Dötterl; Maria Celeste Dias; João Loureiro; Sílvia Castro,Arthropod-Plant Interactions,OpenAlex,Q1|Q4|Q5|Q6,OpenAlex:https://openalex.org/W7163579924,https://doi.org/10.1007/s11829-026-10255-4,4
bib_a02a63a3f1467685,doi:10.1007/s13592-014-0326-x,10.1007/s13592-014-0326-x,Do queens of bumblebee species differ in their choice of flower colour morphs of Corydalis cava (Fumariaceae)?,2014,Łukasz Myczko; Weronika Banaszak‐Cibicka; Tim H. Sparks; Piotr Tryjanowski,Apidologie,OpenAlex,Q5|Q6|Q7,OpenAlex:https://openalex.org/W2064420380,https://doi.org/10.1007/s13592-014-0326-x,3
bib_b9570129a74f5aa7,doi:10.1007/s13592-021-00895-1,10.1007/s13592-021-00895-1,Nectar concentrating behavior by bees (Hymenoptera: Anthophila),2021,Zachary M. Portman; John S. Ascher; Daniel P. Cariveau,Apidologie,OpenAlex,Q6|Q7,OpenAlex:https://openalex.org/W4200061120,https://doi.org/10.1007/s13592-021-00895-1,2
bib_ac935441f5619bb1,doi:10.1007/s13592-022-00944-3,10.1007/s13592-022-00944-3,Deconstructing and contextualizing foraging behavior in bumble bees and other central place foragers,2022,Jessica E. Sommer; Vijay Rao; Jordanna D. H. Sprayberry,Apidologie,OpenAlex,Q7,OpenAlex:https://openalex.org/W4283205200,https://doi.org/10.1007/s13592-022-00944-3,1
bib_a4fb6e5b76fb2a53,doi:10.1007/s13592-023-01024-w,10.1007/s13592-023-01024-w,A scientific note on pollinators’ ability to overcome exploitation barriers: deep hummingbird-evolved corollas and small-sized bees,2023,Manuela Giovanetti; Claudia Giuliani; Gelsomina Fico; Daniela Lupi,Apidologie,OpenAlex,Q1,OpenAlex:https://openalex.org/W4386098228,https://doi.org/10.1007/s13592-023-01024-w,1
bib_b786d97cd47fc736,doi:10.1007/s13592-024-01138-9,10.1007/s13592-024-01138-9,Why bumblebees have become model species in apidology: A brief history and perspectives,2025,Mathieu Lihoreau; Coline Monchanin; Mathilde Lacombrade; Joanna S. Brebner; Tamara Gómez‐Moracho,Apidologie,OpenAlex,Q6,OpenAlex:https://openalex.org/W4407138571,https://doi.org/10.1007/s13592-024-01138-9,1
bib_1c336d52469ecbc3,doi:10.1007/s13592-026-01300-5,10.1007/s13592-026-01300-5,Integrating morphological and molecular perspectives on foraging tactic constancy in a nectar-robbing bumble bee,2026,Natalie Fischer; Claudineia P. Costa; S. Hollis Woodard,Apidologie,OpenAlex,Q3|Q6|Q7,OpenAlex:https://openalex.org/W7211909473,https://doi.org/10.1007/s13592-026-01300-5,3
bib_90d8147239d29ccd,doi:10.1007/s13593-015-0342-x,10.1007/s13593-015-0342-x,Weed-insect pollinator networks as bio-indicators of ecological sustainability in agriculture. A review,2016,Orianne Rollin; Giovanni Benelli; Stefano Benvenuti; Axel Decourtye; S. D. Wratten; Angelo Canale; Nicolas Desneux,Agronomy for Sustainable Development,OpenAlex,Q5|Q6|Q7,OpenAlex:https://openalex.org/W2258564852,https://doi.org/10.1007/s13593-015-0342-x,3
bib_43a4db1f247f08e3,doi:10.1007/s42690-020-00323-4,10.1007/s42690-020-00323-4,Disentangling the path of pollinator attraction in temporarily colored flowers,2020,Samuel Boff; Jessica Amaral Henrique; Anna Friedel; Josué Raizer,International Journal of Tropical Insect Science,OpenAlex,Q4,OpenAlex:https://openalex.org/W3104342238,https://doi.org/10.1007/s42690-020-00323-4,1
bib_22eddb2655f9524b,doi:10.1007/s44372-025-00359-1,10.1007/s44372-025-00359-1,Management reduces floral damage by bees and beetles in Cereus jamacaru DC. (Cactaceae) in the Caatinga dry forest,2025,Ailza Maria de Lima-Nascimento; Jéssica Luiza S. Silva; Ulysses Paulino Albuquerque; Ariadna Valentina Lopes,Discover Plants.,OpenAlex,Q4|Q5,OpenAlex:https://openalex.org/W4414508215,https://doi.org/10.1007/s44372-025-00359-1,2
bib_16625e756d3fd68d,doi:10.1016/bs.aecr.2016.10.007,10.1016/bs.aecr.2016.10.007,Massively Introduced Managed Species and Their Consequences for Plant–Pollinator Interactions,2017,Benoît Geslin; Benoît Gauzens; Marjolaine Baude; Isabelle Dajoz; Colin Fontaine; Mickaël Henry; Lise Ropars; Orianne Rollin; Élisa Thébault; Nicolas J. Vereecken,Advances in ecological research/Advances in Ecological Research,OpenAlex,Q5|Q7,OpenAlex:https://openalex.org/W2572050383,https://doi.org/10.1016/bs.aecr.2016.10.007,2
bib_bacb02d22e086c49,doi:10.1016/bs.aecr.2020.08.001,10.1016/bs.aecr.2020.08.001,Invasive bees and their impact on agriculture,2020,Marcelo A. Aizen; Marina Paula Arbetman; Natacha Paola Chacoff; Vanina Ruth Chalcoff; Peter Feinsinger; Lucas A. Garibaldi; Lawrence D. Harder; Carolina Laura Morales; Agustín Sáez; Adam J. Vanbergen,Advances in ecological research/Advances in Ecological Research,OpenAlex,Q6|Q7,OpenAlex:https://openalex.org/W3082112715,https://doi.org/10.1016/bs.aecr.2020.08.001,2
bib_b1dd533e7f395e99,doi:10.1016/j.actao.2019.03.006,10.1016/j.actao.2019.03.006,"The presence of a larval honey bee parasite, Ascosphaera apis, on flowers reduces pollinator visitation to several plant species",2019,Babak Yousefi; Bertrand Fouks,Acta Oecologica,OpenAlex,Q6,OpenAlex:https://openalex.org/W2928234886,https://doi.org/10.1016/j.actao.2019.03.006,1
bib_f69f1011e986b2fb,doi:10.1016/j.actao.2020.103557,10.1016/j.actao.2020.103557,Does pollination syndrome reflect pollinator efficiency in Silene nutans?,2020,Maryse Vanderplanck; Pascal Touzet; Fabienne Van Rossum; Emna Lahiani; Isabelle De Cauwer; Mathilde Dufaÿ,Acta Oecologica,OpenAlex,Q4|Q6,OpenAlex:https://openalex.org/W3023244417,https://doi.org/10.1016/j.actao.2020.103557,2
bib_828ac70a5c49bce0,doi:10.1016/j.agee.2020.107189,10.1016/j.agee.2020.107189,"Landscape crop diversity and semi-natural habitat affect crop pollinators, pollination benefit and yield",2020,Chloé Aline Raderschall; Riccardo Bommarco; Sandra Lindström; Ola Lundin,Agriculture Ecosystems & Environment,OpenAlex,Q6|Q7,OpenAlex:https://openalex.org/W3094106515,https://doi.org/10.1016/j.agee.2020.107189,2
bib_2141768160a0ed13,doi:10.1016/j.agee.2021.107417,10.1016/j.agee.2021.107417,Landscape complexity benefits bumble bee visitation in faba bean (Vicia faba minor L.) but crop productivity is not pollinator-dependent,2021,Ola Lundin; Chloé Aline Raderschall,Agriculture Ecosystems & Environment,OpenAlex,Q6|Q7,OpenAlex:https://openalex.org/W3150396537,https://doi.org/10.1016/j.agee.2021.107417,2
bib_5e7b037d0c476e76,doi:10.1016/j.agee.2021.107447,10.1016/j.agee.2021.107447,Using ecological and field survey data to establish a national list of the wild bee pollinators of crops,2021,Louise A. Hutchinson; Tom Henry Oliver; Tom D. Breeze; Emily J. Bailes; Lisa Brünjes; Alistair John Campbell; Andreas Erhardt; Gerard Arjen de Groot; Rita Földesi; Daniel Garcı́a; Dave Goulson; Hélène Hainaut; Peter A. Hambäck; Andrea Holzschuh; Frank Jauker; Björn K. Klatt; Alexandra‐Maria Klein; David Kleijn; Anikó Kovács‐Hostyánszki; Elena Krimmer; Megan McKerchar; Marcos Miñarro; Benjamin Blair Phillips; Simon Geoffrey Potts; Gesine Pufal; Rita Radzevičiūtė; Stuart P. M. Roberts; Ulrika Samnegård; Jürg Schulze; Rosalind F. Shaw; Teja Tscharntke; Nicolas J. Vereecken; Duncan B. Westbury; Catrin Westphal; Alexander Wietzke; Ben Alex Woodcock; Michael P. D. Garratt,Agriculture Ecosystems & Environment,OpenAlex,Q6|Q7,OpenAlex:https://openalex.org/W3156539216,https://doi.org/10.1016/j.agee.2021.107447,2
bib_e742498a221d5995,doi:10.1016/j.agee.2021.107648,10.1016/j.agee.2021.107648,Supporting wild pollinators in agricultural landscapes through targeted legume mixtures,2021,Lorna J. Cole; John A. Baddeley; Duncan Robertson; K. Topp; Robin L. Walker; Christine A. Watson,Agriculture Ecosystems & Environment,OpenAlex,Q5|Q6|Q7,OpenAlex:https://openalex.org/W3202315257,https://doi.org/10.1016/j.agee.2021.107648,3
bib_06d7ed566d4bceca,doi:10.1016/j.agee.2021.107754,10.1016/j.agee.2021.107754,Annual flower strips and honeybee hive supplementation differently affect arthropod guilds and ecosystem services in a mass-flowering crop,2021,Chloé Aline Raderschall; Ola Lundin; Sandra Lindström; Riccardo Bommarco,Agriculture Ecosystems & Environment,OpenAlex,Q5,OpenAlex:https://openalex.org/W3216679355,https://doi.org/10.1016/j.agee.2021.107754,1
bib_126c39175772c1a1,doi:10.1016/j.agee.2023.108410,10.1016/j.agee.2023.108410,"Wild plants in hedgerows and weeds in crop fields are important floral resources for wild flower-visiting insects, independently of the presence of intercrops",2023,Stéphanie Aviron; Tina E. Berry; D. Leroy; Gérard Savary; Audrey Alignier,Agriculture Ecosystems & Environment,OpenAlex,Q5|Q7,OpenAlex:https://openalex.org/W4321196219,https://doi.org/10.1016/j.agee.2023.108410,2
bib_58019e08f7edbfc6,doi:10.1016/j.anbehav.2022.08.013,10.1016/j.anbehav.2022.08.013,Do bumble bees play?,2022,Hiruni Samadi Galpayage Dona; Cwyn Solvi; Amelia Kowalewska; Kaarle Mäkelä; HaDi MaBouDi; Lars Chıttka,Animal Behaviour,OpenAlex,Q6,OpenAlex:https://openalex.org/W4306774308,https://doi.org/10.1016/j.anbehav.2022.08.013,1
bib_8029790f074816d7,doi:10.1016/j.avrs.2022.100051,10.1016/j.avrs.2022.100051,Hummingbird-plant interactions in Chile: An ecological review of the available evidence,2022,Rodrigo G. Medel; Manuel López‐Aliste; Francisco E. Fontúrbel,Avian Research,OpenAlex,Q1|Q6,OpenAlex:https://openalex.org/W4289535576,https://doi.org/10.1016/j.avrs.2022.100051,2
bib_26e8f323efe41652,doi:10.1016/j.baae.2017.01.001,10.1016/j.baae.2017.01.001,Invasive bumble bees reduce nectar availability for honey bees by robbing raspberry flower buds,2017,Agustín Sáez; Carolina Laura Morales; Lucas A. Garibaldi; Marcelo A. Aizen,Basic and Applied Ecology,OpenAlex,Q7,OpenAlex:https://openalex.org/W2578084137,https://doi.org/10.1016/j.baae.2017.01.001,1
bib_1baf78f425aaef12,doi:10.1016/j.baae.2017.08.001,10.1016/j.baae.2017.08.001,The relation between oilseed rape and pollination of later flowering plants varies across plant species and landscape contexts,2017,Lina Herbertsson; Maj Rundlöf; Henrik G. Smith,Basic and Applied Ecology,OpenAlex,Q7,OpenAlex:https://openalex.org/W2744217359,https://doi.org/10.1016/j.baae.2017.08.001,1
bib_bda5a24e80f52b62,doi:10.1016/j.baae.2022.03.002,10.1016/j.baae.2022.03.002,"Landscape composition modifies pollinator densities, foraging behavior and yield formation in faba beans",2022,Nicole Beyer; Doreen Gabriel; Catrin Westphal,Basic and Applied Ecology,OpenAlex,Q7,OpenAlex:https://openalex.org/W4214889003,https://doi.org/10.1016/j.baae.2022.03.002,1
bib_e391301195e19cf8,doi:10.1016/j.baae.2023.05.006,10.1016/j.baae.2023.05.006,Partitioning pollination services to faba bean (Vicia faba L.) between managed honeybees and wild bees,2023,Ola Lundin,Basic and Applied Ecology,OpenAlex,Q6|Q7,OpenAlex:https://openalex.org/W4378469160,https://doi.org/10.1016/j.baae.2023.05.006,2
bib_33c1f2d9110f96fd,doi:10.1016/j.biocon.2008.07.029,10.1016/j.biocon.2008.07.029,"Habitat and flower resource partitioning by an exotic and three native bumble bees in central Hokkaido, Japan",2008,Hiroshi S. Ishii; Taku Kadoya; Reina Kikuchi; Shin‐ichi Suda; Izumi Washitani,Biological Conservation,OpenAlex,Q6|Q7,OpenAlex:https://openalex.org/W2134595804,https://doi.org/10.1016/j.biocon.2008.07.029,2
bib_bc57c52a0b0a4d48,doi:10.1016/j.cois.2017.05.013,10.1016/j.cois.2017.05.013,The behavioral ecology of nectar robbing: why be tactic constant?,2017,Judith L. Bronstein; Jessica L. Barker; Elinor M. Lichtenberg; Leif L. Richardson; Rebecca E. Irwin,Current Opinion in Insect Science,OpenAlex,Q8,OpenAlex:https://openalex.org/W2616831229,https://doi.org/10.1016/j.cois.2017.05.013,1
bib_0eb212e6b7eae7ca,doi:10.1016/j.cub.2017.07.012,10.1016/j.cub.2017.07.012,Distasteful Nectar Deters Floral Robbery,2017,Sarah E. Barlow; Geraldine A. Wright; Carolyn Ma; Marta Barberis; Iain W. Farrell; Emily Marr; Alice E. Brankin; Bruce Michael Pavlik; Philip C. Stevenson,Current Biology,OpenAlex,Q6|Q7,OpenAlex:https://openalex.org/W2743281604,https://doi.org/10.1016/j.cub.2017.07.012,2
bib_bc97a9ea2a1168a5,doi:10.1016/j.cub.2026.02.067,10.1016/j.cub.2026.02.067,Divergent nectar-feeding mechanisms evidenced by intralingual suction in sunbirds,2026,David Cuban; Cynthia Y. Wang‐Claypool; Yohanna Yohanna; Colleen Thelma Downs; Rauri C.K. Bowie; Fabian Brau; Steven D. Johnson; Alejandro Rico-Guevara,Current Biology,OpenAlex,Q5|Q6,OpenAlex:https://openalex.org/W7141379390,https://doi.org/10.1016/j.cub.2026.02.067,2
bib_59044282e7624983,doi:10.1016/j.dib.2025.112013,10.1016/j.dib.2025.112013,"A comprehensive dataset on pollinator diversity, visitation rates, individual-based traits, and pollination success across four plant species in an urban garden experiment in Zurich, Switzerland",2025,Merin Reji Chacko; Marco Moretti; David Johannes Frey,Data in Brief,OpenAlex,Q5|Q6,OpenAlex:https://openalex.org/W4413847408,https://doi.org/10.1016/j.dib.2025.112013,2
bib_84ba7ef4003c580d,doi:10.1016/j.flora.2016.09.010,10.1016/j.flora.2016.09.010,Geographic distribution and trait-mediated causes of nectar robbing by the European bumblebee Bombus terrestris on the Patagonian shrub Fuchsia magellanica,2016,Carlos E. Valdivia; José P. Carroza; José I. Orellana,Flora,OpenAlex,Q6,OpenAlex:https://openalex.org/W2531565396,https://doi.org/10.1016/j.flora.2016.09.010,1
bib_0e9bfb452de6a504,doi:10.1016/j.flora.2016.12.007,10.1016/j.flora.2016.12.007,"Floral biology, nectar secretion pattern and fruit set of a threatened Bignoniaceae tree from Brazilian tropical forest",2016,Camila Vaz de Souza; Massimo Nepi; Sílvia Rodrigues Machado; Elza Guimarães,Flora,OpenAlex,Q3|Q5|Q6|Q7,OpenAlex:https://openalex.org/W2564571744,https://doi.org/10.1016/j.flora.2016.12.007,4
bib_d39feb62e02be0a7,doi:10.1016/j.flora.2023.152418,10.1016/j.flora.2023.152418,Illegitimate flower visitors and pollinators are associated with different flower morphology: Evidence from five species of Penstemon (Plantaginaceae),2023,Rosa A. Rodríguez‐Peña; Andrea D. Wolfe,Flora,OpenAlex,Q4,OpenAlex:https://openalex.org/W4388672873,https://doi.org/10.1016/j.flora.2023.152418,1
bib_07f631202d307926,doi:10.1016/j.gecco.2022.e02243,10.1016/j.gecco.2022.e02243,Urbanization driving changes in plant species and communities – A global view,2022,Renata de Barros Ruas; Laís Mara Santana Costa; Fernanda Bered,Global Ecology and Conservation,OpenAlex,Q4,OpenAlex:https://openalex.org/W4288056683,https://doi.org/10.1016/j.gecco.2022.e02243,1
bib_d49d69a1079cd11a,doi:10.1016/j.isci.2026.114946,10.1016/j.isci.2026.114946,Yeast volatiles promote larceny in bumble bee behavior,2026,Daniel Souto‐Vilarós; Valerie N. Martin; Nicholas Dabagia; Drew M. Freshour; Natalie Rodriguez; Jade Stryker; Oriana Gutierrez; Caitlin C. Rering; Rebecca E. Irwin; Robert N. Schaeffer,iScience,OpenAlex,Q5,OpenAlex:https://openalex.org/W7128313116,https://doi.org/10.1016/j.isci.2026.114946,1
bib_e4f4e6909f887990,doi:10.1016/j.jinsphys.2020.104177,10.1016/j.jinsphys.2020.104177,Floral tea polyphenols can improve honey bee memory retention and olfactory sensitivity,2020,Zhiwen Gong; Gaoying Gu; Yuan Wang; Shihao Dong; Ken Tan; James Charles Nieh,Journal of Insect Physiology,OpenAlex,Q6,OpenAlex:https://openalex.org/W3108793625,https://doi.org/10.1016/j.jinsphys.2020.104177,1
bib_c04f6fac30ea377b,doi:10.1016/j.pld.2017.03.001,10.1016/j.pld.2017.03.001,"Natural selection on floral traits of Caltha scaposa (Ranunculaceae), an alpine perennial with generalized pollination system from Northwest Yunnan",2017,Guopeng Zhang; Li‐Hua Meng; Zhikun Wu; Zhiqiang Zhang; Ling-Juan Yin; Yongping Yang; Yuan‐Wen Duan,Acta Botanica Yunnanica,OpenAlex,Q4,OpenAlex:https://openalex.org/W2607212793,https://doi.org/10.1016/j.pld.2017.03.001,1
bib_d4f2f495b6b48df0,doi:10.1016/j.pld.2022.11.002,10.1016/j.pld.2022.11.002,Floral trait variation across individual plants within a population enhances defense capability to nectar robbing,2022,Shuang Tie; Yong‐Deng He; Amparo Lázaro; David W. Inouye; You‐Hao Guo; Chun‐Feng Yang,Acta Botanica Yunnanica,OpenAlex,Q1|Q2|Q3|Q4|Q6,OpenAlex:https://openalex.org/W4309196696,https://doi.org/10.1016/j.pld.2022.11.002,5
bib_a7eb0f3c2bf2ed31,doi:10.1016/j.rmb.2016.09.004,10.1016/j.rmb.2016.09.004,"Nectar robbing in Collaea cipoensis (Fabaceae), an endemic shrub of the Brazilian rupestrian grasslands",2016,Irene Gélvez‐Zúñiga; Armando Aguirre‐Jaimes; Silvana Martén‐Rodríguez; Vanessa Matos-Gomes; Arleu Barbosa; Leandra Bordignon; Rosana M. Rocha; Geraldo Wilson Fernandes,Revista Mexicana de Biodiversidad,OpenAlex,Q3|Q6,OpenAlex:https://openalex.org/W2550869983,https://doi.org/10.1016/j.rmb.2016.09.004,2
bib_3ec179c14b256d52,doi:10.1016/j.sajb.2009.07.009,10.1016/j.sajb.2009.07.009,Pollination of Plectranthus spp. (Lamiaceae) with sigmoid flowers in southern Africa,2009,C.J. Potgieter; T.J. Edwards; J. Van Staden,South African Journal of Botany,OpenAlex,Q3|Q6,OpenAlex:https://openalex.org/W1991549906,https://doi.org/10.1016/j.sajb.2009.07.009,2
bib_733265294f35ed1d,doi:10.1016/j.sajb.2009.08.001,10.1016/j.sajb.2009.08.001,Hyper-specialization for long-billed bird pollination in a guild of South African plants: the Malachite Sunbird pollination syndrome,2009,Sjirk Geerts; Anton Pauw,South African Journal of Botany,OpenAlex,Q3|Q5|Q6,OpenAlex:https://openalex.org/W2106353129,https://doi.org/10.1016/j.sajb.2009.08.001,3
bib_8ba09bae25e7bb15,doi:10.1016/j.sajb.2011.06.007,10.1016/j.sajb.2011.06.007,The cost of being specialized: Pollinator limitation in the endangered geophyte Brunsvigia litoralis (Amaryllidaceae) in the Cape Floristic Region of South Africa,2011,Sjirk Geerts; Anton Pauw,South African Journal of Botany,OpenAlex,Q3,OpenAlex:https://openalex.org/W2074336867,https://doi.org/10.1016/j.sajb.2011.06.007,1
bib_719c40e22626d7fe,doi:10.1016/j.sajb.2011.11.003,10.1016/j.sajb.2011.11.003,Experimental evidence for bird pollination and corolla damage by ants in the short-tubed flowers of Erica halicacaba (Ericaceae),2011,R. Turner; Jeremy J. Midgley; Phoebe Barnard; Robert E. Simmons; Steven D. Johnson,South African Journal of Botany,OpenAlex,Q1|Q3|Q5,OpenAlex:https://openalex.org/W2060327081,https://doi.org/10.1016/j.sajb.2011.11.003,3
bib_c8da85c3e8b8d935,doi:10.1016/j.sajb.2015.07.004,10.1016/j.sajb.2015.07.004,Sunbird-pollination in the geoflorous species Hyobanche sanguinea (Orobanchaceae) and Lachenalia luteola (Hyacinthaceae),2015,R. Turner; Jeremy J. Midgley,South African Journal of Botany,OpenAlex,Q1|Q3|Q5,OpenAlex:https://openalex.org/W1196357525,https://doi.org/10.1016/j.sajb.2015.07.004,3
bib_46b77f7b399b785a,doi:10.1016/j.sajb.2018.06.011,10.1016/j.sajb.2018.06.011,The functional role of the keel crest in Polygala myrtifolia (Polygalaceae) and its effects on pollinator visitation success,2018,Celeste de Kock; Corneile Minnaar; Klaus Lunau; Petra Wester; Christian Verhoeven; Melissa Jane Schulze; Matilda Rose Randle; Craig Robson; R.H. Bolus; Bruce C Anderson,South African Journal of Botany,OpenAlex,Q3|Q5|Q6,OpenAlex:https://openalex.org/W2836494528,https://doi.org/10.1016/j.sajb.2018.06.011,3
bib_898dfaee1e2dae56,doi:10.1016/j.sajb.2019.05.022,10.1016/j.sajb.2019.05.022,The breeding system of Watsonia knysnana (Iridaceae): an assessment of pollinator effectiveness,2019,Louise Bestea; Kevin A. Whitehead; Mark T. Brown,South African Journal of Botany,OpenAlex,Q5|Q6,OpenAlex:https://openalex.org/W2945540798,https://doi.org/10.1016/j.sajb.2019.05.022,2
bib_084795c81b66fa0e,doi:10.1016/j.tplants.2019.04.007,10.1016/j.tplants.2019.04.007,Ecology of Plastic Flowers,2019,Quint Rusman; Dani Lucas‐Barbosa; Erik H. Poelman; Marcel Dicke,Trends in Plant Science,OpenAlex,Q4|Q5,OpenAlex:https://openalex.org/W2949514699,https://doi.org/10.1016/j.tplants.2019.04.007,2
bib_fb2bf0a6fbfdc293,doi:10.1016/j.ympev.2014.02.006,10.1016/j.ympev.2014.02.006,"Phylogenetics and diversification of tanagers (Passeriformes: Thraupidae), the largest radiation of Neotropical songbirds",2014,Kevin J. Burns; Allison J. Shultz; Pascal O. Title; Nicholas A. Mason; F. Keith Barker; John Klicka; Scott M. Lanyon; Irby J. Lovette,Molecular Phylogenetics and Evolution,OpenAlex,Q6,OpenAlex:https://openalex.org/W2017093604,https://doi.org/10.1016/j.ympev.2014.02.006,1
bib_4d0dc72ad1b52ae2,doi:10.1016/s1146-609x(00)01085-7,10.1016/s1146-609x(00)01085-7,"Nectar robbing, forager efficiency and seed set: Bumblebees foraging on the self incompatible plant Linaria vulgaris (Scrophulariaceae)",2000,Jane C. Stout; John A. Allen; Dave Goulson,Acta Oecologica,OpenAlex,Q7,OpenAlex:https://openalex.org/W1977483140,https://doi.org/10.1016/s1146-609x(00)01085-7,1
bib_40116bbe901f343f,doi:10.1023/a:1011463520398,10.1023/a:1011463520398,Reproductive biology and effect of nectar robbing on fruit production in Macleania bullata (Ericaceae),2001,Luis Navarro,Plant Ecology,OpenAlex,Q5,OpenAlex:https://openalex.org/W2111800605,https://doi.org/10.1023/a:1011463520398,1
bib_96e3b158f425698b,doi:10.1038/s41467-022-35353-8,10.1038/s41467-022-35353-8,A signal-like role for floral humidity in a nocturnal pollination system,2022,Ajinkya Dahake; Piyush Jain; Caleb C. Vogt; William Kandalaft; Abraham Duncan Stroock; Robert A. Raguso,Nature Communications,OpenAlex,Q6,OpenAlex:https://openalex.org/W4311766672,https://doi.org/10.1038/s41467-022-35353-8,1
bib_8e5acc9bddc4b419,doi:10.1038/s41467-024-46841-4,10.1038/s41467-024-46841-4,Bee-pollination promotes rapid divergent evolution in plants growing in different soils,2024,Thomas Dorey; Florian P. Schiestl,Nature Communications,OpenAlex,Q4,OpenAlex:https://openalex.org/W4393217760,https://doi.org/10.1038/s41467-024-46841-4,1
bib_c3400ff1e6e13c32,doi:10.1038/s41586-024-07126-4,10.1038/s41586-024-07126-4,Bumblebees socially learn behaviour too complex to innovate alone,2024,Alice D. Bridges; Amanda L. Royka; Tara Wilson; Charlotte Lockwood; Jasmin Richter; Mikko Juusola; Lars Chıttka,Nature,OpenAlex,Q6,OpenAlex:https://openalex.org/W4392504616,https://doi.org/10.1038/s41586-024-07126-4,1
bib_54af473a612b03e1,doi:10.1038/s41598-019-43753-y,10.1038/s41598-019-43753-y,A comparison of coffee floral traits under two different agricultural practices,2019,Sara Guiti Prado; Jaime  Agustin Collazo; Philip C. Stevenson; Rebecca E. Irwin,Scientific Reports,OpenAlex,Q3|Q4|Q5,OpenAlex:https://openalex.org/W2946257926,https://doi.org/10.1038/s41598-019-43753-y,3
bib_414332ac1df64877,doi:10.1038/s41598-019-53355-3,10.1038/s41598-019-53355-3,Male flowers of Aconitum compensate for toxic pollen with increased floral signals and rewards for pollinators,2019,Anne‐Laure Jacquemart; Christel Buyens; Marie‐France Hérent; Joëlle Quetin‐Leclercq; Georges C. Lognay; Thierry Hance; Muriel Quinet,Scientific Reports,OpenAlex,Q1|Q2|Q6|Q7,OpenAlex:https://openalex.org/W2989541163,https://doi.org/10.1038/s41598-019-53355-3,4
bib_c372db92d92e8c29,doi:10.1038/s41598-020-63997-3,10.1038/s41598-020-63997-3,Nectar mimicry: a new phenomenon,2020,Klaus Lunau; Zong‐Xin Ren; Xiaoqing Fan; Judith Trunschke; Graham H. Pyke; Hong Wang,Scientific Reports,OpenAlex,Q6,OpenAlex:https://openalex.org/W3019870499,https://doi.org/10.1038/s41598-020-63997-3,1
bib_4bb9e353942e25c9,doi:10.1038/s41598-021-89012-x,10.1038/s41598-021-89012-x,Elevational and seasonal patterns of butterflies and hawkmoths in plant-pollinator networks in tropical rainforests of Mount Cameroon,2021,Jan E. J. Mertens; Lucas Brisson; Štěpán Janeček; Yannick Klomberg; Vincent Maicher; Szabolcs Sáfián; Sylvain Delabye; Pavel Potocký; Ishmeal N. Kobe; Tomasz Wilhelm Pyrcz; Robert Tropek,Scientific Reports,OpenAlex,Q3|Q6,OpenAlex:https://openalex.org/W3159405529,https://doi.org/10.1038/s41598-021-89012-x,2
bib_baf3b26d8c858b70,doi:10.1038/s41598-022-15090-0,10.1038/s41598-022-15090-0,Periodically taken photographs reveal the effect of pollinator insects on seed set in lotus flowers,2022,Mihoko Nagai; Yohei Higuchi; Yusei Ishikawa; Wei Guo; Tokihiro Fukatsu; Yuki G. Baba; Mayura B. Takada,Scientific Reports,OpenAlex,Q4|Q5,OpenAlex:https://openalex.org/W4285029509,https://doi.org/10.1038/s41598-022-15090-0,2
bib_9e2fb611f69a6ce5,doi:10.1038/s41598-022-16237-9,10.1038/s41598-022-16237-9,The Campsis-Icterus association as a model system for avian nectar-robbery studies,2022,Gary R. Graves,Scientific Reports,OpenAlex,Q1|Q2|Q4|Q5,OpenAlex:https://openalex.org/W4285087829,https://doi.org/10.1038/s41598-022-16237-9,4
bib_89c9388d9e390c46,doi:10.1038/s41598-023-43215-6,10.1038/s41598-023-43215-6,"Neither sulfoxaflor, Crithidia bombi, nor their combination impact bumble bee colony development or field bean pollination",2023,Edward A. Straw; Elena Cini; Harriet Gold; Alberto Linguadoca; Chloe Mayne; Joris Rockx; Mark J. F. Brown; Michael P. D. Garratt; Simon Geoffrey Potts; Deepa Senapathi,Scientific Reports,OpenAlex,Q7,OpenAlex:https://openalex.org/W4387210865,https://doi.org/10.1038/s41598-023-43215-6,1
bib_569aa6dafcb2b6e7,doi:10.1038/s41598-023-44822-z,10.1038/s41598-023-44822-z,The value of twinned pollinator-pollen metabarcoding: bumblebee pollination service is weakly partitioned within a UK grassland community,2023,Sandra Ronca; C. S. Ford; Joël Allanguillaume; Claudia Szabo; Richard Kipling; M. J. Wilkinson,Scientific Reports,OpenAlex,Q6|Q7,OpenAlex:https://openalex.org/W4387845735,https://doi.org/10.1038/s41598-023-44822-z,2
bib_def87a0868b826b0,doi:10.1038/s41598-024-55344-7,10.1038/s41598-024-55344-7,"Lack of pollinators selects for increased selfing, restricted gene flow and resource allocation in the rare Mediterranean sage Salvia brachyodon",2024,Boštjan Surina; Manica Balant; Peter Glasnović; Andrej Gogala; Živa Fišer; Zlatko Šatović; Zlatko Liber; Ivan Radosavljević; Regine Claßen‐Bockhoff,Scientific Reports,OpenAlex,Q5,OpenAlex:https://openalex.org/W4392297428,https://doi.org/10.1038/s41598-024-55344-7,1
bib_58ebb9c6555b33c6,doi:10.1038/s41598-025-20968-w,10.1038/s41598-025-20968-w,Interactions of flower visitors with bitter gourd (Momordica charantia L.) and effects of right target and wrong target flower visits on plant reproduction,2025,Ujjwal Layek; Sourabh Bisui; Prakash Karmakar,Scientific Reports,OpenAlex,Q4|Q5|Q6,OpenAlex:https://openalex.org/W4415423640,https://doi.org/10.1038/s41598-025-20968-w,3
bib_5e5baa1e5cc7380a,doi:10.1038/srep07721,10.1038/srep07721,Asymmetrical disassortative pollination in a distylous primrose: the complementary roles of bumblebee nectar robbers and syrphid flies,2015,Xingfu Zhu; Xianfeng Jiang; Li Li; Zhiqiang Zhang; Qingjun Li,Scientific Reports,OpenAlex,Q3|Q5|Q6|Q7,OpenAlex:https://openalex.org/W2024969640,https://doi.org/10.1038/srep07721,4
bib_0973d353694d53bd,doi:10.1038/srep22340,10.1038/srep22340,Tail-like anther crest aids pollination by manipulating pollinator’s behaviour in a wild ginger,2016,Yong‐Li Fan; Qingjun Li,Scientific Reports,OpenAlex,Q6,OpenAlex:https://openalex.org/W2330847544,https://doi.org/10.1038/srep22340,1
bib_6138afb02c21d5f9,doi:10.1039/c4np00159a,10.1039/c4np00159a,Improving our chemistry: challenges and opportunities in the interdisciplinary study of floral volatiles,2015,Robert A. Raguso; John N. Thompson; Diane R. Campbell,Natural Product Reports,OpenAlex,Q2,OpenAlex:https://openalex.org/W2043054112,https://doi.org/10.1039/c4np00159a,1
bib_06fe8bc4b0e6a24a,doi:10.1042/etls20190118,10.1042/etls20190118,A primer of host-plant specialization in bees,2020,Claus Rasmussen; Michael S. Engel; Nicolas J. Vereecken,Emerging Topics in Life Sciences,OpenAlex,Q5,OpenAlex:https://openalex.org/W3012252485,https://doi.org/10.1042/etls20190118,1
bib_7d36bb6438bb79f6,doi:10.1046/j.1095-8339.2002.00068.x,10.1046/j.1095-8339.2002.00068.x,Floral scents in butterfly-pollinated plants: possible convergence in chemical composition,2002,Susanna Andersson; L. Anders Nilsson; Inga Groth; Günnar Bergström,Botanical Journal of the Linnean Society,OpenAlex,Q5,OpenAlex:https://openalex.org/W2103856419,https://doi.org/10.1046/j.1095-8339.2002.00068.x,1
bib_aa3ba57128a646e0,doi:10.1046/j.1365-2745.2001.00512.x,10.1046/j.1365-2745.2001.00512.x,Variation in floral sex allocation and reproductive success within inflorescences of Corydalis ambigua (Fumariaceae): pollination efficiency or resource limitation?,2001,Gaku Kudo; Toshihiko Maeda; Kenji Narita,Journal of Ecology,OpenAlex,Q4,OpenAlex:https://openalex.org/W2010209270,https://doi.org/10.1046/j.1365-2745.2001.00512.x,1
bib_99513e9b650175c4,doi:10.1046/j.1469-8137.2003.00919.x,10.1046/j.1469-8137.2003.00919.x,Natural selection in Ipomopsis hybrid zones: implications for ecological speciation,2003,Diane R. Campbell,New Phytologist,OpenAlex,Q1|Q4|Q5,OpenAlex:https://openalex.org/W2059212078,https://doi.org/10.1046/j.1469-8137.2003.00919.x,3
bib_b10e9b456a404643,doi:10.1051/apido:2004055,10.1051/apido:2004055,Foraging behavior and pollinating effectiveness of Osmia cornuta (Hymenoptera: Megachilidae) and Apis mellifera (Hymenoptera: Apidae) on ?Comice? pear,2004,V�ctor H. Monz�n; Jordi Bosch; Javier Retana,Apidologie,OpenAlex,Q6,OpenAlex:https://openalex.org/W2111738423,https://doi.org/10.1051/apido:2004055,1
bib_fcae56bb368ff9eb,doi:10.1051/apido:2006019,10.1051/apido:2006019,A century of advances in bumblebee domestication and the economic and environmental aspects of its commercialization for pollination,2006,H. H. W. Velthuis; Adriaan van Doorn,Apidologie,OpenAlex,Q6,OpenAlex:https://openalex.org/W2068869349,https://doi.org/10.1051/apido:2006019,1
bib_d7a01c4121cab5cc,doi:10.1080/0028825x.2001.9512759,10.1080/0028825x.2001.9512759,"Pollinator limitation of seed set in Fuchsia perscandens (Onagraceae) on Banks Peninsula, South Island, New Zealand",2001,Benjamin R. Montgomery; Dave Kelly; Jenny J. Ladley,New Zealand Journal of Botany,OpenAlex,Q7,OpenAlex:https://openalex.org/W2077246428,https://doi.org/10.1080/0028825x.2001.9512759,1
bib_1994df68d9f5a2f2,doi:10.1080/0028825x.2005.9512943,10.1080/0028825x.2005.9512943,Progress in understanding pollination systems in New Zealand,2005,Linda E. Newstrom; Alastair W. Robertson,New Zealand Journal of Botany,OpenAlex,Q7,OpenAlex:https://openalex.org/W1964353064,https://doi.org/10.1080/0028825x.2005.9512943,1
bib_51164446c6d6fc89,doi:10.1080/09064710.2019.1596301,10.1080/09064710.2019.1596301,Repellency of insecticides and the effect of thiacloprid on bumble bee colony development in red clover (Trifolium pratense L.) seed crops,2019,Lars T. Havstad; John Ingar Øverland; Silja Valand; Trygve Aamlid,Acta Agriculturae Scandinavica Section B - Soil & Plant Science,OpenAlex,Q7,OpenAlex:https://openalex.org/W2924402370,https://doi.org/10.1080/09064710.2019.1596301,1
bib_074f546350fb6059,doi:10.1080/090647100750014402,10.1080/090647100750014402,Effects of Experimental Plant Density Reductions on Plant Choice and Foraging Behaviour of Bees (Hymenoptera:Apoidea),2000,Mats W. Pettersson; Erik Sjödin,Acta Agriculturae Scandinavica Section B - Soil & Plant Science,OpenAlex,Q7,OpenAlex:https://openalex.org/W2012237126,https://doi.org/10.1080/090647100750014402,1
bib_6f828ea8435cd03c,doi:10.1080/17429145.2021.2015466,10.1080/17429145.2021.2015466,A review of durian plant-bat pollinator interactions,2021,Aminuddin Baqi; Voon-Ching Lim; Hafiz Yazid; Faisal Ali Anwarali Khan; Ju Lian Chong; Bryan Raveen Nelson; Jaya Seelan Sathiya Seelan; Suganthi Appalasamy; Seri Intan Mokhtar; Jayaraj Vijaya Kumaran,Journal of Plant Interactions,OpenAlex,Q5,OpenAlex:https://openalex.org/W4205928003,https://doi.org/10.1080/17429145.2021.2015466,1
bib_45121d601b97b836,doi:10.1080/17550874.2019.1615146,10.1080/17550874.2019.1615146,"Nectar robbing does not affect female reproductive success of an endangered Antirrhinum species, Plantaginaceae",2019,Elena Carrió; Jaime Güemes,Plant Ecology & Diversity,OpenAlex,Q4,OpenAlex:https://openalex.org/W2943486627,https://doi.org/10.1080/17550874.2019.1615146,1
bib_e41fd68f880a12f8,doi:10.1080/23818107.2017.1383307,10.1080/23818107.2017.1383307,Effects of local abundance on pollination and reproduction in Delphinium fissum subsp. sordidum (Ranunculaceae),2017,Rubén Ramírez-Rodríguez; Francisco Amich,Botany Letters,OpenAlex,Q5,OpenAlex:https://openalex.org/W2765124242,https://doi.org/10.1080/23818107.2017.1383307,1
bib_e8e3092bea1998d2,doi:10.1086/705584,10.1086/705584,The Context Dependence of Pollinator-Mediated Selection in Natural Populations,2019,Nina Sletvold,International Journal of Plant Sciences,OpenAlex,Q1|Q2|Q4|Q5,OpenAlex:https://openalex.org/W2981026205,https://doi.org/10.1086/705584,4
bib_9addd3f67506cece,doi:10.1093/ae/54.1.36,10.1093/ae/54.1.36,Nectar and Resin Robbing in Stingless Bees,2008,Christina M. Murphy; Michael D. Breed,American Entomologist,OpenAlex,Q1|Q2|Q6,OpenAlex:https://openalex.org/W2057234999,https://doi.org/10.1093/ae/54.1.36,3
bib_297efd7217c9dee9,doi:10.1093/aob/mcaa103,10.1093/aob/mcaa103,Red flowers differ in shades between pollination systems and across continents,2020,Zhe Chen; Yang Niu; Liu Chang-qiu; Hang Sun,Annals of Botany,OpenAlex,Q4,OpenAlex:https://openalex.org/W3029145095,https://doi.org/10.1093/aob/mcaa103,1
bib_3590e503c1cf4e53,doi:10.1093/aob/mcad064,10.1093/aob/mcad064,Floral volatiles evoke partially similar responses in both florivores and pollinators and are correlated with non-volatile reward chemicals,2023,Rohit Sasidharan; Robert R. Junker; Elisabeth J. Eilers; Caroline Müller,Annals of Botany,OpenAlex,Q6,OpenAlex:https://openalex.org/W4377694161,https://doi.org/10.1093/aob/mcad064,1
bib_71f89337aa8b4c66,doi:10.1093/aob/mcad141,10.1093/aob/mcad141,"The evolution of flower–pollinator trait matching, and why do some alpine gingers appear to be mismatched?",2023,Bo Wang; Ze‐Yu Tong; Ying‐Ze Xiong; Xiaofan Wang; W. Scott Armbruster; Shuang‐Quan Huang,Annals of Botany,OpenAlex,Q3|Q4|Q5|Q6|Q7,OpenAlex:https://openalex.org/W4387033633,https://doi.org/10.1093/aob/mcad141,5
bib_2926b68ed30a91f9,doi:10.1093/aob/mcae047,10.1093/aob/mcae047,High toxin concentration in pollen may deter collection by bees in butterfly-pollinated Rhododendron molle,2024,Huihui Feng; Xiaowen Lv; Xiao‐Chen Yang; Shuang‐Quan Huang,Annals of Botany,OpenAlex,Q6,OpenAlex:https://openalex.org/W4392979542,https://doi.org/10.1093/aob/mcae047,1
bib_924958cbd64b7264,doi:10.1093/aob/mcae057,10.1093/aob/mcae057,The effect of global change on the expression and evolution of floral traits,2024,Samantha Day Briggs; Jill T. Anderson,Annals of Botany,OpenAlex,Q4|Q5|Q6,OpenAlex:https://openalex.org/W4394761049,https://doi.org/10.1093/aob/mcae057,3
bib_12b0e92d9b4b02be,doi:10.1093/aob/mcae118,10.1093/aob/mcae118,Simulation of early season herbivory via mechanical damage affects flower production in pumpkin (Cucurbita pepo ssp. pepo),2024,Hannah L. Gray; Nicholas A. Ivers; Leeah I. Richardson; Margarita María López-Uribe; Shalene Jha,Annals of Botany,OpenAlex,Q1|Q5,OpenAlex:https://openalex.org/W4401253118,https://doi.org/10.1093/aob/mcae118,2
bib_3cae72a893201f2c,doi:10.1093/aob/mcae155,10.1093/aob/mcae155,Floral resource availability declines and florivory increases along an elevation gradient in a highly biodiverse community,2024,Irene Gélvez‐Zúñiga; Marina do Vale Beirão; Samuel Novais; Julio Cesar Lopes Santiago; Geraldo Wilson Fernandes,Annals of Botany,OpenAlex,Q4,OpenAlex:https://openalex.org/W4402204282,https://doi.org/10.1093/aob/mcae155,1
bib_8465f3efa71f5e16,doi:10.1093/aob/mcaf069,10.1093/aob/mcaf069,Tiny but significant: on the importance of thrips as pollinators,2025,Cristina Pop; Irene Terry; Laurence Alfred Mound; Casper J. van der Kooi,Annals of Botany,OpenAlex,Q5,OpenAlex:https://openalex.org/W4409544593,https://doi.org/10.1093/aob/mcaf069,1
bib_8f5c5cc46550b26c,doi:10.1093/aob/mch013,10.1093/aob/mch013,Pollination Ecology and Pollination System of Impatiens reptans (Balsaminaceae) Endemic to China,2004,Jun Tian,Annals of Botany,OpenAlex,Q6,OpenAlex:https://openalex.org/W2070163207,https://doi.org/10.1093/aob/mch013,1
bib_63e875d9043a0a02,doi:10.1093/aob/mcj012,10.1093/aob/mcj012,Comparison of Pollen Transfer Dynamics by Multiple Floral Visitors: Experiments with Pollen and Fluorescent Dye,2005,Lynn S. Adler; Rebecca E. Irwin,Annals of Botany,OpenAlex,Q5,OpenAlex:https://openalex.org/W2138747635,https://doi.org/10.1093/aob/mcj012,1
bib_17ca645a5f16f17e,doi:10.1093/aob/mcm036,10.1093/aob/mcm036,Floral Diversity and Pollen Transfer Mechanisms in Bird-pollinated Salvia Species,2007,Petra Wester; Regine Claßen‐Bockhoff,Annals of Botany,OpenAlex,Q1|Q3|Q6,OpenAlex:https://openalex.org/W2136174178,https://doi.org/10.1093/aob/mcm036,3
bib_eedc3fd4ef138a6e,doi:10.1093/aob/mcn106,10.1093/aob/mcn106,"Flower Morphology, Pollination Biology and Mating System of the Complex Flower of Vigna caracalla (Fabaceae: Papilionoideae)",2008,Angela Virginia Etcheverry; María M. Alemán; Trinidad Figueroa Fleming,Annals of Botany,OpenAlex,Q5|Q6,OpenAlex:https://openalex.org/W2146927217,https://doi.org/10.1093/aob/mcn106,2
bib_7229f03b404d2e58,doi:10.1093/aob/mcn260,10.1093/aob/mcn260,"A generalized pollination system in the tropics: bats, birds and Aphelandra acanthus",2009,Nathan C. Muchhala; Angélica Caiza; Juan Carlos Vizuete; James D. Thomson,Annals of Botany,OpenAlex,Q5,OpenAlex:https://openalex.org/W2113571065,https://doi.org/10.1093/aob/mcn260,1
bib_5788a10be1bfb681,doi:10.1093/aob/mcp027,10.1093/aob/mcp027,Size-specific interaction patterns and size matching in a plant–pollinator interaction web,2009,Martina Stang; Peter G. L. Klinkhamer; Nickolas M. Waser; Ingo Stang; Eddy van der Meijden,Annals of Botany,OpenAlex,Q3|Q4|Q6|Q7,OpenAlex:https://openalex.org/W2163092326,https://doi.org/10.1093/aob/mcp027,4
bib_545611ff24f3be38,doi:10.1093/aob/mcr008,10.1093/aob/mcr008,Reproductive biology of Abolboda pulchella and A. poarchon (Xyridaceae: Poales),2011,Aline Oriani; Vera Lúcia Scatena,Annals of Botany,OpenAlex,Q5|Q6,OpenAlex:https://openalex.org/W2137005676,https://doi.org/10.1093/aob/mcr008,2
bib_617ef8b26a5db051,doi:10.1093/aob/mcr172,10.1093/aob/mcr172,The natural history of pollination and mating in bird-pollinated Babiana (Iridaceae),2011,Caroli de Waal; Bruce C Anderson; Spencer C. H. Barrett,Annals of Botany,OpenAlex,Q3|Q4|Q5|Q6,OpenAlex:https://openalex.org/W2129714906,https://doi.org/10.1093/aob/mcr172,4
bib_db09a44157fdfabf,doi:10.1093/aob/mcr324,10.1093/aob/mcr324,Floral traits mediate the vulnerability of aloes to pollen theft and inefficient pollination by bees,2012,Anna L. Hargreaves; Lawrence D. Harder; Steven D. Johnson,Annals of Botany,OpenAlex,Q1|Q5,OpenAlex:https://openalex.org/W2118392058,https://doi.org/10.1093/aob/mcr324,2
bib_84894207d8d54079,doi:10.1093/aob/mct219,10.1093/aob/mct219,Floral adaptation to local pollinator guilds in a terrestrial orchid,2013,Mimi Sun; Karin Gross; Florian P. Schiestl,Annals of Botany,OpenAlex,Q1|Q4|Q5|Q6,OpenAlex:https://openalex.org/W2135760954,https://doi.org/10.1093/aob/mct219,4
bib_4dc517179b45367a,doi:10.1093/aob/mcu204,10.1093/aob/mcu204,Frequency-dependent pollinator discrimination acts against female plants in the gynodioecious Geranium maculatum,2014,Megan L. Van Etten; Shu‐Mei Chang,Annals of Botany,OpenAlex,Q4,OpenAlex:https://openalex.org/W1977332017,https://doi.org/10.1093/aob/mcu204,1
bib_c371756830d315a3,doi:10.1093/aob/mcw097,10.1093/aob/mcw097,Geographic consistency and variation in conflicting selection generated by pollinators and seed predators,2016,Shi‐Guo Sun; W. Scott Armbruster; Shuang‐Quan Huang,Annals of Botany,OpenAlex,Q1|Q3|Q4|Q5|Q6,OpenAlex:https://openalex.org/W2468917534,https://doi.org/10.1093/aob/mcw097,5
bib_fb3c1090b71be87b,doi:10.1093/aob/mcw285,10.1093/aob/mcw285,"Nectar replenishment maintains the neutral effects of nectar robbing on female reproductive success of Salvia przewalskii (Lamiaceae), a plant pollinated and robbed by bumble bees",2016,Zhong‐Ming Ye; Xiao‐Fang Jin; Qingfeng Wang; Chun‐Feng Yang; David W. Inouye,Annals of Botany,OpenAlex,Q7,OpenAlex:https://openalex.org/W2583318514,https://doi.org/10.1093/aob/mcw285,1
bib_80b8cadd7d34ab2b,doi:10.1093/aob/mcx034,10.1093/aob/mcx034,ContentSnapshots,2017,,Annals of Botany,OpenAlex,Q7,OpenAlex:https://openalex.org/W4237782930,https://doi.org/10.1093/aob/mcx034,1
bib_9e7100686cad5425,doi:10.1093/aobpla/plaa046,10.1093/aobpla/plaa046,Pollinators drive floral evolution in an Atlantic Forest genus,2020,Beatriz Gonçalves Neves; Igor Musauer Kessous; Ricardo Loyola de Moura; Dayvid Rodrigues Couto; Camila Martini Zanella; Alexandre Antonelli; Christine D. Bacon; Fabiano Salgueiro; Andréa Ferreira da Costa,AoB Plants,OpenAlex,Q5,OpenAlex:https://openalex.org/W3081136568,https://doi.org/10.1093/aobpla/plaa046,1
bib_dc4ce587c044f06a,doi:10.1093/aobpla/plab006,10.1093/aobpla/plab006,Intraspecific relationships between floral signals and rewards with implications for plant fitness,2021,Carla J. Essenberg,AoB Plants,OpenAlex,Q4|Q5,OpenAlex:https://openalex.org/W3123306028,https://doi.org/10.1093/aobpla/plab006,2
bib_0510c4fc01a42923,doi:10.1093/aobpla/plab029,10.1093/aobpla/plab029,Do flowers removed of either nectar or pollen attract fewer bumblebee pollinators? An experimental test in Impatiens oxyanthera,2021,Deng-fei Li; Yan Xian-chun; Yi Ming Lin; Li Wang; Qiong Wang,AoB Plants,OpenAlex,Q6,OpenAlex:https://openalex.org/W3166897683,https://doi.org/10.1093/aobpla/plab029,1
bib_3f642f107aa280db,doi:10.1093/aobpla/plae065,10.1093/aobpla/plae065,Pollination effectiveness affects the level of generalisation of a plant species with phenotypically plastic flowers,2025,José M. Gómez; Luis Navarro; Adela González‐Megías; Cristina Armas; Francisco Perfectti; Ángel Caravantes; Raquel Sánchez,AoB Plants,OpenAlex,Q3|Q5|Q6|Q7,OpenAlex:https://openalex.org/W4406268820,https://doi.org/10.1093/aobpla/plae065,4
bib_aab4dd4a71a53058,doi:10.1093/aobpla/plaf046,10.1093/aobpla/plaf046,Temporal dynamics of floral characteristics and reproduction output of Impatiens oxyanthera under warming,2025,Qiao Yan; Qiuhai Su; Dengfei Li; Qiong Wang,AoB Plants,OpenAlex,Q3|Q4|Q5,OpenAlex:https://openalex.org/W4413842410,https://doi.org/10.1093/aobpla/plaf046,3
bib_901e657b81358ca7,doi:10.1093/aobpla/plu003,10.1093/aobpla/plu003,"Floral specialization and angiosperm diversity: phenotypic divergence, fitness trade-offs and realized pollination accuracy",2014,W. Scott Armbruster,AoB Plants,OpenAlex,Q4|Q5|Q6|Q7,OpenAlex:https://openalex.org/W2162104568,https://doi.org/10.1093/aobpla/plu003,4
bib_5598740e52911d9e,doi:10.1093/aobpla/plu031,10.1093/aobpla/plu031,Effects of pollination limitation and seed predation on female reproductive success of a deceptive orchid,2014,Ryan P. Walsh; Paige M. Arnold; Helen J. Michaels,AoB Plants,OpenAlex,Q4,OpenAlex:https://openalex.org/W2100102900,https://doi.org/10.1093/aobpla/plu031,1
bib_170717bae4c34f7a,doi:10.1093/aobpla/plv019,10.1093/aobpla/plv019,Rainwater in cupulate bracts repels seed herbivores in a bumblebee-pollinated subalpine flower,2015,Shi‐Guo Sun; Shuang‐Quan Huang,AoB Plants,OpenAlex,Q4|Q5|Q6,OpenAlex:https://openalex.org/W2159420147,https://doi.org/10.1093/aobpla/plv019,3
bib_53d3d43804bcff5d,doi:10.1093/aobpla/ply071,10.1093/aobpla/ply071,On the origin of orphan hybrids betweenAquilegia formosaandAquilegia flavescens,2018,Jeffrey S. Groh; Diana M. Percy; Curtis R. Björk; Quentin Cronk,AoB Plants,OpenAlex,Q5|Q6,OpenAlex:https://openalex.org/W2901453572,https://doi.org/10.1093/aobpla/ply071,2
bib_9805966ea4e98972,doi:10.1093/aobpla/plz078,10.1093/aobpla/plz078,Continuous variation in herkogamy enhances the reproductive response of Lonicera implexa to spatial variation in pollinator assemblages,2019,Amparo Lázaro; Jaume Seguí; Luis Gerardo Samaniego Santamaría,AoB Plants,OpenAlex,Q1|Q3|Q4|Q5|Q6|Q7,OpenAlex:https://openalex.org/W2993924756,https://doi.org/10.1093/aobpla/plz078,6
bib_305688a8893116bc,doi:10.1093/beheco/arae083,10.1093/beheco/arae083,Learning to handle flowers increases pollen collection for bees but does not affect pollination success for plants,2024,Maggie M. Mayberry; Katherine C. Naumer; Annaliese N Novinger; Dalton M. McCart; Rachel V. Wilkins; H. David Muse; Tia‐Lynn Ashman; Avery L. Russell,Behavioral Ecology,OpenAlex,Q5|Q6,OpenAlex:https://openalex.org/W4403114001,https://doi.org/10.1093/beheco/arae083,2
bib_ed824ca00feb5a64,doi:10.1093/biolinnean/blad164,10.1093/biolinnean/blad164,Mixed mating patterns in morphologically diverse bumblebee-pollinated Salvia species from China,2023,Hanwen Xiao; Yanbo Huang; Qingshan Liu; Regine Claßen‐Bockhoff; Ru-Nan Tian; Yukun K Wei,Biological Journal of the Linnean Society,OpenAlex,Q1|Q3|Q5|Q6,OpenAlex:https://openalex.org/W4388857470,https://doi.org/10.1093/biolinnean/blad164,4
bib_a2f232e15ad8209f,doi:10.1093/biolinnean/blae013,10.1093/biolinnean/blae013,Complex floral morphology and scent chemistry mediate hawkmoth pollination of an African orchid in the diverse Habenaria clade,2024,Steven D. Johnson; Marco G. Balducci; Adam Shuttleworth,Biological Journal of the Linnean Society,OpenAlex,Q5|Q6|Q7,OpenAlex:https://openalex.org/W4392885445,https://doi.org/10.1093/biolinnean/blae013,3
bib_5fe4d69e4dc9d8f1,doi:10.1093/biolinnean/blaf093,10.1093/biolinnean/blaf093,Improving allometric models to estimate the proboscis length of tropical bees,2025,Kilian Frühholz; Kenneth Kuba; Maximilian Pitz; Julia Windl; Alexander Keller; Gunnar Brehm; Claus Rasmussen; Sara D. Leonhardt; Ugo Mendes Diniz,Biological Journal of the Linnean Society,OpenAlex,Q3|Q6|Q7,OpenAlex:https://openalex.org/W4414966041,https://doi.org/10.1093/biolinnean/blaf093,3
bib_10d0fae71ce3864a,doi:10.1093/botlinnean/boy016,10.1093/botlinnean/boy016,"Diversity of floral nectary secretions and structure, and implications for their evolution in Anacardiaceae",2018,Elisabeth Dantas Tölke; Julien B Bachelier; Elimar A Lima; Leonardo Galetto; Diego Demarco; Sandra Maria Carmello‐Guerreiro,Botanical Journal of the Linnean Society,OpenAlex,Q5,OpenAlex:https://openalex.org/W2800514257,https://doi.org/10.1093/botlinnean/boy016,1
bib_089fdb1ba05cae9b,doi:10.1093/cz/zoab015,10.1093/cz/zoab015,Florivory by the occupants of phytotelmata in flower parts can decrease host plant fecundity,2021,Caio César Corrêa Missagia; Maria Alice S. Alves,Current Zoology,OpenAlex,Q5,OpenAlex:https://openalex.org/W3132946444,https://doi.org/10.1093/cz/zoab015,1
bib_3eb156844c99b5d1,doi:10.1093/czoolo/57.4.468,10.1093/czoolo/57.4.468,Memory for location and visual cues in white-eared hummingbirds Hylocharis leucotis,2011,Guillermo Pérez; Carlos Lara; José A. Viccon‐Pale; Martha Signoret-Poillon,Current Zoology,OpenAlex,Q1,OpenAlex:https://openalex.org/W58772543,https://doi.org/10.1093/czoolo/57.4.468,1
bib_98cfb5f3b8b33f6a,doi:10.1093/ee/nvae126,10.1093/ee/nvae126,"Pacific Northwest native plants and native cultivars, part I: pollinator visitation",2025,Jen Hayes; Nicole C. S. Bell; Lincoln R. Best; Svea R Bruslind; Devon O Johnson; Mallory E. Mead; Tyler S Spofford; Gail Langellotto,Environmental Entomology,OpenAlex,Q4|Q5,OpenAlex:https://openalex.org/W4406337286,https://doi.org/10.1093/ee/nvae126,2
bib_fc7066ccdcc8bb07,doi:10.1093/evolut/qpac056,10.1093/evolut/qpac056,The evolution of partner specificity in mutualisms,2022,Christopher I. Carlson; Erol Akçay; Bryce Morsky,Evolution,OpenAlex,Q6,OpenAlex:https://openalex.org/W4319293790,https://doi.org/10.1093/evolut/qpac056,1
bib_98312003c844e839,doi:10.1093/femsec/fix150,10.1093/femsec/fix150,Solving the puzzle of yeast survival in ephemeral nectar systems: exponential growth is not enough,2017,Sebastian Hausmann; Britta Tietjen; Matthias C. Rillig,FEMS Microbiology Ecology,OpenAlex,Q6,OpenAlex:https://openalex.org/W2772473659,https://doi.org/10.1093/femsec/fix150,1
bib_1556cb9234749953,doi:10.1093/jee/toaf242,10.1093/jee/toaf242,"Historical agroeconomic analysis of the relationship between commercial pollinator use and Vaccinium angustifolium (Ericales: Ericaceae) yield in Quebec, Canada (2015–2021)",2025,Mireille Lévesque; Frédéric McCune; Valérie Fournier; Pierre Giovenazzo,Journal of Economic Entomology,OpenAlex,Q5|Q6,OpenAlex:https://openalex.org/W4415756975,https://doi.org/10.1093/jee/toaf242,2
bib_a30ee4e8068f4d81,doi:10.1093/jisesa/iead006,10.1093/jisesa/iead006,Morphological Variation in Bumblebees (Bombus terrestris) (Hymenoptera:Apidae) After Three Decades of an Island Invasion,2023,Cecilia Kardum Hjort; Henrik G. Smith; Andrew P. Allen; Rachael Y. Dudaniec,Journal of Insect Science,OpenAlex,Q3|Q6,OpenAlex:https://openalex.org/W4322704678,https://doi.org/10.1093/jisesa/iead006,2
bib_3bd4a200079a5d49,doi:10.1093/jpe/rtaa023,10.1093/jpe/rtaa023,The ultraviolet colour component enhances the attractiveness of red flowers of a bee-pollinated plant,2020,Zhe Chen; Liu Chang-qiu; Hang Sun; Yang Niu,Journal of Plant Ecology,OpenAlex,Q4,OpenAlex:https://openalex.org/W3030738664,https://doi.org/10.1093/jpe/rtaa023,1
bib_a6c6c77a5547900d,doi:10.1093/jpe/rtaa089,10.1093/jpe/rtaa089,Polyploidization and sexual dimorphism of floral traits in a subdioecious population of Dasiphora glabra,2020,Lin‐Lin Wang; Na-Cai Yang; Minyu Chen; Yongping Yang; Yuan‐Wen Duan,Journal of Plant Ecology,OpenAlex,Q4,OpenAlex:https://openalex.org/W3109526506,https://doi.org/10.1093/jpe/rtaa089,1
bib_d58b1908944ad958,doi:10.1093/jpe/rtad036,10.1093/jpe/rtad036,The conspicuously large bracts influence reproductive success in Thunia alba (Orchidaceae),2023,Shimao Wu; Jiang‐Yun Gao,Journal of Plant Ecology,OpenAlex,Q4,OpenAlex:https://openalex.org/W4388594823,https://doi.org/10.1093/jpe/rtad036,1
bib_7ffda312538d7516,doi:10.1093/jpe/rtu012,10.1093/jpe/rtu012,How do belowground organisms influence plant-pollinator interactions?,2014,Nicholas A. Barber; Nicole L. Soper Gorden,Journal of Plant Ecology,OpenAlex,Q4|Q5,OpenAlex:https://openalex.org/W2130798117,https://doi.org/10.1093/jpe/rtu012,2
bib_5f5e6d0dbfbbdb6d,doi:10.1093/jpe/rtv020,10.1093/jpe/rtv020,Variation of nectar production in relation to plant characteristics in protandrous Aconitum gymnandrum,2015,Ningna Lu; X.-H. Li; Li Li; Zhigang Zhao,Journal of Plant Ecology,OpenAlex,Q4|Q5,OpenAlex:https://openalex.org/W2018849358,https://doi.org/10.1093/jpe/rtv020,2
bib_3b822dbf8b4d71e2,doi:10.1093/jxb/eraa549,10.1093/jxb/eraa549,Flower evolution in the presence of heterospecific gene flow and its contribution to lineage divergence,2020,Marion Orsucci; Adrien Sicard,Journal of Experimental Botany,OpenAlex,Q4|Q5|Q7,OpenAlex:https://openalex.org/W3128365343,https://doi.org/10.1093/jxb/eraa549,3
bib_048dc2278931f48c,doi:10.1093/jxb/ert025,10.1093/jxb/ert025,Control of flower size,2013,Beth Allyn Krizek; Jill T. Anderson,Journal of Experimental Botany,OpenAlex,Q3|Q4|Q5,OpenAlex:https://openalex.org/W2115950208,https://doi.org/10.1093/jxb/ert025,3
bib_3376ac1b8bd2d311,doi:10.1093/oso/9780199553068.003.0012,10.1093/oso/9780199553068.003.0012,Bumblebees as Pollinators,2009,Dave Goulson,,OpenAlex,Q7,OpenAlex:https://openalex.org/W4388363373,http://dx.doi.org/10.1093/oso/9780199553068.003.0012,1
bib_db402896056b7161,doi:10.1098/rsbl.2024.0082,10.1098/rsbl.2024.0082,Zygomorphic flowers last longer: the evolution of floral symmetry and floral longevity,2024,Ruby E. Stephens; Rachael V. Gallagher; Marcos Méndez; Hervé Sauquet,Biology Letters,OpenAlex,Q4,OpenAlex:https://openalex.org/W4399761962,https://doi.org/10.1098/rsbl.2024.0082,1
bib_f11ce9ebb277e5e7,doi:10.1098/rspb.2012.1621,10.1098/rspb.2012.1621,Diverse pollinator communities enhance plant reproductive success,2012,Matthias Albrecht; BERNHARD H. SCHMID; Yann Hautier; CHRISTINE B. MÜLLER,Proceedings of the Royal Society B Biological Sciences,OpenAlex,Q4|Q7,OpenAlex:https://openalex.org/W2138974927,https://doi.org/10.1098/rspb.2012.1621,2
bib_3f2dd6ed29955b68,doi:10.1098/rspb.2013.2934,10.1098/rspb.2013.2934,The evolution of signal–reward correlations in bee- and hummingbird-pollinated species of Salvia,2014,Santiago Benitez‐Vieyra; Juan Fornoni; Jessica Pérez‐Alquicira; Karina Boege; César Augusto Domínguez,Proceedings of the Royal Society B Biological Sciences,OpenAlex,Q4|Q5,OpenAlex:https://openalex.org/W2068055270,https://doi.org/10.1098/rspb.2013.2934,2
bib_dfe1e4df00285b8b,doi:10.1098/rspb.2018.0635,10.1098/rspb.2018.0635,Linking pollinator efficiency to patterns of pollen limitation: small bees exploit the plant–pollinator mutualism,2018,Matthew H. Koski; Jennifer L. Ison; Ashley Padilla; Angela Q. Pham; Laura F. Galloway,Proceedings of the Royal Society B Biological Sciences,OpenAlex,Q5,OpenAlex:https://openalex.org/W2805366811,https://doi.org/10.1098/rspb.2018.0635,1
bib_d6bc9c3bc1ee369f,doi:10.1098/rspb.2024.1279,10.1098/rspb.2024.1279,Species morphology better predicts plant–hummingbird interactions across elevations than nectar traits,2024,María A. Maglianesi; Emanuel Brenes; Nelson Chaves‐Elizondo; Krystal Zuniga; Alejandro Castro Jiménez; Elisa Barreto; François Duchenne; Catherine Helen Graham,Proceedings of the Royal Society B Biological Sciences,OpenAlex,Q1|Q3|Q4|Q5|Q6,OpenAlex:https://openalex.org/W4402788725,https://doi.org/10.1098/rspb.2024.1279,5
bib_899e06c1fb2be95c,doi:10.1098/rstb.2019.0486,10.1098/rstb.2019.0486,Noisy communities and signal detection: why do foragers visit rewardless flowers?,2020,Elinor M. Lichtenberg; Jacob M. Heiling; Judith L. Bronstein; Jessica L. Barker,Philosophical Transactions of the Royal Society B Biological Sciences,OpenAlex,Q4,OpenAlex:https://openalex.org/W3024953374,https://doi.org/10.1098/rstb.2019.0486,1
bib_79815198d6693b38,doi:10.1100/2012/381575,10.1100/2012/381575,Morphofunctional Traits and Pollination Mechanisms ofCoronilla emerusL. Flowers (Fabaceae),2012,Giovanna Aronne; Manuela Giovanetti; Veronica De Micco,The Scientific World JOURNAL,OpenAlex,Q5|Q6,OpenAlex:https://openalex.org/W1988052944,https://doi.org/10.1100/2012/381575,2
bib_3f8df5e41e9fbc92,doi:10.1101/184382,10.1101/184382,Floral herbivory does not reduce pollination-mediated fitness in shelter rewarding Royal Irises,2017,Mahua Ghara; Christina Ewerhardy; Gil Yardeni; Mor Matzliach; Yuval Sapir,bioRxiv (Cold Spring Harbor Laboratory),OpenAlex,Q4,OpenAlex:https://openalex.org/W2753807379,https://doi.org/10.1101/184382,1
bib_5f16b1904a5f2a29,doi:10.1101/2020.05.19.104968,10.1101/2020.05.19.104968,Fungi are more dispersal limited than bacteria among flowers,2020,Rachel Lee Vannette; Marshall S. McMunn; Griffin W. Hall; Tobias G. Mueller; Ivan Munkres; Douglas Perry,bioRxiv (Cold Spring Harbor Laboratory),OpenAlex,Q1|Q3|Q5,OpenAlex:https://openalex.org/W3026332588,https://doi.org/10.1101/2020.05.19.104968,3
bib_172833b541c798a2,doi:10.1101/2020.06.10.143909,10.1101/2020.06.10.143909,"Nectar larceny in the trainbearers ( Lesbia , Trochilidae)",2020,Boris Igić; Ivory Nguyen; Phillip B. Fenberg,bioRxiv (Cold Spring Harbor Laboratory),OpenAlex,Q6,OpenAlex:https://openalex.org/W3034985661,https://doi.org/10.1101/2020.06.10.143909,1
bib_23cf813bc9bcbae5,doi:10.1101/2021.02.16.431477,10.1101/2021.02.16.431477,Role and patterns of butterflies and hawkmoths in plant-pollinator networks at different elevations and seasons in tropical rainforests of Mount Cameroon,2021,Jan E. J. Mertens; Lucas Brisson; Štěpán Janeček; Yannick Klomberg; Vincent Maicher; Szabolcs Sáfián; Sylvain Delabye; Pavel Potocký; Ishmeal N. Kobe; Tomasz Wilhelm Pyrcz; Robert Tropek,bioRxiv (Cold Spring Harbor Laboratory),OpenAlex,Q3|Q6,OpenAlex:https://openalex.org/W3130440796,https://doi.org/10.1101/2021.02.16.431477,2
bib_81406c0b9033af56,doi:10.1101/2021.11.22.469544,10.1101/2021.11.22.469544,The role of indirect effects in coevolution as mutualism transitions into antagonism,2021,Fernando Pedraza; Hanlun Liu; Klementyna A. Gawecka; Jordi Bascompte,bioRxiv (Cold Spring Harbor Laboratory),OpenAlex,Q5,OpenAlex:https://openalex.org/W3217607621,https://doi.org/10.1101/2021.11.22.469544,1
bib_0f713e866eb19135,doi:10.1101/2021.12.10.472103,10.1101/2021.12.10.472103,The evolution of partner specificity in mutualisms,2022,Christopher I. Carlson; Erol Akçay; Bryce Morsky,bioRxiv (Cold Spring Harbor Laboratory),OpenAlex,Q6,OpenAlex:https://openalex.org/W4206088266,https://doi.org/10.1101/2021.12.10.472103,1
bib_0d1aaad9db339538,doi:10.1101/2022.02.24.481682,10.1101/2022.02.24.481682,Tropical hummingbird pollination networks are resistant to short-term experimental removal of a common flowering plant,2022,Kara G. Leimberger; Adam S. Hadley; Sarah J. K. Frey; Matthew G. Betts,bioRxiv (Cold Spring Harbor Laboratory),OpenAlex,Q1,OpenAlex:https://openalex.org/W4214722162,https://doi.org/10.1101/2022.02.24.481682,1
bib_32f41f09f857e20b,doi:10.1101/2022.05.16.492032,10.1101/2022.05.16.492032,Cheaters among pollinators: Floral traits drive spatiotemporal variation in nectar robbing and thieving in Afrotropical rainforests,2022,Sailee P. Sakhalkar; Štěpán Janeček; Yannick Klomberg; Jan E. J. Mertens; Jiří Hodeček; Robert Tropek,bioRxiv (Cold Spring Harbor Laboratory),OpenAlex,Q3|Q4|Q6|Q8,OpenAlex:https://openalex.org/W4280500629,https://doi.org/10.1101/2022.05.16.492032,4
bib_8d69e711b11067a3,doi:10.1101/2022.05.19.492749,10.1101/2022.05.19.492749,Age-specific and Sex-specific Nectar and Pollen Use by a Butterfly Pollinator,2022,Carol L. Boggs; Vikram Iyengar,bioRxiv (Cold Spring Harbor Laboratory),OpenAlex,Q6,OpenAlex:https://openalex.org/W4281286335,https://doi.org/10.1101/2022.05.19.492749,1
bib_8538d2d6f2f8f1f2,doi:10.1101/2022.10.10.511574,10.1101/2022.10.10.511574,The establishment and transmission of novel foraging techniques indicates a capacity for culture in bumblebees ( Bombus terrestris ),2022,Alice D. Bridges; HaDi MaBouDi; Olga Procenko; Charlotte Lockwood; Yaseen Mohammed; Amelia Kowalewska; José Eric Romero González; Joseph Woodgate; Lars Chıttka,bioRxiv (Cold Spring Harbor Laboratory),OpenAlex,Q6,OpenAlex:https://openalex.org/W4305056710,https://doi.org/10.1101/2022.10.10.511574,1
bib_0c9a5fb5001bb854,doi:10.1101/2022.12.13.519978,10.1101/2022.12.13.519978,Hyobanche hanekomii (Orobanchaceae) is pollinated by non-flying mammals and birds,2022,Tim Niedzwetzki-Taubert,bioRxiv (Cold Spring Harbor Laboratory),OpenAlex,Q1|Q6,OpenAlex:https://openalex.org/W4311819173,https://doi.org/10.1101/2022.12.13.519978,2
bib_4b404a44bfaf95d1,doi:10.1101/2023.02.13.528270,10.1101/2023.02.13.528270,Floral volatiles evoke partially similar responses in both florivores and pollinators and are correlated with non-volatile reward chemicals,2023,Rohit Sasidharan; Robert R. Junker; Elisabeth J. Eilers; Caroline Müller,bioRxiv (Cold Spring Harbor Laboratory),OpenAlex,Q6,OpenAlex:https://openalex.org/W4320719640,http://dx.doi.org/10.1101/2023.02.13.528270,1
bib_fc08b9fd1da253e5,doi:10.1101/2023.03.31.533549,10.1101/2023.03.31.533549,When cheating turns into a stabilizing mechanism of mutualistic networks,2023,François Duchenne; Stéphane Aubert; Elisa Barreto; Emanuel Brenes; María A. Maglianesi; Tatiana Santander; Esteban A. Guevara; Catherine Helen Graham,bioRxiv (Cold Spring Harbor Laboratory),OpenAlex,Q1|Q3,OpenAlex:https://openalex.org/W4362574700,https://doi.org/10.1101/2023.03.31.533549,2
bib_c0c66390923a3593,doi:10.1101/2023.08.29.555358,10.1101/2023.08.29.555358,Social learning of a challenging two-step action sequence fulfils key criteria of cumulative culture in an insect,2023,Alice D. Bridges; Amanda L. Royka; Tara Wilson; Lars Chıttka,bioRxiv (Cold Spring Harbor Laboratory),OpenAlex,Q6,OpenAlex:https://openalex.org/W4386332804,http://dx.doi.org/10.1101/2023.08.29.555358,1
bib_7f8e73af49cacddc,doi:10.1101/2023.10.29.564637,10.1101/2023.10.29.564637,Within-species floral evolution reveals convergence in adaptive walks during incipient pollinator shift,2023,Katherine E. Wenzell; Mikhaela Neequaye; Pirita Paajanen; Lionel M. Hill; Paul J. Brett; Kelsey J.R.P. Byers,bioRxiv (Cold Spring Harbor Laboratory),OpenAlex,Q1|Q3|Q5,OpenAlex:https://openalex.org/W4388230135,https://doi.org/10.1101/2023.10.29.564637,3
bib_99e53f7bf83230cb,doi:10.1101/2024.02.22.581568,10.1101/2024.02.22.581568,Genotypic variation in blueberry flower morphology and nectar reward content affects pollinator attraction in a diverse breeding population,2024,Juliana Cromie; John J. Ternest; Andrew P. Komatz; Paul Adunola; Camila Ferreira Azevedo; Rachel E. Mallinger; Patricio Muńoz,bioRxiv (Cold Spring Harbor Laboratory),OpenAlex,Q1|Q2|Q4|Q5,OpenAlex:https://openalex.org/W4392189769,https://doi.org/10.1101/2024.02.22.581568,4
bib_12852c2f74e2f976,doi:10.1101/2024.04.25.591145,10.1101/2024.04.25.591145,The Role of Similarity of Stimuli and Responses in Learning by Nectar-Foraging Bumble Bees: A Test of Osgood’s Model,2024,Minjung Baek; Daniel R. Papaj,bioRxiv (Cold Spring Harbor Laboratory),OpenAlex,Q5|Q6,OpenAlex:https://openalex.org/W4395954432,https://doi.org/10.1101/2024.04.25.591145,2
bib_62c0bf14ac49f8fb,doi:10.1101/2024.09.08.611921,10.1101/2024.09.08.611921,Landscape-wide metabarcoding of the invasive bumblebee (Bombus terrestris) shows interactions among the gut microbiome and pollenbiome,2024,Sabrina Sharmin Haque; Hasinika K. A. H. Gamage; Cecilia Kardum Hjort; Fleur Ponton; Francisco Encinas‐Viso; Ian T. Paulsen; Rachael Y. Dudaniec,bioRxiv (Cold Spring Harbor Laboratory),OpenAlex,Q6,OpenAlex:https://openalex.org/W4402509161,https://doi.org/10.1101/2024.09.08.611921,1
bib_8e360ec5ab43ae03,doi:10.1101/2025.03.03.641175,10.1101/2025.03.03.641175,Bumblebee string-pulling skill spreads between colonies under open diffusion conditions,2025,Olga Procenko; Alice D. Bridges; Amelia Kowalewska; Mikko Juusola; Lars Chıttka,bioRxiv (Cold Spring Harbor Laboratory),OpenAlex,Q6,OpenAlex:https://openalex.org/W4408212657,https://doi.org/10.1101/2025.03.03.641175,1
bib_b5ce4726dff91b7c,doi:10.1101/2025.10.17.683152,10.1101/2025.10.17.683152,Nectar yeast scent additions fail to impact overall bouquet composition and bumble bee visitation in a montane herb,2025,Nicholas Dabagia; Valerie N. Martin; Daniel Souto‐Vilarós; Robert N. Schaeffer; Rebecca E. Irwin,bioRxiv (Cold Spring Harbor Laboratory),OpenAlex,Q6,OpenAlex:https://openalex.org/W4415307061,https://doi.org/10.1101/2025.10.17.683152,1
bib_8f3d3144994dd96f,doi:10.1101/370700,10.1101/370700,Conflict of evolutionary interests between plants and pollinators revealed through functional exploration of flower morphospace,2018,Foen Peng; Eric O. Campos; Joseph Garret Sullivan; Nathan Berry; Bo Song; Thomas L. Daniel; H. D. Bradshaw,bioRxiv (Cold Spring Harbor Laboratory),OpenAlex,Q3|Q5|Q6,OpenAlex:https://openalex.org/W2884433249,https://doi.org/10.1101/370700,3
bib_766f0e781e39c5b7,doi:10.1101/507319,10.1101/507319,Flowers respond to pollinator sound within minutes by increasing nectar sugar concentration,2018,Marine Veits; Itzhak Khait; Uri Obolski; Eyal Zinger; Arjan M. Boonman; Aya Goldshtein; Kfir Saban; Udi Ben‐Dor; Paz Estlein; Areej Kabat; Dor Peretz; Ittai Ratzersdorfer; Slava Krylov; Daniel Chamovitz; Yuval Sapir; Yossi Yovel; Lilach Hadany,bioRxiv (Cold Spring Harbor Laboratory),OpenAlex,Q4,OpenAlex:https://openalex.org/W2907273364,https://doi.org/10.1101/507319,1
bib_aedce1b1107eded8,doi:10.1101/551523,10.1101/551523,"Honey bees, Apis mellifera , are important pollinators of the highbush blueberry variety Ventura despite the inability to sonicate",2019,Keanu Martin; Bruce C Anderson; Corneile Minnaar; Marinus L. de Jager,bioRxiv (Cold Spring Harbor Laboratory),OpenAlex,Q3|Q5,OpenAlex:https://openalex.org/W2914197179,https://doi.org/10.1101/551523,2
bib_8f058f659df848fb,doi:10.1111/1365-2435.12751,10.1111/1365-2435.12751,"Direct interactions between invasive plants and native pollinators: evidence, impacts and approaches",2016,Jane C. Stout; Erin Jo Tiedeken,Functional Ecology,OpenAlex,Q7,OpenAlex:https://openalex.org/W2508420847,https://doi.org/10.1111/1365-2435.12751,1
bib_95c43f5770fec1dc,doi:10.1111/1365-2435.12933,10.1111/1365-2435.12933,Nectar bacteria affect life history of a generalist aphid parasitoid by altering nectar chemistry,2017,Marijke Lenaerts; Tim Goelen; Caroline Paulussen; Beatriz Herrera‐Malaver; Jan Steensels; Wim Van den Ende; Kevin J. Verstrepen; FELIX L. WÄCKERS; Hans Jacquemyn; Bart Lievens,Functional Ecology,OpenAlex,Q5,OpenAlex:https://openalex.org/W2731230291,https://doi.org/10.1111/1365-2435.12933,1
bib_57306107d0e922b0,doi:10.1111/1365-2435.13581,10.1111/1365-2435.13581,To bee or not to bee: The ‘raison d'être’ of toxic secondary compounds in the pollen of Boraginaceae,2020,Vincent Trunz; Matteo A. Lucchetti; Dimitri Bénon; Achik Dorchin; Gaylord A. Desurmont; Christina Kast; Sergio Rasmann; Gaétan Glauser; Christophe Praz,Functional Ecology,OpenAlex,Q5,OpenAlex:https://openalex.org/W3023611284,https://doi.org/10.1111/1365-2435.13581,1
bib_8ddbb8eade2ecb7b,doi:10.1111/1365-2435.13886,10.1111/1365-2435.13886,"Evolutionary and ecological factors structure a plant–bumblebee network in a biodiversity hotspot, the Himalaya–Hengduan Mountains",2021,Huan Liang; Yanhui Zhao; Nicole E. Rafferty; Zong‐Xin Ren; Li Zhong; Hai‐Dong Li; De-Zhu Li; Hong Wang,Functional Ecology,OpenAlex,Q3|Q5|Q6|Q7,OpenAlex:https://openalex.org/W3185466267,https://doi.org/10.1111/1365-2435.13886,4
bib_59b67f7647fcb339,doi:10.1111/1365-2435.14210,10.1111/1365-2435.14210,Estimates of nectar productivity through a simulation approach differ from the nectar produced in 24 h,2022,Luca Carisio; Lucie Schurr; Véronique Masotti; Marco Porporato; Gabriel Nève; Laurence Affre; Sophie Gachet; Benoît Geslin,Functional Ecology,OpenAlex,Q5,OpenAlex:https://openalex.org/W4306780872,https://doi.org/10.1111/1365-2435.14210,1
bib_eafc7aa9dbca938e,doi:10.1111/1365-2435.14211,10.1111/1365-2435.14211,Integration of historic collections can shed light on patterns of change in plant–pollinator interactions and pollination service,2022,Demetra Rákosy; Tia‐Lynn Ashman; Leana Zoller; Amber Stanley; Tiffany M. Knight,Functional Ecology,OpenAlex,Q6,OpenAlex:https://openalex.org/W4307562873,https://doi.org/10.1111/1365-2435.14211,1
bib_ad992ba87c75ef99,doi:10.1111/1365-2435.70167,10.1111/1365-2435.70167,Functional generalism in plant–hummingbird interactions: Causes and consequences from a plant perspective,2025,Ricardo Sánchez‐Martín; Elisa Barreto; François Duchenne; Isabela Galarda Varassin; María A. Maglianesi; Boris A. Tinoco; Catherine Helen Graham,Functional Ecology,OpenAlex,Q1|Q2|Q4|Q6,OpenAlex:https://openalex.org/W4414553552,https://doi.org/10.1111/1365-2435.70167,4
bib_c26999df92339326,doi:10.1111/1365-2435.70276,10.1111/1365-2435.70276,Is bee‐avoidance by bird‐pollinated flowers driven by nectar robbing in Erica ?,2026,Anina Coetzee; Colleen Lynda Seymour; Claire N. Spottiswoode; Michael David Pirie; Timotheüs van der Niet,Functional Ecology,OpenAlex,Q1|Q4|Q5,OpenAlex:https://openalex.org/W7130819294,https://doi.org/10.1111/1365-2435.70276,3
bib_a89ebb0521328413,doi:10.1111/1365-2435.70415,10.1111/1365-2435.70415,Bird extinctions shift bill–flower trait matching in Hawaiian lobelioids,2026,Samuel B. Case; Molly Hagemann; Donald R. Drake; Katherine Postelli; Richard J. Pender; Pryce W Millikin; Alejandro Rico‐Guevara,Functional Ecology,OpenAlex,Q6,OpenAlex:https://openalex.org/W7171113167,https://doi.org/10.1111/1365-2435.70415,1
bib_d075191666c5cd6e,doi:10.1111/1365-2656.12161,10.1111/1365-2656.12161,Determination of temperate bird–flower interactions as entangled mutualistic and antagonistic sub‐networks: characterization at the network and species levels,2013,Tetsuro Yoshikawa; Yuji Isagi,Journal of Animal Ecology,OpenAlex,Q1|Q4,OpenAlex:https://openalex.org/W1986969455,https://doi.org/10.1111/1365-2656.12161,2
bib_25b2582dbc9f686e,doi:10.1111/1365-2664.12530,10.1111/1365-2664.12530,EDITOR'S CHOICE: REVIEW: Trait matching of flower visitors and crops predicts fruit set better than trait diversity,2015,Lucas A. Garibaldi; Ígnasi Bartomeus; Riccardo Bommarco; Alexandra‐Maria Klein; Saul A. Cunningham; Marcelo A. Aizen; Virginie Boreux; Michael P. D. Garratt; Luísa G. Carvalheiro; Claire Kremen; Carolina Laura Morales; Christof Schüepp; Natacha Paola Chacoff; Breno Magalhães Freitas; Vesna Gagić; Andrea Holzschuh; Björn K. Klatt; Kristin M. Krewenka; Smitha Krishnan; Margaret M. Mayfield; Iris Motzke; Mark Otieno; Jessica D. Petersen; Simon Geoffrey Potts; Taylor H. Ricketts; Maj Rundlöf; Amber R. Sciligo; Palatty Allesh Sinu; Ingolf Steffan‐Dewenter; Hisatomo Taki; Teja Tscharntke; Carlos Vergara; Blandina Felipe Viana; Michał Woyciechowski,Journal of Applied Ecology,OpenAlex,Q5|Q6,OpenAlex:https://openalex.org/W2179371719,https://doi.org/10.1111/1365-2664.12530,2
bib_9243f6eab2bfec1b,doi:10.1111/1365-2664.13121,10.1111/1365-2664.13121,Coordinated species importation policies are needed to reduce serious invasions globally: The case of alien bumblebees in South America,2018,Marcelo A. Aizen; Cecilia Smith‐Ramírez; Carolina Laura Morales; Lorena Vieli; Agustín Sáez; Rodrigo M. Barahona‐Segovia; Marina Paula Arbetman; Jose Miguel Montalva; Lucas A. Garibaldi; David W. Inouye; Lawrence D. Harder,Journal of Applied Ecology,OpenAlex,Q7,OpenAlex:https://openalex.org/W2794347144,https://doi.org/10.1111/1365-2664.13121,1
bib_c525b9750b6f06a9,doi:10.1111/1365-2745.12166,10.1111/1365-2745.12166,Nectar thieves influence reproductive fitness by altering behaviour of nectar robbers and legitimate pollinators in C orydalis ambigua ( F umariaceae),2013,Yan‐Wen Zhang; Zhao Ji-min; David W. Inouye,Journal of Ecology,OpenAlex,Q3|Q6,OpenAlex:https://openalex.org/W2019232228,https://doi.org/10.1111/1365-2745.12166,2
bib_e729d0666d6901f3,doi:10.1111/1365-2745.13636,10.1111/1365-2745.13636,Rapid evolution of a floral trait following acquisition of novel pollinators,2021,Christopher R. Mackin; Julián F. Peña; Mario Alberto Blanco; Nicholas J. Balfour; María Clara Castellanos,Journal of Ecology,OpenAlex,Q3|Q6|Q7,OpenAlex:https://openalex.org/W3155362172,https://doi.org/10.1111/1365-2745.13636,3
bib_f7925c1298800880,doi:10.1111/1365-2745.13726,10.1111/1365-2745.13726,The role of plant–pollinator interactions in structuring nectar microbial communities,2021,Clara de Vega; Sergio Álvarez‐Pérez; Rafael G. Albaladejo; Sandy‐Lynn Steenhuisen; Marc‐André Lachance; Steven D. Johnson; Carlos Miguel Herrera,Journal of Ecology,OpenAlex,Q7,OpenAlex:https://openalex.org/W3168092885,https://doi.org/10.1111/1365-2745.13726,1
bib_54f0889ecf4471c5,doi:10.1111/1365-2745.13805,10.1111/1365-2745.13805,Biological Flora of the British Isles: Salvia pratensis,2021,Joseph Moughan; Kevin McGinn; Laura E. Jones; Tim C. G. Rich; Elliot Waters; Natasha de Vere,Journal of Ecology,OpenAlex,Q6,OpenAlex:https://openalex.org/W3209302211,https://doi.org/10.1111/1365-2745.13805,1
bib_6cf4623e132aac1f,doi:10.1111/1365-2745.13875,10.1111/1365-2745.13875,Comparative impacts of long‐term trends in snowmelt and species interactions on plant population dynamics,2022,Diane R. Campbell; Mary V. Price; Nickolas M. Waser; Rebecca E. Irwin; Alison K. Brody,Journal of Ecology,OpenAlex,Q5,OpenAlex:https://openalex.org/W4221062369,https://doi.org/10.1111/1365-2745.13875,1
bib_82ccfe243d4def4b,doi:10.1111/1365-2745.70067,10.1111/1365-2745.70067,Soil moisture influences nectar robbing and plant fitness in a primrose species,2025,Yong‐Peng Cha; Rebecca E. Irwin; Yun Wu; Yin‐Mei Ma; Sha Shuang; Zhiqiang Zhang,Journal of Ecology,OpenAlex,Q3|Q4|Q5|Q7,OpenAlex:https://openalex.org/W4410500674,https://doi.org/10.1111/1365-2745.70067,4
bib_d8c50532d1af733d,doi:10.1111/1442-1984.12399,10.1111/1442-1984.12399,Comparative nectar dynamics in four ornithophilous Melocactus (Cactaceae) species in a seasonally dry tropical forest,2023,Alexsandro Bezerra‐Silva; Sinzinando Albuquerque‐Lima; Tarcila de Lima Nadia; Isabel Cristina Machado; Lígia Silveira Funch,Plant Species Biology,OpenAlex,Q3|Q5,OpenAlex:https://openalex.org/W4316040223,https://doi.org/10.1111/1442-1984.12399,2
bib_5a7d8f9c9ca8c101,doi:10.1111/1744-7917.13425,10.1111/1744-7917.13425,Intraspecific and interspecific resource partitioning between bumblebee workers and males related to nectar quantity and quality,2024,Xiao‐Fang Jin; Zhong‐Ming Ye; Yong‐Deng He; Chun‐Feng Yang; Michael C. Orr; Arong Luo; Paul Hugh Williams; Chao‐Dong Zhu,Insect Science,OpenAlex,Q6|Q7,OpenAlex:https://openalex.org/W4401341357,https://doi.org/10.1111/1744-7917.13425,2
bib_b46c4b7fbdf0146a,doi:10.1111/aec.13591,10.1111/aec.13591,Long corolla flowers in Tropical Andes favour nectar robbing by the Black Metaltail hummingbird: A study using citizen science and field observations,2024,Ettore Camerlenghi; Giselle Mangini; Rodolfo O. Anderson; Albert Cruz‐Gispert; R. Loosveld; Paúl Gonzáles; Sergio Nolazco,Austral Ecology,OpenAlex,Q1|Q2|Q3|Q4|Q6,OpenAlex:https://openalex.org/W4402499914,https://doi.org/10.1111/aec.13591,5
bib_452c10d036d563d7,doi:10.1111/aec.70285,10.1111/aec.70285,Pollinator Associations of Rare and Endangered Epacris Species (Ericaceae) in Lutruwita/Tasmania: Implications for Conservation,2026,Karen A. Johnson; PB McQuillan,Austral Ecology,OpenAlex,Q1|Q5,OpenAlex:https://openalex.org/W7204991851,https://doi.org/10.1111/aec.70285,2
bib_7733e6754af71934,doi:10.1111/aje.70062,10.1111/aje.70062,The Structure of Sunbird Floral Visitation and Pollen Transport Networks From an Afrotropical Agricultural Landscape,2025,Emmanuel F. Mgimwa; Bruno Alberto Nyundo; Jasson John,African Journal of Ecology,OpenAlex,Q3|Q5|Q6,OpenAlex:https://openalex.org/W4410974607,https://doi.org/10.1111/aje.70062,3
bib_c2e6e8576f7ae5e8,doi:10.1111/aje.70225,10.1111/aje.70225,When Bigger Is not Better: Corolla Length Increases Nectar Robbing in Aloe secundiflora Engl. (Asphodelaceae),2026,Luis Navarro,African Journal of Ecology,OpenAlex,Q1|Q3|Q5|Q6,OpenAlex:https://openalex.org/W7207612347,https://doi.org/10.1111/aje.70225,4
bib_6b890700f484111d,doi:10.1111/boj.12236,10.1111/boj.12236,The influence of nectar production and floral visitors on the female reproductive success ofInga(Fabaceae): a field experiment,2015,Oswaldo Cruz‐Neto; Isabel Cristina Machado; Leonardo Galetto; Ariadna Valentina Lopes,Botanical Journal of the Linnean Society,OpenAlex,Q1|Q3|Q5,OpenAlex:https://openalex.org/W2109615524,https://doi.org/10.1111/boj.12236,3
bib_67247fcf2e57c48c,doi:10.1111/brv.12828,10.1111/brv.12828,"The evolution, ecology, and conservation of hummingbirds and their interactions with flowering plants",2022,Kara G. Leimberger; Bo Dalsgaard; Joseph A. Tobias; Christopher M. Wolf; Matthew G. Betts,Biological reviews/Biological reviews of the Cambridge Philosophical Society,OpenAlex,Q1|Q5|Q6,OpenAlex:https://openalex.org/W4206372446,https://doi.org/10.1111/brv.12828,3
bib_8d96c52b6060d411,doi:10.1111/brv.13060,10.1111/brv.13060,Multifunctionality of angiosperm floral bracts: a review,2024,Bo Song; Jiaqi Chen; Simcha Lev‐Yadun; Yang Niu; Yongqian Gao; Rong Ma; W. Scott Armbruster; Hang Sun,Biological reviews/Biological reviews of the Cambridge Philosophical Society,OpenAlex,Q5,OpenAlex:https://openalex.org/W4391400595,https://doi.org/10.1111/brv.13060,1
bib_d8710edffb6b3461,doi:10.1111/brv.13094,10.1111/brv.13094,Macroevolution of the plant–hummingbird pollination system,2024,Elisa Barreto; Mannfred M. A. Boehm; Ezgi Ogutcen; Stefan Abrahamczyk; Michael Kessler; Jordi Bascompte; Agnes S. Dellinger; Carolina Bello; D. Matthias Dehling; François Duchenne; Miriam Kaehler; Laura P. Lagomarsino; Lúcia G. Lohmann; María A. Maglianesi; Hélène Morlon; Nathan C. Muchhala; Juan Francisco Ornelas; Mathieu Perret; Nelson R. Orellana Salinas; Stacey D. Smith; Jana C. Vamosi; Isabela Galarda Varassin; Catherine Helen Graham,Biological reviews/Biological reviews of the Cambridge Philosophical Society,OpenAlex,Q1|Q5|Q6,OpenAlex:https://openalex.org/W4396672310,https://doi.org/10.1111/brv.13094,3
bib_1956ded7f811729a,doi:10.1111/btp.13290,10.1111/btp.13290,Drivers of sunbird‐plant interactions on Mount Cameroon: Between neutrality and niche‐based processes,2023,Guillermo Uceda‐Gómez; Kryštof Chmel; Petra Janečková; Jiří Mlíkovský; Yannick Klomberg; Francis Luma Ewome; Lucas Lyonga Molua; Marcus Mokake Njie; Robert Tropek; Štěpán Janeček,Biotropica,OpenAlex,Q1|Q3|Q5|Q6,OpenAlex:https://openalex.org/W4390055268,https://doi.org/10.1111/btp.13290,4
bib_18db290b71b0847e,doi:10.1111/btp.13293,10.1111/btp.13293,Pollination of Chamaepentas nobilis (Rubiaceae) by long‐proboscid hawkmoths in south‐central Africa: Trait mismatching and floral scent chemistry,2024,Steven D. Johnson,Biotropica,OpenAlex,Q3|Q5|Q6,OpenAlex:https://openalex.org/W4390665973,https://doi.org/10.1111/btp.13293,3
bib_c3fbff0ec5cb4dd6,doi:10.1111/btp.13342,10.1111/btp.13342,Flower visitor networks: Reduced reproductive success driven by antagonists in a hummingbird‐pollinated species,2024,Irene Gélvez‐Zúñiga; Fernanda Vieira da Costa; Alberto L. Teixido; Lorena Ashworth; Ramiro J.A. Ovejero Aguilar; Geraldo Wilson Fernandes,Biotropica,OpenAlex,Q4,OpenAlex:https://openalex.org/W4398776692,https://doi.org/10.1111/btp.13342,1
bib_a36740335ef663f0,doi:10.1111/btp.70132,10.1111/btp.70132,Movement Strategies of Neotropical Nectarivorous Birds: Insights From High‐Andean Hummingbirds and Flowerpiercers,2025,Cristina Rueda‐Uribe; Pedro Arturo Camargo Martínez; Jonathan Espitia; Manuela Lozano‐Rocha; Juan Pablo Ríos; María Ángela Echeverry-Gálvis; Lesley T. Lancaster; Isabella Capellini; Justin M. J. Travis; Alejandro Rico‐Guevara,Biotropica,OpenAlex,Q6,OpenAlex:https://openalex.org/W4417116003,https://doi.org/10.1111/btp.70132,1
bib_ca075b05809775ba,doi:10.1111/cobi.12193,10.1111/cobi.12193,Imperfect Replacement of Native Species by Non‐Native Species as Pollinators of Endemic Hawaiian Plants,2013,Clare E. Aslan; Erika S. Zavaleta; Bernie R. Tershy; Donald A. Croll; Robert H. Robichaux,Conservation Biology,OpenAlex,Q1|Q4,OpenAlex:https://openalex.org/W2170056718,https://doi.org/10.1111/cobi.12193,2
bib_6098a2badbbba9b2,doi:10.1111/ddi.12434,10.1111/ddi.12434,The integration of alien plants in mutualistic plant–hummingbird networks across the Americas: the importance of species traits and insularity,2016,Pietro K. Maruyama; Jeferson Vizentin‐Bugoni; Jesper Sonne; Ana M. Martín González; Matthias Schleuning; Andréa Cardoso Araujo; Andrea C. Baquero; Juliana Cardona; Paola Cardona; Peter A. Cotton; Glauco Ubiratan Kohler; Carlos Lara; Tiago S. Malucelli; Oscar Humberto Marín‐Gómez; Jeff Ollerton; Ana Maria Rui; Allan Timmermann; Isabela Galarda Varassin; Thais B. Zanata; Carsten Rahbek; Marlies Sazima; Bo Dalsgaard,Diversity and Distributions,OpenAlex,Q5|Q6,OpenAlex:https://openalex.org/W2302424487,https://doi.org/10.1111/ddi.12434,2
bib_1bc93686453e792f,doi:10.1111/ecog.06735,10.1111/ecog.06735,Citizen science data reveal altitudinal movement and seasonal ecosystem use by hummingbirds in the Andes Mountains,2023,Cristina Rueda‐Uribe; Leonel Herrera‐Alsina; Lesley T. Lancaster; Isabella Capellini; Kara K S Layton; Justin M. J. Travis,Ecography,OpenAlex,Q5|Q6,OpenAlex:https://openalex.org/W4389606339,https://doi.org/10.1111/ecog.06735,2
bib_7e675957c2ed4ea2,doi:10.1111/eea.12852,10.1111/eea.12852,"Mosquito phytophagy – sources exploited, ecological function, and evolutionary transition to haematophagy",2019,Daniel A.H. Peach; Gerhard Gries,Entomologia Experimentalis et Applicata,OpenAlex,Q3|Q6,OpenAlex:https://openalex.org/W2989006462,https://doi.org/10.1111/eea.12852,2
bib_054d0673f7e2b84e,doi:10.1111/eea.13201,10.1111/eea.13201,Bumblebee attraction toMatthiola lividaflowers is altered by combined water stress and insect herbivory,2022,Ibrahim N. A. Salman; Alon Cna’ani; Vered Tzin; Merav Seifan,Entomologia Experimentalis et Applicata,OpenAlex,Q7,OpenAlex:https://openalex.org/W4282594901,https://doi.org/10.1111/eea.13201,1
bib_6cf9d66c58ac6d8c,doi:10.1111/een.12509,10.1111/een.12509,"Variation in composition of two bumble bee species across communities affects nectar robbing but maintains pollinator visitation rate to an alpine plant, Salvia przewalskii",2018,Zhong‐Ming Ye; Xiao‐Fang Jin; David W. Inouye; Qingfeng Wang; CHUN‐FENG YANG,Ecological Entomology,OpenAlex,Q6|Q7,OpenAlex:https://openalex.org/W2792624767,https://doi.org/10.1111/een.12509,2
bib_555b9a1177023cbc,doi:10.1111/ele.12342,10.1111/ele.12342,"The potential for indirect effects between co‐flowering plants via shared pollinators depends on resource abundance, accessibility and relatedness",2014,Luísa G. Carvalheiro; Jacobus Christiaan Biesmeijer; Gita Benadi; Jochen Fründ; Martina Stang; Ígnasi Bartomeus; Christopher N. Kaiser‐Bunbury; Mathilde Baude; Sofia I. F. Gomes; Vincent S. F. T. Merckx; Katherine C. R. Baldock; Andrew T. D. Bennett; Ruth Boada; Riccardo Bommarco; Ralph V. Cartar; Natacha Paola Chacoff; Juliana Dänhardt; Lynn V. Dicks; Carsten F. Dormann; Johan Ekroos; Kate S. E. Henson; Andrea Holzschuh; Robert R. Junker; Martha Lopezaraiza‐Mikel; Jane Memmott; Ana Montero‐Castaño; Isabel L. Nelson; Theodora Petanidou; Eileen F. Power; Maj Rundlöf; Henrik G. Smith; Jane C. Stout; Temitope Kehinde; Teja Tscharntke; Thomas Tscheulin; Montserrat Vilà; William E. Kunin,Ecology Letters,OpenAlex,Q3|Q5|Q6|Q7,OpenAlex:https://openalex.org/W2133324718,https://doi.org/10.1111/ele.12342,4
bib_61d454dacd635433,doi:10.1111/ele.13331,10.1111/ele.13331,Flowers respond to pollinator sound within minutes by increasing nectar sugar concentration,2019,Marine Veits; Itzhak Khait; Uri Obolski; Eyal Zinger; Arjan M. Boonman; Aya Goldshtein; Kfir Saban; Rya Seltzer; Udi Ben‐Dor; Paz Estlein; Areej Kabat; Dor Peretz; Ittai Ratzersdorfer; Slava Krylov; Daniel Chamovitz; Yuval Sapir; Yossi Yovel; Lilach Hadany,Ecology Letters,OpenAlex,Q4,OpenAlex:https://openalex.org/W2961585161,https://doi.org/10.1111/ele.13331,1
bib_aa9b251e3f917a9b,doi:10.1111/ele.70073,10.1111/ele.70073,A Probabilistic View of Forbidden Links: Their Prevalence and Their Consequences for the Robustness of Plant–Hummingbird Communities,2025,François Duchenne; Elisa Barreto; Esteban A. Guevara; Holger Beck; Carolina Bello; Rafaela Bobato; Daniela Aparecida Savariz Bôlla; Emanuel Brenes; Nicole Büttner; Ana Paula Caron; Nelson Chaves‐Elizondo; María José Gavilanes; Alejandro Restrepo‐González; Jose Alejandro Castro; Miriam Kaehler; Tiago Machado‐de‐Souza; Miguel Machnicki‐Reis; Andrés Sebastián F. Marcayata; Cauã Galeazzi de Menezes; Andrea Nieto; Rafael de Oliveira; Ricardo A. C. de Oliveira; Friederike Richter; Bryan Gastón Rojas; Luciele Leonhardt Romanowski; Wellinton L. de Souza; Danila Syriani Veluza; Ben G. Weinstein; Rafael O. Wüest; Thais B. Zanata; Krystal Zuniga; María A. Maglianesi; Tatiana Santander; Isabela Galarda Varassin; Catherine Helen Graham,Ecology Letters,OpenAlex,Q1|Q4|Q5|Q6,OpenAlex:https://openalex.org/W4406920687,https://doi.org/10.1111/ele.70073,4
bib_ac7149445e750d31,doi:10.1111/eth.70053,10.1111/eth.70053,Dominance Hierarchy and Floral Trait Preference: Behavioural Strategies of Bee Community Foraging on Brinjal ( Solanum melongena ),2026,Sanchari Mukhopadhyay; Indranil Samajpati; Anirban Chakraborty; Parthiba Basu,Ethology,OpenAlex,Q4|Q6,OpenAlex:https://openalex.org/W7124964361,https://doi.org/10.1111/eth.70053,2
bib_6df4be6739d33a76,doi:10.1111/evo.12441,10.1111/evo.12441,COMPETITION FOR HUMMINGBIRD POLLINATION SHAPES FLOWER COLOR VARIATION IN ANDEAN SOLANACEAE,2014,Nathan C. Muchhala; Sönke Johnsen; Stacey D. Smith,Evolution,OpenAlex,Q1|Q3|Q4,OpenAlex:https://openalex.org/W1793982378,https://doi.org/10.1111/evo.12441,3
bib_83c8100b2ff68fe4,doi:10.1111/gcb.15386,10.1111/gcb.15386,Water stress and insect herbivory interactively reduce crop yield while the insect pollination benefit is conserved,2020,Chloé Aline Raderschall; Giulia Vico; Ola Lundin; Astrid Rita Taylor; Riccardo Bommarco,Global Change Biology,OpenAlex,Q6,OpenAlex:https://openalex.org/W3096945543,https://doi.org/10.1111/gcb.15386,1
bib_164cb2b592e4c0e1,doi:10.1111/gcb.16145,10.1111/gcb.16145,"The effect of past defaunation on ranges, niches, and future biodiversity forecasts",2022,Lilian Patrícia Sales; Mauro Galetti; Ana Carolina Carnaval; Sophie Monsarrat; Jens‐Christian Svenning; Mathias Mistretta Pires,Global Change Biology,OpenAlex,Q1,OpenAlex:https://openalex.org/W4220968031,https://doi.org/10.1111/gcb.16145,1
bib_ffb448f1952c8df3,doi:10.1111/gcbb.12080,10.1111/gcbb.12080,Mass‐flowering crops increase richness of cavity‐nesting bees and wasps in modern agro‐ecosystems,2013,Tim Diekötter; Franziska Peter; Birgit Jauker; Volkmar Wolters; Frank Jauker,GCB Bioenergy,OpenAlex,Q3|Q7,OpenAlex:https://openalex.org/W2081130826,https://doi.org/10.1111/gcbb.12080,2
bib_0b5b3e4fcfb1b80e,doi:10.1111/geb.13753,10.1111/geb.13753,Global change and plant–pollinator communities in Mediterranean biomes,2023,Aphrodite Kantsa; Consuelo  M. De Moraes; Mark C. Mescher,Global Ecology and Biogeography,OpenAlex,Q6|Q7,OpenAlex:https://openalex.org/W4387180387,https://doi.org/10.1111/geb.13753,2
bib_55434aee2b196131,doi:10.1111/icad.12736,10.1111/icad.12736,Resource gaps pose the greatest threat for bumblebees during the colony establishment phase,2024,Matthias A. Becher; Grace Twiston‐Davies; Juliet L. Osborne; Tonya A. Lander,Insect Conservation and Diversity,OpenAlex,Q1|Q3|Q6|Q7,OpenAlex:https://openalex.org/W4393095264,https://doi.org/10.1111/icad.12736,4
bib_15b9e75edd9f5be8,doi:10.1111/j.0022-0477.2004.00952.x,10.1111/j.0022-0477.2004.00952.x,Understanding mutualism when there is adaptation to the partner,2005,Claire de Mazancourt; Michel Loreau; Ulf Dieckmann,Journal of Ecology,OpenAlex,Q1,OpenAlex:https://openalex.org/W2058853111,https://doi.org/10.1111/j.0022-0477.2004.00952.x,1
bib_a62a68ce24918469,doi:10.1111/j.0030-1299.2005.13884.x,10.1111/j.0030-1299.2005.13884.x,Effects of nectar robbing on nectar dynamics and bumblebee foraging strategies in Linaria vulgaris (Scrophulariaceae),2005,Daniel Aureliano Newman; James D. Thomson,Oikos,OpenAlex,Q6|Q7,OpenAlex:https://openalex.org/W2005995421,https://doi.org/10.1111/j.0030-1299.2005.13884.x,2
bib_5e7c49ed51081348,doi:10.1111/j.1095-8312.2007.00890.x,10.1111/j.1095-8312.2007.00890.x,Reproductive ecology of 21 coexisting Psychotria species (Rubiaceae): when is heterostyly lost?,2007,Shoko Sakai; S. Joseph Wright‬,Biological Journal of the Linnean Society,OpenAlex,Q5,OpenAlex:https://openalex.org/W1834907958,https://doi.org/10.1111/j.1095-8312.2007.00890.x,1
bib_cf817e38208f7365,doi:10.1111/j.1095-8312.2008.01146.x,10.1111/j.1095-8312.2008.01146.x,Relationship between floral tube length and nectar robbing in Duranta erecta L. (Verbenaceae),2009,Luis Navarro; Rodrigo G. Medel,Biological Journal of the Linnean Society,OpenAlex,Q3,OpenAlex:https://openalex.org/W2115931416,https://doi.org/10.1111/j.1095-8312.2008.01146.x,1
bib_366a3331b55e71f6,doi:10.1111/j.1095-8339.2004.00329.x,10.1111/j.1095-8339.2004.00329.x,Trends in floral scent chemistry in pollination syndromes: floral scent composition in hummingbird-pollinated taxa,2004,Jette T. Knudsen; Lars Tollsten; Inga Groth; Günnar Bergström; Robert A. Raguso,Botanical Journal of the Linnean Society,OpenAlex,Q4|Q5,OpenAlex:https://openalex.org/W2080646779,https://doi.org/10.1111/j.1095-8339.2004.00329.x,2
bib_de4de25cd3d486f7,doi:10.1111/j.1095-8339.2005.00388.x,10.1111/j.1095-8339.2005.00388.x,"Diversity, flower visitation frequency and generalism of pollinators in temperate rain forests of Chiloé Island, Chile",2005,Cecilia Smith‐Ramírez; Paula Martínez; Martín Andrés Nuñez; Christian Raúl González; J. J. Armesto,Botanical Journal of the Linnean Society,OpenAlex,Q5,OpenAlex:https://openalex.org/W2168043327,https://doi.org/10.1111/j.1095-8339.2005.00388.x,1
bib_0994f5074c1dc696,doi:10.1111/j.1365-2435.2007.01299.x,10.1111/j.1365-2435.2007.01299.x,Allometry and functional constraints on proboscis lengths in butterflies,2007,Krushnamegh K. Kunte,Functional Ecology,OpenAlex,Q3|Q4|Q6,OpenAlex:https://openalex.org/W2108176913,https://doi.org/10.1111/j.1365-2435.2007.01299.x,3
bib_d38488cd1245d244,doi:10.1111/j.1365-2664.2009.01759.x,10.1111/j.1365-2664.2009.01759.x,Oilseed rape crops distort plant–pollinator interactions,2009,Tim Diekötter; Taku Kadoya; Franziska Peter; Volkmar Wolters; Frank Jauker,Journal of Applied Ecology,OpenAlex,Q7,OpenAlex:https://openalex.org/W1977909820,https://doi.org/10.1111/j.1365-2664.2009.01759.x,1
bib_eb691fbaef1d0b2d,doi:10.1111/j.1365-2745.2010.01648.x,10.1111/j.1365-2745.2010.01648.x,"Beyond biomass: measuring the effects of community‐level nitrogen enrichment on floral traits, pollinator visitation and plant reproduction",2010,Laura A. Burkle; Rebecca E. Irwin,Journal of Ecology,OpenAlex,Q1|Q4|Q5,OpenAlex:https://openalex.org/W2112126415,https://doi.org/10.1111/j.1365-2745.2010.01648.x,3
bib_f411c04b690f1e51,doi:10.1111/j.1420-9101.2008.01669.x,10.1111/j.1420-9101.2008.01669.x,Selective nectar robbing in a gynodioecious plant (Glechoma longituba) enhances female advantage,2008,Yan‐Wen ZHANG; Chun‐Feng Yang; J.‐M. ZHAO; Y H Guo,Journal of Evolutionary Biology,OpenAlex,Q1|Q2|Q4|Q5,OpenAlex:https://openalex.org/W2022629354,https://doi.org/10.1111/j.1420-9101.2008.01669.x,4
bib_bc5fcbaa90babcd4,doi:10.1111/j.1442-1984.2000.00047.x,10.1111/j.1442-1984.2000.00047.x,Reproductive biology of a North American subalpine plant: Corydalis caseana A. Gray ssp. brandegei (S. Watson) G. B. Ownbey,2000,Joan E. Maloof,Plant Species Biology,OpenAlex,Q7,OpenAlex:https://openalex.org/W2130726160,https://doi.org/10.1111/j.1442-1984.2000.00047.x,1
bib_f2012d84baac25cb,doi:10.1111/j.1442-1984.2007.00179.x,10.1111/j.1442-1984.2007.00179.x,Effect of Weigela hortensis (Caprifoliaceae) floral morphology on pollinator behavior,2007,Maki N. Inoue; Junko Ushijima; Jun Yokoyama,Plant Species Biology,OpenAlex,Q5|Q6,OpenAlex:https://openalex.org/W1964451750,https://doi.org/10.1111/j.1442-1984.2007.00179.x,2
bib_b48f1ee5d633d547,doi:10.1111/j.1442-9993.2009.01976.x,10.1111/j.1442-9993.2009.01976.x,A test for Allee effects in the self‐incompatible wasp‐pollinated milkweedGomphocarpus physocarpus,2009,Gareth Coombs; Craig I. Peter; Steven D. Johnson,Austral Ecology,OpenAlex,Q5|Q7,OpenAlex:https://openalex.org/W1993456805,https://doi.org/10.1111/j.1442-9993.2009.01976.x,2
bib_e4c068bb554dbd6b,doi:10.1111/j.1442-9993.2011.02320.x,10.1111/j.1442-9993.2011.02320.x,Differential effects of anthropogenic edges and gaps on the reproduction of a forest‐dwelling plant: The role of plant reproductive effort and nectar robbing by bumblebees,2011,Ainhoa Magrach; Luis Gerardo Samaniego Santamaría; Asier R. Larrinaga,Austral Ecology,OpenAlex,Q1|Q6,OpenAlex:https://openalex.org/W1499119639,https://doi.org/10.1111/j.1442-9993.2011.02320.x,2
bib_327195a5c18ad509,doi:10.1111/j.1469-8137.2006.01656.x,10.1111/j.1469-8137.2006.01656.x,Pollination mutualisms in Caryophyllaceae,2006,Susan R. Kephart,New Phytologist,OpenAlex,Q6,OpenAlex:https://openalex.org/W2083644587,https://doi.org/10.1111/j.1469-8137.2006.01656.x,1
bib_e506a892157ee9f6,doi:10.1111/j.1469-8137.2006.01864.x,10.1111/j.1469-8137.2006.01864.x,The evolution of plant–insect mutualisms,2006,Judith L. Bronstein; Rubén Alarcón; Monica A. Geber,New Phytologist,OpenAlex,Q1,OpenAlex:https://openalex.org/W2137714402,https://doi.org/10.1111/j.1469-8137.2006.01864.x,1
bib_7551e37b18f432e5,doi:10.1111/j.1469-8137.2009.02914.x,10.1111/j.1469-8137.2009.02914.x,Darwin's beautiful contrivances: evolutionary and functional evidence for floral adaptation,2009,Lawrence D. Harder; Steven D. Johnson,New Phytologist,OpenAlex,Q3|Q4|Q5|Q6,OpenAlex:https://openalex.org/W2142916221,https://doi.org/10.1111/j.1469-8137.2009.02914.x,4
bib_7f8f649207fd20bd,doi:10.1111/j.1469-8137.2011.03785.x,10.1111/j.1469-8137.2011.03785.x,Selective seed abortion induced by nectar robbing in the selfing plant Comastoma pulmonarium,2011,Chan Zhang; Rebecca E. Irwin; Wang Yun; Ya‐Ping He; Yongping Yang; Yuan‐Wen Duan,New Phytologist,OpenAlex,Q1,OpenAlex:https://openalex.org/W2101437210,https://doi.org/10.1111/j.1469-8137.2011.03785.x,1
bib_8d4f6b0f03aad526,doi:10.1111/j.1469-8137.2011.04013.x,10.1111/j.1469-8137.2011.04013.x,Pollinators cause stronger selection than herbivores on floral traits inLobelia cardinalis(Lobeliaceae),2012,Magdalena P. Bartkowska; Mark O. Johnston,New Phytologist,OpenAlex,Q3|Q4|Q5,OpenAlex:https://openalex.org/W2143850439,https://doi.org/10.1111/j.1469-8137.2011.04013.x,3
bib_2ad9ff3eec4e9c14,doi:10.1111/j.1558-5646.2008.00327.x,10.1111/j.1558-5646.2008.00327.x,THE ROLE OF POLLINATOR SHIFTS IN THE FLORAL DIVERSIFICATION OF IOCHROMA (SOLANACEAE),2008,Stacey D. Smith; Cécile Ané; David Baum,Evolution,OpenAlex,Q1|Q3|Q5,OpenAlex:https://openalex.org/W2120142743,https://doi.org/10.1111/j.1558-5646.2008.00327.x,3
bib_04a30d99bfb1e35b,doi:10.1111/j.1558-5646.2012.01796.x,10.1111/j.1558-5646.2012.01796.x,ADAPTIVE DIVERGENCE IN DARWIN'S RACE: HOW COEVOLUTION CAN GENERATE TRAIT DIVERSITY IN A POLLINATION SYSTEM,2012,Feng Zhen Zhang; Cang Hui; Anton Pauw,Evolution,OpenAlex,Q3|Q5|Q6,OpenAlex:https://openalex.org/W2096701021,https://doi.org/10.1111/j.1558-5646.2012.01796.x,3
bib_bced1e54ef9fa67b,doi:10.1111/j.1574-6941.2011.01286.x,10.1111/j.1574-6941.2011.01286.x,Nectar yeasts of two southern Spanish plants: the roles of immigration and physiological traits in community assembly,2012,María I. Pozo; Marc‐André Lachance; Carlos Miguel Herrera,FEMS Microbiology Ecology,OpenAlex,Q6,OpenAlex:https://openalex.org/W2161026694,https://doi.org/10.1111/j.1574-6941.2011.01286.x,1
bib_2555e75789b428c2,doi:10.1111/jeb.13657,10.1111/jeb.13657,"Floral trait differentiation inAnacamptis coriophora: Phenotypic selection on scents, but not on colour",2020,Nina Joffard; Iris Le Roncé; Alban Langlois; Julien Pierre Renoult; Bruno Buatois; Laurent Dormont; Bertrand Schatz,Journal of Evolutionary Biology,OpenAlex,Q3|Q4|Q5|Q6,OpenAlex:https://openalex.org/W3033719039,https://doi.org/10.1111/jeb.13657,4
bib_a5dbcc610314374f,doi:10.1111/jeb.13670,10.1111/jeb.13670,Functional implications of the specialized staminal appendages in alpine ginger (Roscoeaspp.: Zingiberaceae),2020,Babu Ram Paudel; Qingjun Li,Journal of Evolutionary Biology,OpenAlex,Q3|Q6|Q7,OpenAlex:https://openalex.org/W3040496957,https://doi.org/10.1111/jeb.13670,3
bib_c1cf17ee7dcd91aa,doi:10.1111/jeb.13781,10.1111/jeb.13781,"Selfing rates vary with floral display, pollinator visitation and plant density in natural populations of Mimulus ringens",2021,Dorothy A Christopher; Jeffrey D. Karron; Wendy R. Semski; Patrick A. Smallwood; Dorset W. Trapnell; Randall J. Mitchell,Journal of Evolutionary Biology,OpenAlex,Q3|Q4|Q5,OpenAlex:https://openalex.org/W3135245034,https://doi.org/10.1111/jeb.13781,3
bib_850852b8f8bd6b20,doi:10.1111/jipb.13731,10.1111/jipb.13731,Lethal effects of tea‐oil Camellia on honeybee larvae due to pollen toxicity,2024,C. X. Zhang; Hui‐Hui Feng; Yalei Liu; Shuang‐Quan Huang,Journal of Integrative Plant Biology,OpenAlex,Q5,OpenAlex:https://openalex.org/W4400241702,https://doi.org/10.1111/jipb.13731,1
bib_d5e46fde96bfc531,doi:10.1111/jvs.12127,10.1111/jvs.12127,Does competition for pollinators contribute to structuring Erica communities?,2013,A. Heystek; Anton Pauw,Journal of Vegetation Science,OpenAlex,Q5,OpenAlex:https://openalex.org/W2128681498,https://doi.org/10.1111/jvs.12127,1
bib_7ed3ff2a1abfd62b,doi:10.1111/nph.12924,10.1111/nph.12924,When mutualism goes bad: density‐dependent impacts of introduced bees on plant reproduction,2014,Marcelo A. Aizen; Carolina Laura Morales; Diego Pedro Vázquez; Lucas A. Garibaldi; Agustín Sáez; Lawrence D. Harder,New Phytologist,OpenAlex,Q7,OpenAlex:https://openalex.org/W2170240822,https://doi.org/10.1111/nph.12924,1
bib_fbacb5d10f1a45ee,doi:10.1111/nph.14809,10.1111/nph.14809,Nectar‐inhabiting microorganisms influence nectar volatile composition and attractiveness to a generalist pollinator,2017,Caitlin C. Rering; John Jacob Beck; Griffin W. Hall; Mitchell M. McCartney; Rachel Lee Vannette,New Phytologist,OpenAlex,Q4|Q6,OpenAlex:https://openalex.org/W2757915824,https://doi.org/10.1111/nph.14809,2
bib_72b801eac7681bfe,doi:10.1111/nph.15743,10.1111/nph.15743,Pollination effectiveness in a generalist plant: adding the genetic component,2019,Javier Valverde; Francisco Perfectti; José M. Gómez,New Phytologist,OpenAlex,Q7,OpenAlex:https://openalex.org/W2911885384,https://doi.org/10.1111/nph.15743,1
bib_acce9e8f3633e507,doi:10.1111/nph.16119,10.1111/nph.16119,A century of pollination success revealed by herbarium specimens of seed pods,2019,Yuan‐Wen Duan; Haibao Ren; Tao Li; Lin‐Lin Wang; Zhiqiang Zhang; Yanli Tu; Yongping Yang,New Phytologist,OpenAlex,Q4|Q5,OpenAlex:https://openalex.org/W2968486273,https://doi.org/10.1111/nph.16119,2
bib_b6603be5d9e53621,doi:10.1111/nph.70141,10.1111/nph.70141,The developmental basis of floral nectary diversity and evolution,2025,Irene T. Liao; Yan Gong; Elena M. Kramer; Lachezar A. Nikolov,New Phytologist,OpenAlex,Q4,OpenAlex:https://openalex.org/W4410038182,https://doi.org/10.1111/nph.70141,1
bib_1c0b534b34069cf7,doi:10.1111/nph.70217,10.1111/nph.70217,Nectar metabolomes contribute to pollination syndromes,2025,Fiona T. MacNeill; Sarah G. Hunter; Felicity Muth; Brian E. Sedio,New Phytologist,OpenAlex,Q5|Q7,OpenAlex:https://openalex.org/W4410373949,https://doi.org/10.1111/nph.70217,2
bib_c7deffd66640a569,doi:10.1111/oik.01439,10.1111/oik.01439,"Species traits and abundances predict metrics of plant–pollinator network structure, but not pairwise interactions",2014,Colin Olito; Jeremy W. Fox,Oikos,OpenAlex,Q5|Q6|Q7,OpenAlex:https://openalex.org/W1975874549,https://doi.org/10.1111/oik.01439,3
bib_17920c5222396da0,doi:10.1111/oik.02685,10.1111/oik.02685,"Nectar robbing: a common phenomenon mainly determined by accessibility constraints, nectar volume and density of energy rewards",2015,Sandra V. Rojas‐Nossa; José María Sánchez; Luis Navarro,Oikos,OpenAlex,Q5|Q7,OpenAlex:https://openalex.org/W2191936093,https://doi.org/10.1111/oik.02685,2
bib_7f1a7835a6c1d573,doi:10.1111/oik.06988,10.1111/oik.06988,Nectar robbers deter legitimate pollinators by mutilating flowers,2020,Sangeetha Varma; T. P. Rajesh; K. Manoj; Gopalan Asha; Thayyullathil Jobiraj; Palatty Allesh Sinu,Oikos,OpenAlex,Q5|Q7,OpenAlex:https://openalex.org/W3004440386,https://doi.org/10.1111/oik.06988,2
bib_899d0c041d64ec36,doi:10.1111/oik.2017.v126.i9,10.1111/oik.2017.v126.i9,Foraging strategy predicts foraging economy in a facultative secondary nectar robber,2017,Sarah Kelley Richman; Rebecca E. Irwin; Judith L. Bronstein,Oikos,OpenAlex,Q6|Q7,OpenAlex:https://openalex.org/W4243010376,https://doi.org/10.1111/oik.2017.v126.i9,2
bib_213defb84afa6c6b,doi:10.1111/plb.12080,10.1111/plb.12080,"The comparative reproductive biology of a tetraploid species, H edychium villosum, and its diploid progenitor H . tenuiflorum( Z ingiberaceae)",2013,Jiangyun Gao; Qiang Liu; Qianjiang Li,Plant Biology,OpenAlex,Q4|Q5,OpenAlex:https://openalex.org/W2127117362,https://doi.org/10.1111/plb.12080,2
bib_b5f385b825d26ff8,doi:10.1111/plb.12581,10.1111/plb.12581,"Pollinators shift to nectar robbers when florivory occurs, with effects on reproductive success in Iris bulleyana (Iridaceae)",2017,Zhong‐Ming Ye; Xiao‐Fang Jin; Qingfeng Wang; Chaodong Yang; David W. Inouye,Plant Biology,OpenAlex,Q3|Q5|Q6|Q7,OpenAlex:https://openalex.org/W2616217046,https://doi.org/10.1111/plb.12581,4
bib_30eb0aa7db0e993d,doi:10.1111/plb.12889,10.1111/plb.12889,"Social wasps, crickets and cockroaches contribute to pollination of the holoparasitic plantMitrastemon yamamotoi(Mitrastemonaceae) in southern Japan",2018,Kenji Suetsugu,Plant Biology,OpenAlex,Q5,OpenAlex:https://openalex.org/W2886133101,https://doi.org/10.1111/plb.12889,1
bib_e70c813ee824d8d8,doi:10.1111/plb.13575,10.1111/plb.13575,Flower orientation and corolla length as reproductive barriers in the pollinator‐driven divergence of Erica shannonea and Erica ampullacea,2023,Sam McCarren; Steven D. Johnson; Genevieve L. Theron; Anina Coetzee; R. Turner; Jeremy J. Midgley,Plant Biology,OpenAlex,Q1|Q3|Q6,OpenAlex:https://openalex.org/W4386495848,https://doi.org/10.1111/plb.13575,3
bib_01ed5fa345d782a8,doi:10.1111/plb.13607,10.1111/plb.13607,"Specialized pollination by cecidomyiid flies and associated floral traits in Vincetoxicum sangyojarniae (Apocynaceae, Asclepiadoideae)",2024,Aroonrat Kidyoo; Manit Kidyoo; Paweena Ekkaphan; Rumsaïs Blatrix; Doyle McKey; Magali Proffit,Plant Biology,OpenAlex,Q4|Q5|Q6,OpenAlex:https://openalex.org/W4390700124,https://doi.org/10.1111/plb.13607,3
bib_fdb85ad48d4b67fc,doi:10.1111/plb.70142,10.1111/plb.70142,"Pollinator‐dependence and specialization in three sunbird‐pollinated, fire‐stimulated flowering species",2025,Asekho Mantintsilili; Colleen Lynda Seymour; Sjirk Geerts; Anina Coetzee,Plant Biology,OpenAlex,Q3,OpenAlex:https://openalex.org/W4416667055,https://doi.org/10.1111/plb.70142,1
bib_2a180b752b55c0f3,doi:10.1111/plb.70153,10.1111/plb.70153,Generalization for both diurnal and nocturnal pollination in the mass‐flowering desert geophyte Nerine laticoma (Amaryllidaceae),2025,Genevieve L. Theron; Christine Barker; Miguel Castañeda‐Zárate; Carolina Diller; Sjirk Geerts; Saskia Klumpers; Steven D. Johnson,Plant Biology,OpenAlex,Q5|Q7,OpenAlex:https://openalex.org/W4417288807,https://doi.org/10.1111/plb.70153,2
bib_5ba9d690bb2604fb,doi:10.1128/aem.00323-26,10.1128/aem.00323-26,Diversity and sources of floral microbial communities,2026,Muhammad Qaisar Naeem Khan; Wen‐Qian Xiang; Ming‐Xun Ren,Applied and Environmental Microbiology,OpenAlex,Q5|Q7,OpenAlex:https://openalex.org/W7172275028,https://doi.org/10.1128/aem.00323-26,2
bib_ccd96cdf8a355722,doi:10.1134/s0013873818080079,10.1134/s0013873818080079,"Nesting and Biology of Alastor mocsaryi (Hymenoptera, Vespidae: Eumeninae)",2018,Alexander V. Fateryga; Yulia А. Podunay,Entomological Review,OpenAlex,Q5,OpenAlex:https://openalex.org/W2917945275,https://doi.org/10.1134/s0013873818080079,1
bib_54f8d65b9ae5e436,doi:10.1139/cjb-2022-0091,10.1139/cjb-2022-0091,Pollination systems and nectar rewards in four Andean species of Salvia (Lamiaceae),2023,Alexandria Saravia-Nava; Santiago Benitez‐Vieyra; Omar N. Urquizo; Hermann M. Niemeyer; Carlos F. Pinto,Botany,OpenAlex,Q7,OpenAlex:https://openalex.org/W4319302863,https://doi.org/10.1139/cjb-2022-0091,1
bib_08abd55c720f54d8,doi:10.1146/annurev-ecolsys-011720-013401,10.1146/annurev-ecolsys-011720-013401,"The Floral Microbiome: Plant, Pollinator, and Microbial Perspectives",2020,Rachel Lee Vannette,Annual Review of Ecology Evolution and Systematics,OpenAlex,Q5,OpenAlex:https://openalex.org/W3070350740,https://doi.org/10.1146/annurev-ecolsys-011720-013401,1
bib_df6c28965a3a877d,doi:10.1146/annurev-ento-120220-124357,10.1146/annurev-ento-120220-124357,Chemical Ecology of Floral Resources in Conservation Biological Control,2022,Stefano Colazza; Ezio Peri; Antonino Cusumano,Annual Review of Entomology,OpenAlex,Q5,OpenAlex:https://openalex.org/W4296564541,https://doi.org/10.1146/annurev-ento-120220-124357,1
bib_55fc8ff2d49bf055,doi:10.1155/2010/201858,10.1155/2010/201858,Impact of Bee Species and Plant Density on Alfalfa Pollination and Potential for Gene Flow,2010,Johanne Brunet; Christy M. Stewart,Psyche A Journal of Entomology,OpenAlex,Q3|Q6|Q7,OpenAlex:https://openalex.org/W2027463267,https://doi.org/10.1155/2010/201858,3
bib_db099e0ab7abf43a,doi:10.1155/2010/536430,10.1155/2010/536430,Ambient Air Temperature Does Not Predict whether Small or Large Workers Forage in Bumble Bees (Bombus impatiens),2010,Margaret J. Couvillon; Ginny Fitzpatrick; Anna Dornhaus,Psyche A Journal of Entomology,OpenAlex,Q6,OpenAlex:https://openalex.org/W2002816046,https://doi.org/10.1155/2010/536430,1
bib_1af162d92dce290a,doi:10.1155/2010/927463,10.1155/2010/927463,Large Carpenter Bees as Agricultural Pollinators,2010,Tamar Keasar,Psyche A Journal of Entomology,OpenAlex,Q3,OpenAlex:https://openalex.org/W2006791638,https://doi.org/10.1155/2010/927463,1
bib_79baa009fe33e473,doi:10.1155/2015/610735,10.1155/2015/610735,Florivory Modulates the Seed Number‐Seed Weight Relationship in Halenia elliptica (Gentianaceae),2015,Lin‐Lin Wang; Li‐Hua Meng; Jian Guang Luo,The Scientific World JOURNAL,OpenAlex,Q4,OpenAlex:https://openalex.org/W1893379001,https://doi.org/10.1155/2015/610735,1
bib_2248662c0ce7d152,doi:10.1155/2018/3904973,10.1155/2018/3904973,Some Unresolved Issues of Measuring the Efficiency of Pollinators: Experimentally Testing and Assessing the Predictive Power of Different Methods,2018,Ram Chander Sihag,International Journal of Ecology,OpenAlex,Q4|Q5,OpenAlex:https://openalex.org/W2905025285,https://doi.org/10.1155/2018/3904973,2
bib_8eadb4bf0a7b1c93,doi:10.11575/prism/26188,10.11575/prism/26188,Floral Anthesis Rate and Pollen Limitation in Delphinium glaucum and their Consequences for Female Fitness,2016,Hazel Cameron-Inglis,Libraries and Cultural Resources (University of Calgary),OpenAlex,Q3|Q4|Q5|Q7,OpenAlex:https://openalex.org/W2590625227,http://hdl.handle.net/11023/2980,4
bib_af89d527672b8647,doi:10.11575/prism/27709,10.11575/prism/27709,Scaling of Density-Dependent Reproduction in Bee-Pollinated Forbs of Logged Forests,2015,Sarah A. Johnson,Libraries and Cultural Resources (University of Calgary),OpenAlex,Q5,OpenAlex:https://openalex.org/W2581048749,http://hdl.handle.net/11023/2685,1
bib_bc92ecb6ab3c1288,doi:10.11575/prism/38805,10.11575/prism/38805,"Landscape composition and configuration affect nest founding but not success of bumble bee colonies in agroecosystems in the Lower Mainland of British Columbia, Canada.",2021,Richard Kwafo,,OpenAlex,Q5,OpenAlex:https://openalex.org/W3203462398,https://prism.ucalgary.ca.,1
bib_2b97f71f1cd223a0,doi:10.11575/prism/5440,10.11575/prism/5440,Genetics and evolution of ultraviolet reflectance in flowers,2018,Yan Liu,Libraries and Cultural Resources (University of Calgary),OpenAlex,Q1|Q3|Q4|Q5,OpenAlex:https://openalex.org/W2787541801,http://hdl.handle.net/1880/106359,4
bib_daaebd59aaac48b7,doi:10.11606/t.11.2011.tde-17032011-161557,10.11606/t.11.2011.tde-17032011-161557,"Diversidade genética, sistema de reprodução, estrutura genética espacial e fluxo gênico em Tabebuia aurea (Silva Manso) Benth. & Hook. f. ex S. Moore no Cerrado",2011,Carolina Assunção Lucas da Silva,,OpenAlex,Q6,OpenAlex:https://openalex.org/W1910002939,https://doi.org/10.11606/t.11.2011.tde-17032011-161557,1
bib_1187b53088700fc1,doi:10.11606/t.41.2007.tde-20022008-134933,10.11606/t.41.2007.tde-20022008-134933,Densidade de recursos florais em múltiplas escalas espaciais: conseqüências para a interação planta-polinizador e demografia de Abutilon rufinerve (Malvaceae),2007,Luciano Elsinor Lopes,,OpenAlex,Q5,OpenAlex:https://openalex.org/W1497117390,https://doi.org/10.11606/t.41.2007.tde-20022008-134933,1
bib_a1aa1171887e5dd1,doi:10.11606/t.41.2017.tde-17082017-093329,10.11606/t.41.2017.tde-17082017-093329,Estrutura geográfica da interação entre abelhas coletoras de óleo e Krameria Loefl. (Krameriaceae): funcionalidade e integração fenotípica de caracteres florais,2017,Liedson Tavares de Sousa Carneiro,,OpenAlex,Q5,OpenAlex:https://openalex.org/W2745329495,https://doi.org/10.11606/t.41.2017.tde-17082017-093329,1
bib_faf7be66f6557bf0,doi:10.11606/t.59.2020.tde-22122020-123707,10.11606/t.59.2020.tde-22122020-123707,Paisagem e redes de polinização: como manter a polinização na Mata Atlântica?,2020,Bárbara Nobrega Rodrigues,,OpenAlex,Q6,OpenAlex:https://openalex.org/W3121236430,https://doi.org/10.11606/t.59.2020.tde-22122020-123707,1
bib_5090c454fa8e0c75,doi:10.11609/jott.2276.8.5.8777-8787,10.11609/jott.2276.8.5.8777-8787,"Pollination ecology of Clerodendrum inerme (L.) Gaertn. (Lamiaceae) in Coringa mangrove ecosystem, Andhra Pradesh, India",2016,A. J. S. Raju; Rajendra Kumar,Journal of Threatened Taxa,OpenAlex,Q5|Q6,OpenAlex:https://openalex.org/W2399135742,https://doi.org/10.11609/jott.2276.8.5.8777-8787,2
bib_2e2527d589999889,doi:10.11609/jott.3172.9.10.10757-10770,10.11609/jott.3172.9.10.10757-10770,"Pollination ecology of Rhynchosia cana (Willd.) DC. (Fabaceae), an erect sub-shrub, in peninsular India",2017,A. J. S. Raju; K. V. V. Ramana,Journal of Threatened Taxa,OpenAlex,Q4,OpenAlex:https://openalex.org/W2765841722,https://doi.org/10.11609/jott.3172.9.10.10757-10770,1
bib_1a82e18803d068fe,doi:10.11609/jott.3201.10.1.11105-11125,10.11609/jott.3201.10.1.11105-11125,On the reproductive ecology of Premna latifolia L. and Premna tomentosa Willd. (Lamiaceae),2018,B. Dileepu Kumar; Devara Sandhya Deepika; A. J. S. Raju,Journal of Threatened Taxa,OpenAlex,Q6|Q7,OpenAlex:https://openalex.org/W2784928583,https://doi.org/10.11609/jott.3201.10.1.11105-11125,2
bib_78f11a1c078caf9f,doi:10.11609/jott.5299.14.8.21660-21695,10.11609/jott.5299.14.8.21660-21695,"Checklist of the orchids of Nokrek Biosphere Reserve, Meghalaya, India",2022,Bikarma Singh; Sneha,Journal of Threatened Taxa,OpenAlex,Q4,OpenAlex:https://openalex.org/W4293182180,https://doi.org/10.11609/jott.5299.14.8.21660-21695,1
bib_3d6b9dc3b803dfbe,doi:10.11609/jott.7930.14.8.21642-21650,10.11609/jott.7930.14.8.21642-21650,Zoophily and nectar-robbing by sunbirds in Gardenia latifolia Ait. (Rubiaceae),2022,A. J. S. Raju; S. Sravan Kumar; Lankapalli Kala Grace; K. Punny; Tebese Peter Raliengoane; Kodamala Prathyusha,Journal of Threatened Taxa,OpenAlex,Q6|Q7,OpenAlex:https://openalex.org/W4293182242,https://doi.org/10.11609/jott.7930.14.8.21642-21650,2
bib_8b84d59906c9a20f,doi:10.11609/jott.8023.14.10.22001-22007,10.11609/jott.8023.14.10.22001-22007,"Nectar robbing by bees on the flowers of Volkameria inermis (Lamiaceae) in Coringa Wildlife Sanctuary, Andhra Pradesh, India",2022,P. Suvarna Raju; A. J. S. Raju; Chintapalli V. V. S. Bhaskara Reddy; G. J. Nagaraju,Journal of Threatened Taxa,OpenAlex,Q5|Q6,OpenAlex:https://openalex.org/W4307290976,https://doi.org/10.11609/jott.8023.14.10.22001-22007,2
bib_98665deda012888a,doi:10.11609/jott.o2337.1432-6,10.11609/jott.o2337.1432-6,Floral and reproductive biology of Sarpagandha Rauvolfia serpentina (Gentianales: Apocynaceae) in semi-arid environment of India,2011,Ram Chander Sihag; Nidhi Wadhwa,Journal of Threatened Taxa,OpenAlex,Q1|Q5,OpenAlex:https://openalex.org/W2153472762,https://doi.org/10.11609/jott.o2337.1432-6,2
bib_cc4c9fdcc288052b,doi:10.11609/jott.zpj.1042.1595-8,10.11609/jott.zpj.1042.1595-8,"The Hawkmoth, Macroglossum gyrans and its interaction with some plant species at Visakhapatnam",2004,A. J. S. Raju; S. Purnachandra Rao; V. Ezradanam; Rashda Zafar; P. Roop Kalpana; P. Kiran P. Kiran,Zoos Print Journal,OpenAlex,Q6|Q7,OpenAlex:https://openalex.org/W2318197837,https://doi.org/10.11609/jott.zpj.1042.1595-8,2
bib_f620e054a76e49f5,doi:10.1186/s12862-024-02293-4,10.1186/s12862-024-02293-4,Functional trait mismatch between native and introduced bee pollinators servicing a global fruit crop,2024,Olivia M. Bernauer; Michael G. Branstetter; James M. Cook; Simon M. Tierney,BMC Ecology and Evolution,OpenAlex,Q5|Q6|Q7,OpenAlex:https://openalex.org/W4401265444,https://doi.org/10.1186/s12862-024-02293-4,3
bib_886df6d2780c26d5,doi:10.1186/s12862-024-02301-7,10.1186/s12862-024-02301-7,Trades-offs between pollinator attraction and florivore defense maximize reproductive success in the self-incompatible Rivea ornata (Convolvulaceae),2024,Natthaphong Chitchak; Alyssa B. Stewart; Paweena Traiperm,BMC Ecology and Evolution,OpenAlex,Q5,OpenAlex:https://openalex.org/W4402074833,https://doi.org/10.1186/s12862-024-02301-7,1
bib_362b4bc68ea730ed,doi:10.1186/s12862-025-02463-y,10.1186/s12862-025-02463-y,Habitat factors and traits shape plant-pollinator interactions in a semi-arid landscape,2025,Diana Michael; K K Joshi; Shivani Krishna,BMC Ecology and Evolution,OpenAlex,Q4|Q5,OpenAlex:https://openalex.org/W4416627392,https://doi.org/10.1186/s12862-025-02463-y,2
bib_c06c7e04ff5c66b0,doi:10.1186/s12870-019-1972-y,10.1186/s12870-019-1972-y,Sex-differential reproduction success and selection on floral traits in gynodioecious Salvia pratensis,2019,Bo Zhang; Regine Claßen‐Bockhoff,BMC Plant Biology,OpenAlex,Q1|Q3|Q4|Q6,OpenAlex:https://openalex.org/W2970773724,https://doi.org/10.1186/s12870-019-1972-y,4
bib_2af08f21dd947e59,doi:10.1186/s12870-024-05495-6,10.1186/s12870-024-05495-6,Genotypic variation in blueberry flower morphology and nectar reward content affects pollinator attraction in a diverse breeding population,2024,Juliana Cromie; John J. Ternest; Andrew P. Komatz; Paul Adunola; Camila Ferreira Azevedo; Rachel E. Mallinger; Patricio Muńoz,BMC Plant Biology,OpenAlex,Q1|Q2|Q4|Q5,OpenAlex:https://openalex.org/W4402018188,https://doi.org/10.1186/s12870-024-05495-6,4
bib_523a6492b220b674,doi:10.1186/s12870-024-05867-y,10.1186/s12870-024-05867-y,Multiple insect pollination contributes to differential phenotypic selection on floral traits in Stellera chamaejasme,2024,Shu-Fan Sun; Yun‐Han Li; Jing Leng; Ding-Hai Zhang; Wenliu Zhang; Bo Zhang,BMC Plant Biology,OpenAlex,Q3|Q4|Q5|Q6,OpenAlex:https://openalex.org/W4404831016,http://dx.doi.org/10.1186/s12870-024-05867-y,4
bib_9a94a000dc88f059,doi:10.1186/s12870-025-06474-1,10.1186/s12870-025-06474-1,Pre-pollination isolation by pollinator specificity: settling moth versus hawkmoth pollination in two sympatric Habenaria species (Orchidaceae),2025,Shao‐Lin Tan; Xing-Hui Chen; Haihong Liao; Wei-Xing Cheng; Hanwen Xiao; Lang Huang; Huolin Luo; Carlos Eduardo Pereira Nunes; Zong‐Xin Ren; Boyun Yang,BMC Plant Biology,OpenAlex,Q3|Q5|Q6|Q7,OpenAlex:https://openalex.org/W4409151486,https://doi.org/10.1186/s12870-025-06474-1,4
bib_b5dba2b8b80afd6e,doi:10.1186/s12898-015-0053-9,10.1186/s12898-015-0053-9,BMC Ecology Image Competition 2015: the winning images,2015,Catherine J. Potenski; Ana Luz Porzecanski; Michel Baguette; Jean Clobert; David Peter Hughes; Josef Settele,BMC Ecology,OpenAlex,Q6,OpenAlex:https://openalex.org/W2003073415,https://doi.org/10.1186/s12898-015-0053-9,1
bib_fe98bb97a0625290,doi:10.1186/s12898-016-0090-z,10.1186/s12898-016-0090-z,BMC Ecology Image Competition 2016: the winning images,2016,Julia Simundza; Matthew I. Palmer; Josef Settele; Luke M. Jacobus; David Peter Hughes; Dominique Mazzi; Simon Blanchet,BMC Ecology,OpenAlex,Q6|Q7,OpenAlex:https://openalex.org/W4214735174,https://doi.org/10.1186/s12898-016-0090-z,2
bib_b4401efcc1c502cc,doi:10.1186/s40657-021-00256-7,10.1186/s40657-021-00256-7,The flowerpiercers interactions with a community of high Andean plants,2021,Jairo Andrés Cuta-Pineda; Luis Alejandro Arias-Sosa; Roxibell C. Pelayo,Avian Research,OpenAlex,Q1|Q2|Q3,OpenAlex:https://openalex.org/W3164242958,https://doi.org/10.1186/s40657-021-00256-7,3
bib_a43157a5f74fc793,doi:10.1242/jeb.052688,10.1242/jeb.052688,Avoidance of achromatic colours by bees provides a private niche for hummingbirds,2011,Klaus Lunau; Sarah Papiorek; Thomas Eltz; Marlies Sazima,Journal of Experimental Biology,OpenAlex,Q4,OpenAlex:https://openalex.org/W2108486064,https://doi.org/10.1242/jeb.052688,1
bib_2a1ad093dd329d70,doi:10.1242/jeb.245074,10.1242/jeb.245074,"Nectar feeding beyond the tongue: hummingbirds drink using phase-shifted bill opening, flexible tongue flaps and wringing at the tips",2023,Alejandro Rico‐Guevara; Kristiina Hurme; Margaret A. Rubega; David Cuban,Journal of Experimental Biology,OpenAlex,Q1|Q4|Q6,OpenAlex:https://openalex.org/W4362521969,https://doi.org/10.1242/jeb.245074,3
bib_5512c3009082e387,doi:10.1242/jeb.246156,10.1242/jeb.246156,Nectar cardenolides and floral volatiles mediate a specialized wasp pollination system,2024,Hannah Burger; Samantha Buttala; Hauke Koch; Manfred Ayasse; Steven D. Johnson; Philip C. Stevenson,Journal of Experimental Biology,OpenAlex,Q3|Q5|Q7,OpenAlex:https://openalex.org/W4390587800,https://doi.org/10.1242/jeb.246156,3
bib_5e1d9e73a76beec1,doi:10.12657/denbio.085.0011,10.12657/denbio.085.0011,Passerine birds supporting cross pollination in Erythrina stricta Roxb.,2021,Vinod Prasad Khanduri; Kewat Sanjay Kumar; C. M. Sharma; Manoj Kumar Riyal; Kalpataru Kar; Bhupendra Singh; Arun Sukumaran,Dendrobiology,OpenAlex,Q6,OpenAlex:https://openalex.org/W3169090098,https://doi.org/10.12657/denbio.085.0011,1
bib_90173a7ea9eb6484,doi:10.1303/aez.2010.101,10.1303/aez.2010.101,"Bombus terrestris, pollinator, invasive and pest: An assessment of problems associated with its widespread introductions for commercial purposes",2010,Amots Dafni; Peter G. Kevan; Caroline L. Gross; Koichi Goka,Applied Entomology and Zoology,OpenAlex,Q5|Q6|Q7,OpenAlex:https://openalex.org/W2088193299,https://doi.org/10.1303/aez.2010.101,3
bib_32e7371de5da8acf,doi:10.1303/aez.2010.37,10.1303/aez.2010.37,Impacts of alien bees on native plant-pollinator relationships: A review with special emphasis on plant reproduction,2010,Ikumi Dohzono; Jun Yokoyama,Applied Entomology and Zoology,OpenAlex,Q2|Q5|Q6,OpenAlex:https://openalex.org/W2018391664,https://doi.org/10.1303/aez.2010.37,3
bib_3356557fb2a934cb,doi:10.1303/aez.2010.71,10.1303/aez.2010.71,Is Bombus terrestris (Hymenoptera: Apidae) a stronger competitor against native Japanese species? A comparison of foraging efficiency,2010,Maki N. Inoue; Takashi T Makino; Jun Yokoyama; Satoki Sakai,Applied Entomology and Zoology,OpenAlex,Q3|Q4|Q6|Q7,OpenAlex:https://openalex.org/W2087510600,https://doi.org/10.1303/aez.2010.71,4
bib_320b5c5a1b71b6a2,doi:10.1303/jjaez.2008.47,10.1303/jjaez.2008.47,Ecological Risks of Commercialized Bumblebee and the Invasive Alien Species Act,2008,Masahiro Yoneda; Koji Tsuchida; Koichi Goka,Japanese Journal of Applied Entomology and Zoology,OpenAlex,Q1,OpenAlex:https://openalex.org/W2032670430,https://doi.org/10.1303/jjaez.2008.47,1
bib_bceb6c6014d32983,doi:10.13040/ijpsr.0975-8232.14(3).1071-75,10.13040/ijpsr.0975-8232.14(3).1071-75,[OpenAlex untitled work https://openalex.org/W4362735000],2023,,International Journal of Pharmaceutical Sciences and Research,OpenAlex,Q3,OpenAlex:https://openalex.org/W4362735000,https://doi.org/10.13040/ijpsr.0975-8232.14(3).1071-75,1
bib_4276b2265149faa2,doi:10.13057/biodiv/d240608,10.13057/biodiv/d240608,Pollination ecology of an important medicinal plant Hellenia speciosa (J.Koenig) S.R.Dutta of Asiatic tropics,2023,Arabinda Samanta; Bubai Bera; Prakash Karmakar,Biodiversitas Journal of Biological Diversity,OpenAlex,Q5,OpenAlex:https://openalex.org/W4384830763,https://doi.org/10.13057/biodiv/d240608,1
bib_b19dcfe5f47fac97,doi:10.13102/sociobiology.v59i4.503,10.13102/sociobiology.v59i4.503,Bee Visitors of Quaresmeira Flowers (Tibouchina granulosa Cogn.) in the Region of Dourados (MS-Brasil),2014,Anna Kátia Brizola-Bonacina,Sociobiology,OpenAlex,Q6,OpenAlex:https://openalex.org/W1825440538,http://dx.doi.org/10.13102/sociobiology.v59i4.503,1
bib_9ab3ecf3a4824299,doi:10.13102/sociobiology.v66i3.4345,10.13102/sociobiology.v66i3.4345,Pollination of Grewia asiatica (Malvaceae) by Megachile cephalotes (Hymenoptera: Megachilidae): Male vs. Female Pollination,2019,Asif Sajjad; Waseem Akram; Sajjad Ali; Muhammad Aslam Farooqi; Ghulam Mujtaba; Mudssar Ali; Ammad Ahmad,Sociobiology,OpenAlex,Q6,OpenAlex:https://openalex.org/W2990528009,https://doi.org/10.13102/sociobiology.v66i3.4345,1
bib_b25d42c5f8f2ce8b,doi:10.1360/biodiv.050161,10.1360/biodiv.050161,Assessment of function area design in Dinghushan Biosphere Reserve using landscape ecology principles,2006,Linyan Zhang,Biodiversity Science,OpenAlex,Q5,OpenAlex:https://openalex.org/W2064052352,https://doi.org/10.1360/biodiv.050161,1
bib_ebb3ef92aada9849,doi:10.1371/journal.pbio.1002564,10.1371/journal.pbio.1002564,Associative Mechanisms Allow for Social Learning and Cultural Transmission of String Pulling in an Insect,2016,Sylvain Alem; Clint J. Perry; Xingfu Zhu; Olli Loukola; Thomas Ingraham; Eirik Søvik; Lars Chıttka,PLoS Biology,OpenAlex,Q6,OpenAlex:https://openalex.org/W2528434715,https://doi.org/10.1371/journal.pbio.1002564,1
bib_394e30509ef1c905,doi:10.1371/journal.pbio.3002019,10.1371/journal.pbio.3002019,Bumblebees acquire alternative puzzle-box solutions via social learning,2023,Alice D. Bridges; HaDi MaBouDi; Olga Procenko; Charlotte Lockwood; Yaseen Mohammed; Amelia Kowalewska; José Eric Romero González; Joseph Woodgate; Lars Chıttka,PLoS Biology,OpenAlex,Q6,OpenAlex:https://openalex.org/W4323348801,https://doi.org/10.1371/journal.pbio.3002019,1
bib_67ca404fabed3975,doi:10.1371/journal.pbio.3002434,10.1371/journal.pbio.3002434,When cheating turns into a stabilizing mechanism of plant–pollinator communities,2023,François Duchenne; Stéphane Aubert; Elisa Barreto; Emanuel Brenes; María A. Maglianesi; Tatiana Santander; Esteban A. Guevara; Catherine Helen Graham,PLoS Biology,OpenAlex,Q1|Q3,OpenAlex:https://openalex.org/W4390264904,https://doi.org/10.1371/journal.pbio.3002434,2
bib_18de5721ef147d3e,doi:10.1371/journal.pone.0002992,10.1371/journal.pone.0002992,Resource Competition Triggers the Co-Evolution of Long Tongues and Deep Corolla Tubes,2008,Miguel Angel Rodríguez-Gironés; Ana L. Llandrés,PLoS ONE,OpenAlex,Q3|Q6|Q7,OpenAlex:https://openalex.org/W2037248072,https://doi.org/10.1371/journal.pone.0002992,3
bib_ff4cacd684c21609,doi:10.1371/journal.pone.0033803,10.1371/journal.pone.0033803,Contribution of Pollinators to Seed Production as Revealed by Differential Pollinator Exclusion in Clerodendrum trichotomum (Lamiaceae),2012,Ryota L. Sakamoto; Motomi Itô; Nobumitsu Kawakubo,PLoS ONE,OpenAlex,Q4|Q5,OpenAlex:https://openalex.org/W2028118216,https://doi.org/10.1371/journal.pone.0033803,2
bib_00bf617fa3e243be,doi:10.1371/journal.pone.0041121,10.1371/journal.pone.0041121,"Total Control – Pollen Presentation and Floral Longevity in Loasaceae (Blazing Star Family) Are Modulated by Light, Temperature and Pollinator Visitation Rates",2012,Tilo Henning; Maximilian Weigend,PLoS ONE,OpenAlex,Q5|Q6|Q7,OpenAlex:https://openalex.org/W1981014188,https://doi.org/10.1371/journal.pone.0041121,3
bib_846c49d03b0f589d,doi:10.1371/journal.pone.0043869,10.1371/journal.pone.0043869,Nectar Theft and Floral Ant-Repellence: A Link between Nectar Volume and Ant-Repellent Traits?,2012,Gavin A. Ballantyne; Pat G. Willmer,PLoS ONE,OpenAlex,Q5,OpenAlex:https://openalex.org/W2124592271,https://doi.org/10.1371/journal.pone.0043869,1
bib_b59b9917b1b1adce,doi:10.1371/journal.pone.0055914,10.1371/journal.pone.0055914,Floral Nectar Guide Patterns Discourage Nectar Robbing by Bumble Bees,2013,Anne S. Leonard; Joshua Brent; Daniel R. Papaj; Anna Dornhaus,PLoS ONE,OpenAlex,Q3|Q6,OpenAlex:https://openalex.org/W1963768338,https://doi.org/10.1371/journal.pone.0055914,2
bib_46c2bc2bc713051d,doi:10.1371/journal.pone.0067556,10.1371/journal.pone.0067556,Do Honeybees Shape the Bacterial Community Composition in Floral Nectar?,2013,Yana Aizenberg-Gershtein; Ido Izhaki; Malka Halpern,PLoS ONE,OpenAlex,Q6,OpenAlex:https://openalex.org/W1972109159,https://doi.org/10.1371/journal.pone.0067556,1
bib_b0d8b02abb852ee7,doi:10.1371/journal.pone.0087689,10.1371/journal.pone.0087689,"Comparison of Sugars, Iridoid Glycosides and Amino Acids in Nectar and Phloem Sap of Maurandya barclayana, Lophospermum erubescens, and Brassica napus",2014,Gertrud Lohaus; Michael Schwerdtfeger,PLoS ONE,OpenAlex,Q1|Q7,OpenAlex:https://openalex.org/W2028953586,https://doi.org/10.1371/journal.pone.0087689,2
bib_ca85af3c31064878,doi:10.1371/journal.pone.0090510,10.1371/journal.pone.0090510,Intercropping with Shrub Species That Display a ‘Steady-State’ Flowering Phenology as a Strategy for Biodiversity Conservation in Tropical Agroecosystems,2014,Valerie E. Peters,PLoS ONE,OpenAlex,Q7,OpenAlex:https://openalex.org/W2008057682,https://doi.org/10.1371/journal.pone.0090510,1
bib_bca713480d4cc242,doi:10.1371/journal.pone.0093421,10.1371/journal.pone.0093421,"Floral Reward, Advertisement and Attractiveness to Honey Bees in Dioecious Salix caprea",2014,Stefan Dötterl; Ulrike Glück; Andreas Jürgens; J.P. Woodring; Gregor Aas,PLoS ONE,OpenAlex,Q4|Q5,OpenAlex:https://openalex.org/W1986804376,https://doi.org/10.1371/journal.pone.0093421,2
bib_387b623cce4008b3,doi:10.1371/journal.pone.0095381,10.1371/journal.pone.0095381,"Change of Floral Orientation within an Inflorescence Affects Pollinator Behavior and Pollination Efficiency in a Bee-Pollinated Plant, Corydalis sheareri",2014,Hui Wang; Shuang Tie; Dan Yu; You‐Hao Guo; Chun‐Feng Yang,PLoS ONE,OpenAlex,Q4,OpenAlex:https://openalex.org/W1973421506,https://doi.org/10.1371/journal.pone.0095381,1
bib_701151337fe00936,doi:10.1371/journal.pone.0097307,10.1371/journal.pone.0097307,Bee Species Diversity Enhances Productivity and Stability in a Perennial Crop,2014,Shelley R. Rogers; David R. Tarpy; Hannah Joy Burrack,PLoS ONE,OpenAlex,Q5,OpenAlex:https://openalex.org/W2017267912,https://doi.org/10.1371/journal.pone.0097307,1
bib_c9fe36160c99bc97,doi:10.1371/journal.pone.0102325,10.1371/journal.pone.0102325,Complex-to-Predict Generational Shift between Nested and Clustered Organization of Individual Prey Networks in Digger Wasps,2014,Yolanda Ballesteros; Carlo Polidori; José Tormos; Laura Baños‐Picón; Josep Daniel Asís,PLoS ONE,OpenAlex,Q6,OpenAlex:https://openalex.org/W1970090933,https://doi.org/10.1371/journal.pone.0102325,1
bib_1e5be5d609df8cc1,doi:10.1371/journal.pone.0102607,10.1371/journal.pone.0102607,Nectar Robbing Positively Influences the Reproductive Success of Tecomella undulata (Bignoniaceae),2014,Vineet Kumar Singh; Chandan Barman; Rajesh Tandon,PLoS ONE,OpenAlex,Q5,OpenAlex:https://openalex.org/W2020406739,https://doi.org/10.1371/journal.pone.0102607,1
bib_2dfe8319a8aee075,doi:10.1371/journal.pone.0112013,10.1371/journal.pone.0112013,"Gloss, Colour and Grip: Multifunctional Epidermal Cell Shapes in Bee- and Bird-Pollinated Flowers",2014,Sarah Papiorek; Robert R. Junker; Klaus Lunau,PLoS ONE,OpenAlex,Q4,OpenAlex:https://openalex.org/W2148710213,https://doi.org/10.1371/journal.pone.0112013,1
bib_9abfd47d28b42c30,doi:10.1371/journal.pone.0144585,10.1371/journal.pone.0144585,Impact of Striped-Squirrel Nectar-Robbing Behaviour on Gender Fitness in Alpinia roxburghii Sweet (Zingiberaceae),2015,Xiaobao Deng; Dharmalingam Mohandass; Masatoshi Katabuchi; Alice Catherine Hughes; David Ward Roubik,PLoS ONE,OpenAlex,Q5|Q7,OpenAlex:https://openalex.org/W2282457855,https://doi.org/10.1371/journal.pone.0144585,2
bib_fb13ebfd4f28043b,doi:10.1371/journal.pone.0150631,10.1371/journal.pone.0150631,A New Species of Cleisostoma (Orchidaceae) from the Hon Ba Nature Reserve in Vietnam: A Multidisciplinary Assessment,2016,Jan Ponert; Pavel Trávníček; Truong Ba Vuong; Romana Rybková; Jan Suda,PLoS ONE,OpenAlex,Q4,OpenAlex:https://openalex.org/W2304655393,https://doi.org/10.1371/journal.pone.0150631,1
bib_18129cc82604df7c,doi:10.1371/journal.pone.0151482,10.1371/journal.pone.0151482,The Allometry of Bee Proboscis Length and Its Uses in Ecology,2016,Daniel P. Cariveau; Geetha K. Nayak; Ígnasi Bartomeus; Joseph Zientek; John S. Ascher; Jason Gibbs; Rachael Winfree,PLoS ONE,OpenAlex,Q6|Q7,OpenAlex:https://openalex.org/W2298220480,https://doi.org/10.1371/journal.pone.0151482,2
bib_ebe4845806ce9320,doi:10.1371/journal.pone.0154728,10.1371/journal.pone.0154728,A Matter of Contrast: Yellow Flower Colour Constrains Style Length in Crocus species,2016,Klaus Lunau; Sabine Konzmann; Jessica Bossems; Dörte Harpke,PLoS ONE,OpenAlex,Q6,OpenAlex:https://openalex.org/W2344106346,https://doi.org/10.1371/journal.pone.0154728,1
bib_8db59f5b001fbd6e,doi:10.1371/journal.pone.0175160,10.1371/journal.pone.0175160,Nutrient enrichment is associated with altered nectar and pollen chemical composition in Succisa pratensis Moench and increased larval mortality of its pollinator Bombus terrestris L.,2017,Tobias Ceulemans; Eva Hulsmans; Wim Van den Ende; Olivier Honnay,PLoS ONE,OpenAlex,Q7,OpenAlex:https://openalex.org/W2607486966,https://doi.org/10.1371/journal.pone.0175160,1
bib_2d74772dd3c4dc53,doi:10.1371/journal.pone.0179273,10.1371/journal.pone.0179273,Flight of the bumble bee: Buzzes predict pollination services,2017,Nicole E. Miller‐Struttmann; David Heise; Johannes Schul; Jennifer C. Geib; Candace Galen,PLoS ONE,OpenAlex,Q6|Q7,OpenAlex:https://openalex.org/W2623587077,https://doi.org/10.1371/journal.pone.0179273,2
bib_02c879814187af0b,doi:10.1371/journal.pone.0185683,10.1371/journal.pone.0185683,Are pollinating hawk moths declining in the Northeastern United States? An analysis of collection records,2017,Bruce E. Young; Stephanie L. Auer; Margaret Ormes; Giovanni Rapacciuolo; Dale F. Schweitzer; Nicole Sears,PLoS ONE,OpenAlex,Q2|Q6,OpenAlex:https://openalex.org/W2761512420,https://doi.org/10.1371/journal.pone.0185683,2
bib_f41cd20a06ddaed8,doi:10.1371/journal.pone.0189268,10.1371/journal.pone.0189268,Do managed bees have negative effects on wild bees?: A systematic review of the literature,2017,Rachel E. Mallinger; Hannah R. Gaines‐Day; Claudio Gratton,PLoS ONE,OpenAlex,Q6,OpenAlex:https://openalex.org/W2772620039,https://doi.org/10.1371/journal.pone.0189268,1
bib_77b3011e6040e794,doi:10.1371/journal.pone.0217839,10.1371/journal.pone.0217839,The allometry of proboscis length in Melittidae (Hymenoptera: Apoidae) and an estimate of their foraging distance using museum collections,2019,Annalie Melin; Harald Wolfgang Krenn; Rauri C. K. Bowie; Colin M. Beale; John Charles Manning; Jonathan F. Colville,PLoS ONE,OpenAlex,Q3|Q6|Q7,OpenAlex:https://openalex.org/W2979782645,https://doi.org/10.1371/journal.pone.0217839,3
bib_0b3208c353cefdd2,doi:10.1371/journal.pone.0225252,10.1371/journal.pone.0225252,I’ve been robbed! – Can changes in floral traits discourage bee pollination?,2019,Camila Vaz de Souza; Maíra Vidor Salvador; PRISCILA TEIXEIRA TUNES; Luiz Cláudio Di Stasi; Elza Guimarães,PLoS ONE,OpenAlex,Q6|Q7,OpenAlex:https://openalex.org/W2990630918,https://doi.org/10.1371/journal.pone.0225252,2
bib_42b5e778c237a9b2,doi:10.1371/journal.pone.0237561,10.1371/journal.pone.0237561,"Characterizing the nectar microbiome of the non-native tropical milkweed, Asclepias curassavica, in an urban environment",2020,Magdalena L. Warren; Karin E. Kram; Kathryn E. Theiss,PLoS ONE,OpenAlex,Q6,OpenAlex:https://openalex.org/W3082264610,https://doi.org/10.1371/journal.pone.0237561,1
bib_8e8c3ee9ccba19a0,doi:10.1371/journal.pone.0300398,10.1371/journal.pone.0300398,Floral visitors of sesame (Sesamum indicum L.): Elucidating their nectar-robbing behaviour and impacts on the plant reproduction,2024,Ujjwal Layek; T. P. S. Bhandari; Alokesh Das; Prakash Karmakar,PLoS ONE,OpenAlex,Q1|Q2|Q3|Q6|Q8,OpenAlex:https://openalex.org/W4394910049,https://doi.org/10.1371/journal.pone.0300398,5
bib_37032fe1400e10a8,doi:10.1371/journal.pone.0312143,10.1371/journal.pone.0312143,Socioecological drivers of mutualistic and antagonistic plant-insect interactions and interaction outcomes in suburban landscapes,2024,Gordon M. Fitch; Lynn S. Adler; Rebecca E. Irwin; Paige S. Warren,PLoS ONE,OpenAlex,Q1|Q2|Q4,OpenAlex:https://openalex.org/W4404399337,https://doi.org/10.1371/journal.pone.0312143,3
bib_4834f8c2dbbb4790,doi:10.1387/ijdb.190166ks,10.1387/ijdb.190166ks,Developmental biology of dispersed pollen grains,2020,K. R. Shivanna; Rajesh Tandon,The International Journal of Developmental Biology,OpenAlex,Q3,OpenAlex:https://openalex.org/W3043432374,https://doi.org/10.1387/ijdb.190166ks,1
bib_25d765d12d963be6,doi:10.14288/1.0071648,10.14288/1.0071648,The evolution of bird pollination in Macaronesian Lotus section Rhyncholotus (Leguminosae),2011,Isidro Ojeda Alayon,Open Collections,OpenAlex,Q4|Q5,OpenAlex:https://openalex.org/W2289757433,https://doi.org/10.14288/1.0071648,2
bib_71959a0c24367da4,doi:10.14288/1.0300154,10.14288/1.0300154,An investigation of highbush blueberry floral biology and reproductive success in British Columbia,2016,Gwendolyn M. Huber,cIRcle (University of British Columbia),OpenAlex,Q1|Q4|Q5|Q6,OpenAlex:https://openalex.org/W2489910058,http://hdl.handle.net/2429/57769,4
bib_c2ca6481cc6c728a,doi:10.14393/ufu.te.2017.43,10.14393/ufu.te.2017.43,Efeitos da assimetria floral e das interações formigas-plantas nas interações plantas-visitantes florais,2017,Gudryan Jackson Barônio,,OpenAlex,Q5,OpenAlex:https://openalex.org/W2948069586,https://doi.org/10.14393/ufu.te.2017.43,1
bib_4ed95eb405b3f56a,doi:10.14393/ufu.te.2024.5508,10.14393/ufu.te.2024.5508,Os beija-flores e as pessoas: desvendando a contribuição da ciência cidadã e o efeito da urbanização nas interações com as flores,2024,Camila Bosenbecker,,OpenAlex,Q6,OpenAlex:https://openalex.org/W4405697849,https://doi.org/10.14393/ufu.te.2024.5508,1
bib_cd07f5bf88f6a9d4,doi:10.14719/pst.5850,10.14719/pst.5850,Pollination ecology and flowering rhythm of Gloriosa superba L.: Behavioural insights into principal pollinators,2025,R. Mohana Priyanka; Thakur Raj Kumar; Yashpal Sharma; Meena Thakur; M. A. Waseem; Soni Kiran; S. Sureshkumar,Plant Science Today,OpenAlex,Q5,OpenAlex:https://openalex.org/W4409867446,https://doi.org/10.14719/pst.5850,1
bib_aa91ed79ad808de1,doi:10.14943/doctoral.k8187,10.14943/doctoral.k8187,Pollen Morphology and Its Systematic Significance in the Ericaceae,2007,A.K.M. Golam Sawara,Institutional Repositories DataBase (IRDB),OpenAlex,Q5,OpenAlex:https://openalex.org/W154143092,https://hdl.handle.net/2115/46925,1
bib_dcc6462f0422b8f2,doi:10.15083/00004303,10.15083/00004303,"Assessing ecological impacts of Bombus terrestris (L.) naturalized in Hokkaido, northern Japan",2008,真紀 井上,Institutional Repositories DataBase (IRDB),OpenAlex,Q6,OpenAlex:https://openalex.org/W2296432719,https://repository.dl.itc.u-tokyo.ac.jp/records/4312,1
bib_0118e7642f168f62,doi:10.1515/opag-2025-0449,10.1515/opag-2025-0449,Influence of flowering plants in maize crop on the interaction network of Tetragonula laeviceps colonies,2025,Windra Priawandiputra; Rosyid Amrulloh; Dewi Sartiami; Akhmad Rizali; Henta Ria Annisa; Fera Susanti Susanti; Ulfa Nurlaily; Mihwan Sataral; Adha Sari; Ihsan Nurkomar; Damayanti Buchori,Open Agriculture,OpenAlex,Q3,OpenAlex:https://openalex.org/W4412388207,https://doi.org/10.1515/opag-2025-0449,1
bib_8af6ec298959e1eb,doi:10.1515/trser-2015-0092,10.1515/trser-2015-0092,"Reproductive Biology of Mangrove PlantsClerodendrum inerme, Derris trifoliata, Suaeda maritima, Suaeda monoica, Suaeda nudiflora",2016,Jacob Solomon Raju Aluri; Rajendra Kumar; Prasada Rao Chappidi,Transylvanian Review of Systematical and Ecological Research,OpenAlex,Q3|Q5|Q6|Q7,OpenAlex:https://openalex.org/W2586684238,https://doi.org/10.1515/trser-2015-0092,4
bib_5ababed106b2f3b6,doi:10.15381/rpb.v32i3.30866,10.15381/rpb.v32i3.30866,Nectar robbery in Campsidium valdivianum: observations on floral morphology and the role of bumblebees and birds in southern Chile,2025,Carlos E. Valdivia; José I. Orellana; Alberto Gantz,Revista Peruana de Biología,OpenAlex,Q2|Q5,OpenAlex:https://openalex.org/W4415079374,https://doi.org/10.15381/rpb.v32i3.30866,2
bib_30d72a8f74eaf47d,doi:10.15517/lank.vi.7934,10.15517/lank.vi.7934,Observations on the effect of nectar-robbery on the reproductive succes of Aeranthes arachnitis (Orchidaceae),2007,David Lindsay Roberts,Lankesteriana,OpenAlex,Q6,OpenAlex:https://openalex.org/W4251527142,https://doi.org/10.15517/lank.vi.7934,1
bib_9467f85e738c3d92,doi:10.1556/034.64.2022.1-2.7,10.1556/034.64.2022.1-2.7,Pollination ecology and breeding system of Ecbolium Ligustrinum (Acanthaceae): a transition from autogamy to xenogamy through specialised plant-pollinator interactions,2022,Arijit Kundu; Prakash Karmakar,Acta Botanica Hungarica,OpenAlex,Q3|Q6,OpenAlex:https://openalex.org/W4224280337,https://doi.org/10.1556/034.64.2022.1-2.7,2
bib_dd2780adbdf574c5,doi:10.15560/11.3.1620,10.15560/11.3.1620,"New records reveal rapid geographic expansion of Bombus terrestris Linnaeus, 1758 (Hymenoptera: Apidae), an invasive species in Argentina",2015,Benoît Geslin; Carolina Laura Morales,Check List,OpenAlex,Q7,OpenAlex:https://openalex.org/W2006712040,https://doi.org/10.15560/11.3.1620,1
bib_0d0c8cfccad7705c,doi:10.15575/biodjati.v5i2.7480,10.15575/biodjati.v5i2.7480,The Selection of Ornamental Plant for Landscape Design of Pollination Garden at Bogor Botanic Gardens,2020,Peniwidiyanti Peniwidiyanti; Irvan Fadli Wanda; Dipta Sumeru Rinandio; Prima Wahyu Kusuma Hutabarat; Muhammad Rifqi Hariri; Dwi Setyanti,Jurnal Biodjati,OpenAlex,Q5|Q6,OpenAlex:https://openalex.org/W3108891506,https://doi.org/10.15575/biodjati.v5i2.7480,2
bib_6e120288ff51e282,doi:10.15760/etd.3423,10.15760/etd.3423,Symbiosis with Nitrogen-fixing Rhizobia Influences Plant Defense Strategy and Plant-predator Interactions,2017,Adrienne L. Godschalx,,OpenAlex,Q4,OpenAlex:https://openalex.org/W2735492306,https://doi.org/10.15760/etd.3423,1
bib_4bffe9ca5e43b967,doi:10.15760/etd.5528,10.15760/etd.5528,Symbiosis with Nitrogen-fixing Rhizobia Influences Plant Defense Strategy and Plant-predator Interactions,2000,Adrienne L. Godschalx,,OpenAlex,Q4,OpenAlex:https://openalex.org/W4249251865,https://doi.org/10.15760/etd.5528,1
bib_9e79f71007ce9d3c,doi:10.1590/0001-3765201520140349,10.1590/0001-3765201520140349,Plant-hummingbird interactions and temporal nectar availability in arestinga from Brazil,2015,Lorena Coutinho Nery da Fonseca; Jeferson Vizentin‐Bugoni; André Rodrigo Rech; Maria Alice S. Alves,Anais da Academia Brasileira de Ciências,OpenAlex,Q1|Q2|Q5|Q6,OpenAlex:https://openalex.org/W2264259140,https://doi.org/10.1590/0001-3765201520140349,4
bib_29f20e4a5fce1445,doi:10.1590/0001-3765202120191446,10.1590/0001-3765202120191446,Rethinking the pollination syndromes in Hymenaea (Leguminosae): the role of anthesis in the diversification,2021,Isys Mascarenhas Souza; Frederic Mendes Hughes; Lígia Silveira Funch; Luciano Paganucci de Queiroz,Anais da Academia Brasileira de Ciências,OpenAlex,Q4|Q5|Q6,OpenAlex:https://openalex.org/W3209252629,https://doi.org/10.1590/0001-3765202120191446,3
bib_d5c2e7b730b5363a,doi:10.1590/0001-3765202320220460,10.1590/0001-3765202320220460,"The iconic cactus of the Caatinga dry forest, Cereus jamacaru (Cactaceae) has high sphingophily specialization and pollinator dependence",2023,Sinzinando Albuquerque‐Lima; Arthur Domingos‐Melo; Paulo Milet‐Pinheiro; Daniela Maria do Amaral Ferraz Navarro; Nigel Paul Taylor; DANIELA CRISTINA ZAPPI; Isabel Cristina Machado,Anais da Academia Brasileira de Ciências,OpenAlex,Q5|Q6,OpenAlex:https://openalex.org/W4386238389,https://doi.org/10.1590/0001-3765202320220460,2
bib_004697fcae0e0153,doi:10.1590/0102-33062017abb0083,10.1590/0102-33062017abb0083,"The influence of El Niño and edge effects on the reproductive phenology and floral visitors of Eschweilera tetrapetala Mori (Lecythidaceae), an endemic species of the Atlantic Forest of northeastern Brazil",2017,Isiara Silva Menezes; Ana Paula Lima do Couto-Santos; Lígia Silveira Funch,Acta Botanica Brasilica,OpenAlex,Q6,OpenAlex:https://openalex.org/W2766364931,https://doi.org/10.1590/0102-33062017abb0083,1
bib_f0818b22ac077dab,doi:10.1590/0102-33062017abb0102,10.1590/0102-33062017abb0102,"Floral and reproductive biology of Alcantarea nahoumii (Bromeliaceae), a vulnerable endemic species of the Atlantic Forest",2017,Maria Josirene Souza Moreira Bastos; Lucimário Pereira Bastos; Everton Hilo de Souza; Taliane Leila Soares; Daniel Vieira de Morais; Fernanda Vidigal Duarte Souza; Maria Angélica Pereira de Carvalho Costa,Acta Botanica Brasilica,OpenAlex,Q3,OpenAlex:https://openalex.org/W2765283358,https://doi.org/10.1590/0102-33062017abb0102,1
bib_99bad9d014bbe6c5,doi:10.1590/0102-33062020abb0408,10.1590/0102-33062020abb0408,Safe sex: ant defense does not interfere with pollination in passion flowers,2021,Tiago Valadares Ferreira; Thiago J. Izzo; Alberto L. Teixido,Acta Botanica Brasilica,OpenAlex,Q4,OpenAlex:https://openalex.org/W3204893162,https://doi.org/10.1590/0102-33062020abb0408,1
bib_112a07126a96edf5,doi:10.1590/0102-33062021abb0299,10.1590/0102-33062021abb0299,Determining factors of flower coloration,2022,Marilia Fernandes Erickson; Daniel Marques Almeida Pessoa,Acta Botanica Brasilica,OpenAlex,Q5,OpenAlex:https://openalex.org/W4313024787,https://doi.org/10.1590/0102-33062021abb0299,1
bib_b33a7b719f8e1703,doi:10.1590/1809-4392201703932,10.1590/1809-4392201703932,Biting the hand that feeds you: wedge-billed hummingbird is a nectar robber of a sicklebill-adapted Andean bellflower,2018,Mannfred M. A. Boehm,Acta Amazonica,OpenAlex,Q5,OpenAlex:https://openalex.org/W2799473788,https://doi.org/10.1590/1809-4392201703932,1
bib_b7943f39c4922833,doi:10.1590/2175-7860201566204,10.1590/2175-7860201566204,An overview on pollination of the Neotropical Poales,2015,Marina Wolowski; Leandro Freitas,Rodriguésia,OpenAlex,Q5,OpenAlex:https://openalex.org/W1883998869,https://doi.org/10.1590/2175-7860201566204,1
bib_22c6eff7752937cf,doi:10.1590/2175-7860201667202,10.1590/2175-7860201667202,Quando um visitante floral é um polinizador?,2016,Isabel Alves‐dos‐Santos; Cláudia Inês da Silva; Mardiore Pinheiro; Astrid de Matos Peixoto Kleinert,Rodriguésia,OpenAlex,Q6,OpenAlex:https://openalex.org/W2465693570,https://doi.org/10.1590/2175-7860201667202,1
bib_28ad005928b94f4c,doi:10.1590/2236-8906-53/2017,10.1590/2236-8906-53/2017,Reproductive ecology of two pioneer legumes in a coastal plain degraded by sand mining,2018,Adriana de Oliveira Fidalgo; Débora Marcouizos Guimarães; Gabriela Toledo Caldiron; José Marcos Barbosa,Hoehnea,OpenAlex,Q5,OpenAlex:https://openalex.org/W2800085035,https://doi.org/10.1590/2236-8906-53/2017,1
bib_e95f1f59bc69cc60,doi:10.1590/s0001-37652010000400006,10.1590/s0001-37652010000400006,"Flowering phenology and pollination of ornithophilous species in two habitats of Serra da Bodoquena, Mato Grosso do Sul, Brazil",2010,Rogério Rodrigues Faria; Andréa Cardoso Araujo,Anais da Academia Brasileira de Ciências,OpenAlex,Q4|Q6,OpenAlex:https://openalex.org/W2159231881,https://doi.org/10.1590/s0001-37652010000400006,2
bib_3f2a58afed2b829e,doi:10.1590/s0001-37652010000400010,10.1590/s0001-37652010000400010,"Contrasting bee pollination in two co-occurring distylic species of Cordia (Cordiaceae, Boraginales) in the Brazilian semi-arid Caatinga: generalist in C. globosa vs. specialist in C. leucocephala",2010,Isabel Cristina Machado; Ariadna Valentina Lopes; Marlies Sazima,Anais da Academia Brasileira de Ciências,OpenAlex,Q6,OpenAlex:https://openalex.org/W2016125772,https://doi.org/10.1590/s0001-37652010000400010,1
bib_a1d490628b347451,doi:10.1590/s0085-56262011005000023,10.1590/s0085-56262011005000023,"First record of the behavior of latex drainage by Trigona spinipes (Fabricius) (Hymenoptera, Apidae) in laticiferous flowers",2011,Cristiana Koschnitzke,Revista Brasileira de Entomologia,OpenAlex,Q6,OpenAlex:https://openalex.org/W2034296053,https://doi.org/10.1590/s0085-56262011005000023,1
bib_2695c45a9651105c,doi:10.1590/s0100-84042011000200008,10.1590/s0100-84042011000200008,"Fenologia reprodutiva, biologia floral e polinização de Allamanda blanchetii, uma Apocynaceae endêmica da Caatinga",2011,Lenyneves Duarte Alvino de Araújo; Zelma Glebya Maciel Quirino; Isabel Cristina Machado,Revista Brasileira de Botânica,OpenAlex,Q5|Q6,OpenAlex:https://openalex.org/W2001483562,https://doi.org/10.1590/s0100-84042011000200008,2
bib_4dd647d3c8bdf8f3,doi:10.1590/s0101-81752005000100007,10.1590/s0101-81752005000100007,"Beija-flores (Aves, Trochilidae) e seus recursos florais em uma área urbana do Sul do Brasil",2005,Luciana Baza Mendonça; Luiz dos Anjos,Revista Brasileira de Zoologia,OpenAlex,Q6,OpenAlex:https://openalex.org/W1984649591,https://doi.org/10.1590/s0101-81752005000100007,1
bib_c9579e00acb9cf10,doi:10.1590/s0101-81752006000100002,10.1590/s0101-81752006000100002,"Feeding behavior of hummingbirds and perching birds on Erythrina speciosa Andrews (Fabaceae) flowers in an urban area, Londrina, Paraná, Brazil",2006,Luciana Baza Mendonça; Luiz dos Anjos,Revista Brasileira de Zoologia,OpenAlex,Q1|Q6,OpenAlex:https://openalex.org/W2037304585,https://doi.org/10.1590/s0101-81752006000100002,2
bib_feaf660b49cb97f1,doi:10.1590/s0102-33062005000300010,10.1590/s0102-33062005000300010,Biologia floral e polinização de Arrabidaea conjugata (Vell.) Mart. (Bignoniaceae),2005,Maria Célia Rodrigues Correia; Maria Celia B Pinheiro; Heloísa Alves de Lima,Acta Botanica Brasilica,OpenAlex,Q6,OpenAlex:https://openalex.org/W2070608161,https://doi.org/10.1590/s0102-33062005000300010,1
bib_125291f5b6ac8d5e,doi:10.1590/s0102-33062010000400012,10.1590/s0102-33062010000400012,Pollination biology of Paliavana tenuiflora (Gesneriaceae: Sinningeae) in Northeastern Brazil,2010,Patrícia Alves Ferreira; Blandina Felipe Viana,Acta Botanica Brasilica,OpenAlex,Q1,OpenAlex:https://openalex.org/W1992861739,https://doi.org/10.1590/s0102-33062010000400012,1
bib_b198c686339da2b0,doi:10.1590/s1519-69842006000400019,10.1590/s1519-69842006000400019,Effect of nectar secretion rate on pollination success of Passiflora coccinea (Passifloraceae) in the Central Amazon,2006,Erich Arnold Fischer; Inara R. Leal,Brazilian Journal of Biology,OpenAlex,Q4,OpenAlex:https://openalex.org/W1977545867,https://doi.org/10.1590/s1519-69842006000400019,1
bib_e192117138c4c859,doi:10.1590/s1676-06032012000400010,10.1590/s1676-06032012000400010,Pollination of Pagamea duckei Standl. (Rubiaceae): a functionally dioecious species,2012,Mário Henrique Terra‐Araujo; Antonio Carlos Webber; Alberto Vicentini,Biota Neopropica/Biota Neotropica,OpenAlex,Q5,OpenAlex:https://openalex.org/W2147703589,https://doi.org/10.1590/s1676-06032012000400010,1
bib_e69c5d4922998afe,doi:10.1614/ws-d-14-00067.1,10.1614/ws-d-14-00067.1,The Role of Ground Beetles (Coleoptera: Carabidae) in Weed Seed Consumption: A Review,2015,Sharavari S. Kulkarni; Lloyd M. Dosdall; Christian J. Willenborg,Weed Science,OpenAlex,Q7,OpenAlex:https://openalex.org/W2119744294,https://doi.org/10.1614/ws-d-14-00067.1,1
bib_a58ea0f94a1ecac9,doi:10.17129/botsci.3807,10.17129/botsci.3807,Zoopollination of Pulque agave crop (Agave salmiana) in the central valleys of Mexico,2026,Stephanie Ortega‐García; Elisa Maya‐Elizarrarás; Mariana Vallejo,Botanical Sciences,OpenAlex,Q3|Q5|Q6,OpenAlex:https://openalex.org/W7135055349,https://doi.org/10.17129/botsci.3807,3
bib_80efd3f8157b1939,doi:10.17161/jom.v0i6.4467,10.17161/jom.v0i6.4467,Maria Guiomar Nates-Parra: biographical sketch and summary of contributions to the melittological knowledge of Colombia,2013,Víctor H. González; Michael S. Engel,Journal of Melittology,OpenAlex,Q7,OpenAlex:https://openalex.org/W2017284444,https://doi.org/10.17161/jom.v0i6.4467,1
bib_0cb8433923b48e76,doi:10.17161/jom.vi139.24640,10.17161/jom.vi139.24640,"Ecuadorian bumble bees (Apidae: Bombus): Species diversity, distribution, and floral associations",2025,Pablo Sebastián Padrón; Claus Rasmussen,Journal of Melittology,OpenAlex,Q6|Q7,OpenAlex:https://openalex.org/W7115709089,https://doi.org/10.17161/jom.vi139.24640,2
bib_7100d1a82fc8e222,doi:10.17520/biods.2015102,10.17520/biods.2015102,Effects of nectar robbing on pollinator behavior and pollination success in facultative selfing Incarvillea sinensis var. sinensis,2015,Jiaxiao Du; Lu Meng; Hai‐Qin Sun; Ying Bao,Biodiversity Science,OpenAlex,Q3,OpenAlex:https://openalex.org/W2582737264,https://doi.org/10.17520/biods.2015102,1
bib_cf766d8ee5368778,doi:10.17520/biods.2017163,10.17520/biods.2017163,Comparative study on reproductive success of Corydalis sheareri (Papaveraceae) between alkaline limestone soil and red soil habitats in a karst area,2017,Zhihuan Jennifer Huang; Qifeng Lu; Yingzhuo Chen,Biodiversity Science,OpenAlex,Q4,OpenAlex:https://openalex.org/W2768421263,https://doi.org/10.17520/biods.2017163,1
bib_932d00f4790b2a56,doi:10.17521/cjpe.2019.0296,10.17521/cjpe.2019.0296,Processes on reproductive ecology of plant species in the Qinghai-Xizang Plateau and adjacent highlands,2020,Chan Zhang; Yu‐Meng An; JASCHKE Yun; Lin‐Lin Wang; Zhili Zhou; Liping Wang; Yongping Yang; Yuan‐Wen Duan,Chinese Journal of Plant Ecology,OpenAlex,Q4,OpenAlex:https://openalex.org/W3031123129,https://doi.org/10.17521/cjpe.2019.0296,1
bib_e3e494224c1f5a0e,doi:10.17521/cjpe.2021.0169,10.17521/cjpe.2021.0169,Effect of pollen source on reproductive success of Impatiens oxyanthera under warming conditions,2022,Nan-Die ZHONG; Lı Wang; Jie Xiao; Qiong Wang,Chinese Journal of Plant Ecology,OpenAlex,Q4,OpenAlex:https://openalex.org/W4285049726,https://doi.org/10.17521/cjpe.2021.0169,1
bib_0e60f49efca34d97,doi:10.17635/lancaster/thesis/1021,10.17635/lancaster/thesis/1021,Using species traits to understand the mechanisms driving pollination and pest control ecosystem services,2020,Arran Greenop,Lancaster EPrints (Lancaster University),OpenAlex,Q7,OpenAlex:https://openalex.org/W3047162824,https://eprints.lancs.ac.uk/id/eprint/145265/1/Arran_Greenop_Thesis_Corrected.pdf,1
bib_c3fa4909a44ad366,doi:10.17863/cam.48560,10.17863/cam.48560,Effects of plant viral pathogens on plant-pollinator relationships,2020,Netsai M. Mhlanga,Apollo (University of Cambridge),OpenAlex,Q3|Q4|Q5|Q7,OpenAlex:https://openalex.org/W3021161820,https://www.repository.cam.ac.uk/handle/1810/301488,4
bib_e07bdc7c6d0bebd7,doi:10.17864/1947.83,10.17864/1947.83,Measures of cross-pollination and yield production of faba bean (Vicia faba L.) in response to heat stress and insect pollination treatments,2017,Jacob Bishop,"Robust Assessment and Communication of Environmental Risk (RACER) under the Probability, Uncertainty & Risk in the Environment (PURE) Consortium (University of Reading Research Data Archive)",OpenAlex,Q7,OpenAlex:https://openalex.org/W2581306900,https://researchdata.reading.ac.uk/83/5/dataset1.csv,1
bib_b0cd549cb8a86b22,doi:10.17921/1415-6938.2025v29n2p487-504,10.17921/1415-6938.2025v29n2p487-504,Generalization versus Specialization in Plant Pollination Systems: What do Floral Visitors Tell us?,2025,Leandro Pereira Polatto; Paulo Roberto de Abreu Tavares; Glaucia Almeida de Morais; Jessica Amaral Henrique; Valter Vieira Alves,Ensaios e Ciência C Biológicas Agrárias e da Saúde,OpenAlex,Q7,OpenAlex:https://openalex.org/W4412033523,https://doi.org/10.17921/1415-6938.2025v29n2p487-504,1
bib_786309c27cbe3a11,doi:10.18130/v38w2h,10.18130/v38w2h,The role of sex ratio as a context for selection in Silene vulgaris,2016,Brian G. Sanderson,,OpenAlex,Q4,OpenAlex:https://openalex.org/W2948584231,https://doi.org/10.18130/v38w2h,1
bib_9adc782065d7dba3,doi:10.18174/135233,10.18174/135233,Savanna aliens,2010,M. Masocha,,OpenAlex,Q3,OpenAlex:https://openalex.org/W4403605085,https://doi.org/10.18174/135233,1
bib_5d448783bd9760db,doi:10.18174/472043,10.18174/472043,Caught between friends and foes : plant-mediated interactions between herbivores and flower visitors,2019,Quint Rusman,,OpenAlex,Q5|Q6,OpenAlex:https://openalex.org/W2943477571,https://doi.org/10.18174/472043,2
bib_715e231c6d33cb0c,doi:10.18476/sbna.v9.a14,10.18476/sbna.v9.a14,Review of the Icelandic bee fauna (Hymenoptera: Apoidea: Anthophila),2016,Anselm Kratochwil,Stuttgarter Beiträge zur Naturkunde A,OpenAlex,Q6,OpenAlex:https://openalex.org/W2342559590,https://doi.org/10.18476/sbna.v9.a14,1
bib_ca71ea01c1455e78,doi:10.1890/0012-9658(2006)87[2709:dbnfaa]2.0.co;2,10.1890/0012-9658(2006)87[2709:dbnfaa]2.0.co;2,"DARK, BITTER-TASTING NECTAR FUNCTIONS AS A FILTER OF FLOWER VISITORS IN A BIRD-POLLINATED PLANT",2006,Steven D. Johnson; Anna L. Hargreaves; Mark T. Brown,Ecology,OpenAlex,Q3|Q6,OpenAlex:https://openalex.org/W2023328971,https://doi.org/10.1890/0012-9658(2006)87[2709:dbnfaa]2.0.co;2,2
bib_52f19083c8946643,doi:10.1890/03-0409,10.1890/03-0409,ATTRACTING ANTAGONISTS: DOES FLORAL NECTAR INCREASE LEAF HERBIVORY?,2004,Lynn S. Adler; Judith L. Bronstein,Ecology,OpenAlex,Q5,OpenAlex:https://openalex.org/W2102556602,https://doi.org/10.1890/03-0409,1
bib_c8cea98b13386101,doi:10.1890/07-1491.1,10.1890/07-1491.1,ALIEN BUMBLE BEE AFFECTS NATIVE PLANT REPRODUCTION THROUGH INTERACTIONS WITH NATIVE BUMBLE BEES,2008,Ikumi Dohzono; Yoko Kawate Kunitake; Jun Yokoyama; Koichi Goka,Ecology,OpenAlex,Q3|Q5|Q6,OpenAlex:https://openalex.org/W2072695199,https://doi.org/10.1890/07-1491.1,3
bib_8abbb9622efeebc9,doi:10.1890/08-2278.1,10.1890/08-2278.1,Benefit and cost curves for typical pollination mutualisms,2010,William F. Morris; Diego Pedro Vázquez; Natacha Paola Chacoff,Ecology,OpenAlex,Q7,OpenAlex:https://openalex.org/W2113326727,https://doi.org/10.1890/08-2278.1,1
bib_c6dfedceb07568be,doi:10.1890/12-2003.1,10.1890/12-2003.1,Early onset of spring increases the phenological mismatch between plants and pollinators,2013,Gaku Kudo; Takashi Y. Ida,Ecology,OpenAlex,Q7,OpenAlex:https://openalex.org/W2136856947,https://doi.org/10.1890/12-2003.1,1
bib_f40e29efec0c5977,doi:10.1890/15-0546,10.1890/15-0546,Effects of habitat composition and landscape structure on worker foraging distances of five bumble bee species,2016,John W. Redhead; Stephanie Dreier; Andrew F. G. Bourke; Matthew S. Heard; William Chester Jordan; Seirian Sumner; Jinliang Wang; Claire Carvell,Ecological Applications,OpenAlex,Q6|Q7,OpenAlex:https://openalex.org/W1951454443,https://doi.org/10.1890/15-0546,2
bib_01f8d50b93a83f40,doi:10.18960/seitai.64.2_101,10.18960/seitai.64.2_101,共生関係にひそむ第三者 : 花蜜を利用する酵母・細菌が変える植物-送粉者相互作用,2014,崇司 牧野; 潤 横山,日本生態学会誌,OpenAlex,Q3|Q5,OpenAlex:https://openalex.org/W1482440340,https://agriknowledge.affrc.go.jp/RN/2010873094.pdf,2
bib_53707735eb86136b,doi:10.20381/ruor-23532,10.20381/ruor-23532,"Adaptation and Diversification in Bluebells (Mertensia spp., Boraginaceae)",2019,Shang‐Yao Lin,uO Research (University of Ottawa),OpenAlex,Q1|Q3|Q4|Q5,OpenAlex:https://openalex.org/W2968547934,http://hdl.handle.net/10393/39285,4
bib_c188bfec7306e519,doi:10.20381/ruor-25437,10.20381/ruor-25437,"The Effects of Impervious Surface Area, Tree Canopy Cover, and Floral Richness on Bee Abundance, Richness, and Diversity Across an Urban Landscape",2020,Eden E. Gerner,uO Research (University of Ottawa),OpenAlex,Q3|Q4|Q5|Q6,OpenAlex:https://openalex.org/W3093036728,http://hdl.handle.net/10393/41213,4
bib_37a7a79327cdb88c,doi:10.20868/upm.thesis.32621,10.20868/upm.thesis.32621,Habitat management for conservation of pollinators in agro-ecosystems of Central Spain,2014,Jelena Barbir,,OpenAlex,Q3|Q4|Q5|Q7,OpenAlex:https://openalex.org/W1527877295,https://doi.org/10.20868/upm.thesis.32621,4
bib_c23816cb58cf7df4,doi:10.2111/1551-501x-33.3.20,10.2111/1551-501x-33.3.20,The Hidden Benefits of Pollinator Diversity for the Rangelands of the Great Plains: Western Prairie Fringed Orchids as a Case Study,2011,Steven E. Travers; Gerald M. Fauske; K. J. Fox; Andrew A. Ross; M. O. Harris,Rangelands,OpenAlex,Q7,OpenAlex:https://openalex.org/W1990480896,https://doi.org/10.2111/1551-501x-33.3.20,1
bib_137fd568063e1dc4,doi:10.21203/rs.3.rs-1652058/v1,10.21203/rs.3.rs-1652058/v1,Hold tight or loosen up? Functional consequences of a shift in anther architecture depend substantially on bee body size,2022,Rachel V. Wilkins; Maggie M. Mayberry; Mario Vallejo‐Marín; Avery L. Russell,Research Square,OpenAlex,Q6,OpenAlex:https://openalex.org/W4281626080,https://doi.org/10.21203/rs.3.rs-1652058/v1,1
bib_3c992099c61bb577,doi:10.21203/rs.3.rs-1992118/v1,10.21203/rs.3.rs-1992118/v1,Variation in sexual size dimorphism and fit to Rensch's rule in 45 species of Costa Rican hummingbirds,2022,Gerardo Ávalos; Felipe Triana; Jeremy Klank,Research Square,OpenAlex,Q1|Q6,OpenAlex:https://openalex.org/W4294630161,https://doi.org/10.21203/rs.3.rs-1992118/v1,2
bib_6f812d8bdf985ff0,doi:10.21203/rs.3.rs-2154595/v1,10.21203/rs.3.rs-2154595/v1,Spatial and temporal variation of floral visitors and their visitation pattern on Acanthus ilicifolius L.: A case study from the Indian Sundarbans,2022,Tania Chatterjee; Souparna Chakrabarty; Sankarsan Roy; Olive Biswas; Bulganin Mitra; Punarbasu Chaudhuri,Research Square,OpenAlex,Q5,OpenAlex:https://openalex.org/W4306249709,https://doi.org/10.21203/rs.3.rs-2154595/v1,1
bib_7f9a80d3f5ecf048,doi:10.21203/rs.3.rs-21597/v1,10.21203/rs.3.rs-21597/v1,Floral biology and reproductive effort of andromonoecious Aesculus indica Wall. ex Camb. Hook (Hippocastanaceae),2020,Priya Pradhan; Arun Sukumaran; Vinod Prasad Khanduri,,OpenAlex,Q3|Q5,OpenAlex:https://openalex.org/W3122031366,https://doi.org/10.21203/rs.3.rs-21597/v1,2
bib_46ae86386387581c,doi:10.21203/rs.3.rs-2298499/v1,10.21203/rs.3.rs-2298499/v1,Floral Specialization: what do floral attributes and floral visitors tell us?,2022,Leandro Pereira Polatto; Valter Vieira Alves-Júnior; Paulo Roberto de Abreu Tavares; Glaucia Almeida de Morais; Jessica Amaral Henrique; José Chaud Netto,Research Square,OpenAlex,Q7,OpenAlex:https://openalex.org/W4309825687,https://doi.org/10.21203/rs.3.rs-2298499/v1,1
bib_661204233c8645b7,doi:10.21203/rs.3.rs-2871656/v1,10.21203/rs.3.rs-2871656/v1,Honey bees rob flowers after observing conspecifics and carpenter bees,2023,Khatija Kapdi; Marinus L. de Jager; Mike Allsopp; Corneile Minnaar; Bruce C Anderson,Research Square,OpenAlex,Q8,OpenAlex:https://openalex.org/W4372231288,http://dx.doi.org/10.21203/rs.3.rs-2871656/v1,1
bib_d958e2f98cf4c456,doi:10.21203/rs.3.rs-3325754/v1,10.21203/rs.3.rs-3325754/v1,"First report on floral morphology, pollen release dynamics and behavioral biology of Xylocopa (Neoxylocopa) frontalis (Olivier, 1789) in Crotalaria juncea L. (Leguminosae, Papilionoideae)",2023,Nícolas Alberto Polizelli Ricci; Kayna Agostini,Research Square,OpenAlex,Q5,OpenAlex:https://openalex.org/W4386923699,http://dx.doi.org/10.21203/rs.3.rs-3325754/v1,1
bib_8b0f10f7a9b9d23a,doi:10.21203/rs.3.rs-3610291/v1,10.21203/rs.3.rs-3610291/v1,Overfertilization alters the ecological interactions and floral morphology in peri-urban environment,2023,Gabriel A. Brito Vera; Ximena Margarita Torres Calderón; Fernánda Pérez,Research Square,OpenAlex,Q5,OpenAlex:https://openalex.org/W4388754398,http://dx.doi.org/10.21203/rs.3.rs-3610291/v1,1
bib_9823e07a94137837,doi:10.21203/rs.3.rs-3973961/v1,10.21203/rs.3.rs-3973961/v1,"WITHDRAWN: Floral biology, pollinators and reproductive success of Abutilon grandifolium in urban green spaces of Ciudad Autónoma de Buenos Aires",2024,Pablo Daniel Cáceres; Cecilia Estravis-Barcala; Leandro Laino; Rocío Lajad; María T. Amela García,Research Square,OpenAlex,Q5|Q6,OpenAlex:https://openalex.org/W4393144327,https://doi.org/10.21203/rs.3.rs-3973961/v1,2
bib_79723ffefc66c045,doi:10.21203/rs.3.rs-7190180/v1,10.21203/rs.3.rs-7190180/v1,Variation in sexual size dimorphism and fit to Rensch's rule in Costa Rican hummingbirds,2025,Gerardo Ávalos; Felipe Triana; Jeremy Klank; Marcelo Araya,Research Square,OpenAlex,Q1|Q6|Q7,OpenAlex:https://openalex.org/W4412972880,https://doi.org/10.21203/rs.3.rs-7190180/v1,3
bib_5a22e5774ba9ad36,doi:10.21203/rs.3.rs-7301999/v1,10.21203/rs.3.rs-7301999/v1,Diurnal variation in plant-pollinator interactions in Bumblebee-pollinated Impatiens oxyanthera at two altitudes,2025,Chunmei He; Li Wang; Lan Yang; Qiong Wang,Research Square,OpenAlex,Q3|Q6|Q7,OpenAlex:https://openalex.org/W4413532194,https://doi.org/10.21203/rs.3.rs-7301999/v1,3
bib_18cf2cd3c3abca45,doi:10.21273/hortsci.48.2.136,10.21273/hortsci.48.2.136,"Blueberry Floral Attributes and Their Effect on the Pollination Efficiency of an Oligolectic Bee, Osmia ribifloris Cockerell (Megachilidae: Apoidea)",2013,Blair Joseph Sampson; Stephen J. Stringer; Donna A. Marshall,HortScience,OpenAlex,Q2|Q4|Q5|Q6,OpenAlex:https://openalex.org/W2438176321,https://doi.org/10.21273/hortsci.48.2.136,4
bib_ec661f8009fc756d,doi:10.21273/hortsci10934-16,10.21273/hortsci10934-16,Honey Bee Activity in Northern Highbush Blueberry Differs across Growing Regions in Washington State,2016,Lisa Wasko DeVetter; Sean Watkinson; Ramesh R. Sagili; Timothy Lawrence,HortScience,OpenAlex,Q5,OpenAlex:https://openalex.org/W2552885971,https://doi.org/10.21273/hortsci10934-16,1
bib_b94d82e972f3f812,doi:10.21273/hortsci12644-17,10.21273/hortsci12644-17,Increasing Honey Bee Hive Densities Promotes Pollination and Yield Components of Highbush Blueberry in Western Washington,2018,Matthew Arrington; Lisa Wasko DeVetter,HortScience,OpenAlex,Q6,OpenAlex:https://openalex.org/W2787885928,https://doi.org/10.21273/hortsci12644-17,1
bib_5c88ea248334cd03,doi:10.21273/hortsci15714-21,10.21273/hortsci15714-21,Differences in Pollination Efficiency Among Three Bee Species in a Greenhouse and Their Effects on Yield and Fruit Quality of Northern Highbush ‘Bluecrop’ Blueberry,2021,Qi Sun; Xingnan Zhao; Lei Wu; Jimin Zhao; Yunfei Yang; Yanwen Zhang,HortScience,OpenAlex,Q6,OpenAlex:https://openalex.org/W3157966931,https://doi.org/10.21273/hortsci15714-21,1
bib_46baffe8f24e9929,doi:10.21273/horttech04735-20,10.21273/horttech04735-20,"Pollination, Crop Productivity, and Arthropod and Bird Communities Are Marginally Impacted by Border Vegetation in Highbush Blueberry Production",2020,Olivia M. Smith; Beverly S. Gerdeman; Matthew Arrington; Hollis Spitler; Lisa Wasko DeVetter,HortTechnology,OpenAlex,Q5,OpenAlex:https://openalex.org/W3113986632,https://doi.org/10.21273/horttech04735-20,1
bib_f14cf7ced7d253c5,doi:10.21726/abc.v10i4.2199,10.21726/abc.v10i4.2199,Plantas intensamente forrageadas por abelhas em uma floresta estacional semidecidual: caracterização dos atributos florais,2023,Leandro Pereira Polatto; Paulo Roberto de Abreu Tavares; Glaucia Almeida de Morais; Jessica Amaral Henrique; Valter Vieira Alves,Acta Biológica Catarinense,OpenAlex,Q3|Q5,OpenAlex:https://openalex.org/W4389558401,http://dx.doi.org/10.21726/abc.v10i4.2199,2
bib_7beb0d9c17ed539e,doi:10.2174/1874213001003040001,10.2174/1874213001003040001,How Foraging Behaviour and Resource Partitioning Can Drive the Evolution of Flowers and the Structure of Pollination Networks,2010,Miguel Angel Rodríguez-Gironés; Luis Gerardo Samaniego Santamaría,The Open Ecology Journal,OpenAlex,Q1|Q3|Q4|Q5|Q6|Q7,OpenAlex:https://openalex.org/W2150266365,https://doi.org/10.2174/1874213001003040001,6
bib_44bd81c8e7ae0ddf,doi:10.21826/2446-82312021v76e2021004,10.21826/2446-82312021v76e2021004,"Pollination and breeding system in two sympatric Fuchsia (Onagraceae) species at the Parque Nacional do Itatiaia (Brazil): Hummingbirds, insects and facultative self-pollination",2021,Patricia Archer; Oscar Perdomo; Tiago Böer Breier; André Felippe Nunes‐Freitas; Rodrigo Bustos Singer,Iheringia Série Botânica,OpenAlex,Q5,OpenAlex:https://openalex.org/W3135867816,https://doi.org/10.21826/2446-82312021v76e2021004,1
bib_636668ee11e4a05b,doi:10.21829/abm71.2005.991,10.21829/abm71.2005.991,¿Polinización por medio de alas de abejas en Mexacanthus (Acanthaceae)?,2005,J. Per-Henrik Holmqvist; Mariette Manktelow; Thomas F. Daniel,Acta Botanica Mexicana,OpenAlex,Q6,OpenAlex:https://openalex.org/W2152718247,https://doi.org/10.21829/abm71.2005.991,1
bib_bea091be9c4536fd,doi:10.22271/2582-3744.2021.jun,10.22271/2582-3744.2021.jun,[OpenAlex untitled work https://openalex.org/W4229709670],2021,,Plants and Environment,OpenAlex,Q4,OpenAlex:https://openalex.org/W4229709670,https://doi.org/10.22271/2582-3744.2021.jun,1
bib_81050284587d9133,doi:10.22271/2582-3744.2021.jun.30,10.22271/2582-3744.2021.jun.30,"Nectar secretion of Callistemon citrinus (Curtis) Skeels, Myrtaceae: Potential for honey production",2021,Tura Bareke; Abera Tesfaye; Admassu Addi,Plants and Environment,OpenAlex,Q4,OpenAlex:https://openalex.org/W3207276416,https://doi.org/10.22271/2582-3744.2021.jun.30,1
bib_298db4f50f089d8d,doi:10.22271/j.ento.2022.v10.i1a.8919,10.22271/j.ento.2022.v10.i1a.8919,"Pollination efficiency of Apis mellifera(Hymenoptera: Apidae) on Lantana camara(Verbenaceae) flowers at Dang (Ngaoundéré, Cameroon)",2022,Stéphane Louabe; Bernice Mireille Kingha Tekombo; Sidonie Fameni Topé; Fernand-Nestor Tchuenguem Fohouo,Journal of Entomology and Zoology Studies,OpenAlex,Q6,OpenAlex:https://openalex.org/W4210261611,https://doi.org/10.22271/j.ento.2022.v10.i1a.8919,1
bib_0b0ffe0c831d72ba,doi:10.22533/at.ed.437230504,10.22533/at.ed.437230504,Ecologia: Entre a ciência e a ideologia de uma época,2023,Vanessa da Fontoura Custódio Monteiro; Pedro Henrique Abreu Moura,,OpenAlex,Q4,OpenAlex:https://openalex.org/W4362606309,http://dx.doi.org/10.22533/at.ed.437230504,1
bib_a5dc943fb3f2463c,doi:10.22533/at.ed.4372305043,10.22533/at.ed.4372305043,CONSUMO DE FRUTOS DE Commiphora leptophloeos (BURSERACEAE) POR AVES EM UMA ÁREA DE CAATINGA,2023,Mychelle de Sousa Fernandes; Mikael Alves de Castro; Marlos Dellan de Souza Almeida; Célio Moura Neto; Jefferson Thiago Souza,,OpenAlex,Q4,OpenAlex:https://openalex.org/W4362605981,http://dx.doi.org/10.22533/at.ed.4372305043,1
bib_2a06db4a6858d6b4,doi:10.22541/au.158255685.58825883,10.22541/au.158255685.58825883,Competition for floral resources drives the differentiation of foraging strategy among three dominant bumble bees in an eastern Himalayan meadow,2020,Zhong‐Ming Ye; David W. Inouye; Xiao Fang Jin; Jian Yang; Han Ning Lun; qingfeng wang; Chun Feng Yang,,OpenAlex,Q3|Q6,OpenAlex:https://openalex.org/W4247998241,https://doi.org/10.22541/au.158255685.58825883,2
bib_fe504c39713ca6f9,doi:10.22541/au.159769404.44553763,10.22541/au.159769404.44553763,Pollinators and herbivores interactively shape selection on strawberry defence and attraction,2020,Paul A. Egan; Anne Muola; Amy L. Parachnowitsch; Johan A. Stenberg,,OpenAlex,Q4,OpenAlex:https://openalex.org/W3079004679,https://doi.org/10.22541/au.159769404.44553763,1
bib_618d4abeb7c595d4,doi:10.22541/au.159863406.66720089,10.22541/au.159863406.66720089,Plants and pollinators: will natural selection cause an imbalance between nectar supply and demand?,2020,Francis L. W. Ratnieks; Nicholas J. Balfour,,OpenAlex,Q4,OpenAlex:https://openalex.org/W3127350431,https://doi.org/10.22541/au.159863406.66720089,1
bib_e6984f7839bcbfd5,doi:10.22541/au.160071226.62094623,10.22541/au.160071226.62094623,Variability in species abundance can drive flower diversification and specialization,2020,Sébastien Rivest,,OpenAlex,Q5,OpenAlex:https://openalex.org/W4247216666,https://doi.org/10.22541/au.160071226.62094623,1
bib_be1a4b1532143bef,doi:10.22541/au.162028592.24138518/v1,10.22541/au.162028592.24138518/v1,Novel nectar robbing negatively affects reproduction in Digitalis purpurea,2021,Christopher R. Mackin; Dave Goulson; María Clara Castellanos,,OpenAlex,Q3|Q6|Q7,OpenAlex:https://openalex.org/W4244963952,https://doi.org/10.22541/au.162028592.24138518/v1,3
bib_80de09fb5a0e6a99,doi:10.22541/au.163251461.10020997/v1,10.22541/au.163251461.10020997/v1,High insect pest damage increases faba bean ( Vicia faba ) yield components but only in the absence of insect pollination,2021,Laura G. A. Riggi; Chloé Aline Raderschall; Ola Lundin,,OpenAlex,Q6|Q7,OpenAlex:https://openalex.org/W4213243106,https://doi.org/10.22541/au.163251461.10020997/v1,2
bib_f2577ec500e81b01,doi:10.22541/au.170361388.82743885/v1,10.22541/au.170361388.82743885/v1,"NECTAR ROBBING BY THE RED-TAILED COMET ( SAPPHO SPARGANURUS , TROCHILIDAE): THE VALUE OF CITIZEN SCIENCE TO DOCUMENT INFREQUENT BEHAVIOR IN BIRDS",2023,Luciana Tellería; Flavia A. Montaño‐Centellas; Rodrigo Calbimonte,,OpenAlex,Q1|Q2,OpenAlex:https://openalex.org/W4390226201,https://doi.org/10.22541/au.170361388.82743885/v1,2
bib_fc58412d18ca54ed,doi:10.22541/au.176355585.59209734/v1,10.22541/au.176355585.59209734/v1,Integrating spatial ecology into mutualisms,2025,Rebecca A. Nelson; Christine D. Sprunger; Sarah E. Evans; Christopher A. Klausmeier; Nick M. Haddad,,OpenAlex,Q1|Q6,OpenAlex:https://openalex.org/W4416358332,https://doi.org/10.22541/au.176355585.59209734/v1,2
bib_76ec97e668605484,doi:10.22541/au.176636716.65953569/v1,10.22541/au.176636716.65953569/v1,Ontogenetic shifts in prey selection by flower-dwelling spiders: implications for spiderling predation on floral exploiters,2025,Hiroshi S. Ishii; Yutaka Tamura,,OpenAlex,Q4,OpenAlex:https://openalex.org/W7116703747,https://doi.org/10.22541/au.176636716.65953569/v1,1
bib_3e9bb9659f2dd253,doi:10.22541/au.177376725.55038841/v1,10.22541/au.177376725.55038841/v1,Community-level trait matching between flowers and bees across Europe,2026,Tamar Keasar,,OpenAlex,Q3|Q6|Q7,OpenAlex:https://openalex.org/W7138453585,https://doi.org/10.22541/au.177376725.55038841/v1,3
bib_1cda39692237d634,doi:10.22543/0090-0222.1328,10.22543/0090-0222.1328,A Local Replacement of Bombus Ternarius by Bombus Terricola in Northern Wisconsin (Hymenoptera: Apidae),2017,James D. Thomson,The Great Lakes Entomologist,OpenAlex,Q6|Q7,OpenAlex:https://openalex.org/W4386145957,https://doi.org/10.22543/0090-0222.1328,2
bib_0a562b7cb6983534,doi:10.23860/thesis-tucker-sara-2018,10.23860/thesis-tucker-sara-2018,CARPENTER BEE NECTAR ROBBERY EFFECTS ON FRUIT QUALITY AND NESTING PROVISIONS IN RHODE ISLAND,2018,Sara L. Tucker,,OpenAlex,Q1|Q2,OpenAlex:https://openalex.org/W2908914472,https://doi.org/10.23860/thesis-tucker-sara-2018,2
bib_5e99b898e5d59c2c,doi:10.23885/1814-3326-2016-12-1-161-165,10.23885/1814-3326-2016-12-1-161-165,Duration of visits of several insect species to Geranium palustre flowers,2016,Sergei N. Lysenkov; N.A. Evtushenko,Caucasian Entomological Bulletin,OpenAlex,Q5|Q6,OpenAlex:https://openalex.org/W2422920388,http://doi.org/10.23885/1814-3326-2016-12-1-161-165,2
bib_482a8d018a31e56b,doi:10.24039/rtb2019171300,10.24039/rtb2019171300,"PALINOMORFOS IDENTIFICADOS EN CARGAS POLÍNICAS TRANSPORTADAS POR SEIS ESPECIES DE COLIBRÍES DEL NORESTE DE VENEZUELA Y FACTORES ANATOMOFLORALES, BIOMÉTRICOS Y FENOLÓGICOS ASOCIADOS A SU PRESENCIA",2019,Evelin Quilarque-Quijada; Gedio Marín‐Espinoza; Carlos Alberto Jaimes-Velasquez; Yalicia Carvajal-Moreno,The Biologist,OpenAlex,Q4|Q6,OpenAlex:https://openalex.org/W2953566271,https://doi.org/10.24039/rtb2019171300,2
bib_3f4131f27c1c9d67,doi:10.24294/th.v4i1.1804,10.24294/th.v4i1.1804,Non-pollinating floral visitors of the Cucurbita genus plants and their relationship with the presence of pollinating bees,2021,Mariana Paola Mazzei; José Luis Vesprini; Leonardo Galetto,Trends in Horticulture,OpenAlex,Q5,OpenAlex:https://openalex.org/W4312457544,https://doi.org/10.24294/th.v4i1.1804,1
bib_5f5284aa8dba24b2,doi:10.24382/639,10.24382/639,Patterns and Process: Biodiversity and Ecosystem Function Response to Changes in the Arable Landscape,2018,Nicholas Alexander James Berkley,PEARL (University of Plymouth),OpenAlex,Q7,OpenAlex:https://openalex.org/W2901279894,http://hdl.handle.net/10026.1/12825,1
bib_c51c1a43e7b8eff2,doi:10.2458/azu_rangelands_v33i3_travers,10.2458/azu_rangelands_v33i3_travers,The Hidden Benefits of Pollinator Diversity for the Rangelands of the Great Plains: Western Prairie Fringed Orchids as a Case Study,2011,"Steven E. Travers; Gerald M. Fauske; K. J. Fox; Society for Range
                        Management",Rangelands,OpenAlex,Q7,OpenAlex:https://openalex.org/W4231772903,https://doi.org/10.2458/azu_rangelands_v33i3_travers,1
bib_28c5f98ba6a8509a,doi:10.2478/eko-2022-0006,10.2478/eko-2022-0006,Temporal Variation in Pollinators’ Visitation of Lantana camara in a Tropical Urban Landscape: Does Butterfly Abundance and Richness Drive the Fruit Set?,2022,Kelve Franklimara Sousa Cézar; Elizabeth Franklin; Carlos Eduardo Pinto,Ochrana prírody Slovenska/Ekológia,OpenAlex,Q3|Q6,OpenAlex:https://openalex.org/W4224236483,https://doi.org/10.2478/eko-2022-0006,2
bib_c2661549aabf3b2c,doi:10.25100/peu.97,10.25100/peu.97,Los muertos vivientes,2012,Philip A. Silverstone-Sopkin,,OpenAlex,Q6,OpenAlex:https://openalex.org/W3008069965,https://doi.org/10.25100/peu.97,1
bib_f30836c30f5c878d,doi:10.25148/etd.fi14052571,10.25148/etd.fi14052571,Linking herbivory and pollination : costs and selection implications in Centrosema virginianum Bentham (Fabaceae: papilionoideae),2004,Yuria J. Cardel,,OpenAlex,Q4,OpenAlex:https://openalex.org/W1873334843,https://doi.org/10.25148/etd.fi14052571,1
bib_b9ceec5d14fd0a32,doi:10.25148/etd.fi15032131,10.25148/etd.fi15032131,"Pollination, Herbivory, and Habitat Fragmentation: Their Effects on the Reproductive Fitness of Angadenia berteroi, a Native Perennial Plant of the South Florida Pine Rocklands",2015,Beyte Barrios Roque,,OpenAlex,Q3|Q4|Q5|Q6,OpenAlex:https://openalex.org/W606248887,https://doi.org/10.25148/etd.fi15032131,4
bib_41784e8587a25d89,doi:10.25221/fee.427.1,10.25221/fee.427.1,"Two new Nearctic genera in the tribe Odynerini s. str. revealed on the bionomics and morphology, with a comment on the cocoons of the eumenine wasps (Hymenoptera: Vespidae: Eumeninae)",2021,Alexander V. Fateryga,Far Eastern entomologist,OpenAlex,Q6,OpenAlex:https://openalex.org/W3133801514,https://doi.org/10.25221/fee.427.1,1
bib_1ac9e3116a782a92,doi:10.25358/openscience-2617,10.25358/openscience-2617,Evolutionary tendencies in African Marantaceae,2008,Alexandra C. Ley,Gutenberg Open Science,OpenAlex,Q3|Q4|Q5|Q6|Q7,OpenAlex:https://openalex.org/W3196188110,https://openscience.ub.uni-mainz.de/handle/20.500.12030/2619,5
bib_bb8294a5ee1ba241,doi:10.25675/3.026443,10.25675/3.026443,"Prairie dogs, plants, and pollinators: tri-trophic interactions affect plant-insect floral visitor webs in shortgrass steppe",2006,Kelly Hardwicke; James K. Detling; Shanna Carney Henk; Boris C. Kondratieff; Thomas J. Stolhgren,,OpenAlex,Q6,OpenAlex:https://openalex.org/W7137889698,https://hdl.handle.net/10217/243723,1
bib_7070604f261736dd,doi:10.25926/6g0b-mg73,10.25926/6g0b-mg73,Regulation der Nektarzusammensetzung bei Bromeliaceen,2019,Thomas Göttlinger,ELPUB (Universitat Wuppertal),OpenAlex,Q3|Q5|Q6,OpenAlex:https://openalex.org/W3178689069,http://elpub.bib.uni-wuppertal.de/edocs/dokumente/fbc/biologie/diss2019/goettlinger,3
bib_e9552700f0bc2bde,doi:10.25959/23225840,10.25959/23225840,Pollination ecology and evolution of Epacrids,2012,KA Johnson,UTAS Research Repository,OpenAlex,Q1|Q4|Q5|Q6|Q7,OpenAlex:https://openalex.org/W142103370,https://eprints.utas.edu.au/15012/1/Johnson_whole_thesis.pdf,5
bib_712e294e5010c8dc,doi:10.26021/8261,10.26021/8261,Mechanisms of pollination : quantifying insect and plant contributions.,2017,Melissa Broussard,UC Research Repository  (University of Canterbury),OpenAlex,Q4,OpenAlex:https://openalex.org/W2888641505,http://hdl.handle.net/10092/15707,1
bib_afaa230e0be57136,doi:10.26786/1920-7603(2015)18,10.26786/1920-7603(2015)18,Pollination ecology and floral visitor spectrum of turtlehead (Chelone glabra L.; Plantaginaceae),2015,Leif L. Richardson; Rebecca E. Irwin,Journal of Pollination Ecology,OpenAlex,Q1|Q5,OpenAlex:https://openalex.org/W2266061592,https://doi.org/10.26786/1920-7603(2015)18,2
bib_203b1a7fbea2eb52,doi:10.26786/1920-7603(2017)421,10.26786/1920-7603(2017)421,"Contrasting pollination efficiency and effectiveness among flower visitors of Malva sylvestris, Borago officinalis and Onobrychis viciifolia",2017,Anna Gorenflo; Tim Diekötter; Mark van Kleunen; Volkmar Wolters; Frank Jauker,Journal of Pollination Ecology,OpenAlex,Q5|Q6|Q7,OpenAlex:https://openalex.org/W2618142578,https://doi.org/10.26786/1920-7603(2017)421,3
bib_c387ddf77039da44,doi:10.26786/1920-7603(2018)11,10.26786/1920-7603(2018)11,False-colour photography: a novel digital approach to visualize the bee view of flowers,2018,Christian Verhoeven; Zong‐Xin Ren; Klaus Lunau,Journal of Pollination Ecology,OpenAlex,Q6,OpenAlex:https://openalex.org/W2883818666,https://doi.org/10.26786/1920-7603(2018)11,1
bib_7151da8c38e691ef,doi:10.26786/1920-7603(2019)532,10.26786/1920-7603(2019)532,Plant-pollinator interactions in East Asia: a review,2019,Daichi Funamoto,Journal of Pollination Ecology,OpenAlex,Q3|Q4|Q5|Q6|Q7,OpenAlex:https://openalex.org/W2959563871,https://doi.org/10.26786/1920-7603(2019)532,5
bib_6f8253572abc644c,doi:10.26786/1920-7603(2019)541,10.26786/1920-7603(2019)541,Patterns of Nectar Production in Asclepias curassavica (Apocynaceae)),2019,Steven B. Broyles,Journal of Pollination Ecology,OpenAlex,Q5|Q6,OpenAlex:https://openalex.org/W2986560101,https://doi.org/10.26786/1920-7603(2019)541,2
bib_a6c4ffd3ff7db596,doi:10.26786/1920-7603(2020)619,10.26786/1920-7603(2020)619,Exploitation of Strobilanthes ixiocephala (Acanthaceae) flower buds by bees,2021,Priyanka A Ambavane; Nikhil More; Renee Maria Borges,Journal of Pollination Ecology,OpenAlex,Q5|Q6|Q7,OpenAlex:https://openalex.org/W3126120752,https://doi.org/10.26786/1920-7603(2020)619,3
bib_3694dc149007f0ee,doi:10.26786/1920-7603(2021)620,10.26786/1920-7603(2021)620,Catching the thief: Nectar robbing behaviour by bumblebees on naturalised Fuchsia magellanica in Ireland,2021,Dara Anne Stanley; Emmeline Cosnett,Journal of Pollination Ecology,OpenAlex,Q3|Q4|Q5|Q6|Q7,OpenAlex:https://openalex.org/W3207676228,https://doi.org/10.26786/1920-7603(2021)620,5
bib_d84fed937eac24c7,doi:10.26786/1920-7603(2021)630,10.26786/1920-7603(2021)630,Consequences of the high abundance of Bombus terrestris on the pollination of Vicia faba,2021,Cecilia Smith; Adriana Rendón; Rodrigo Barahona; Wladimir Moya,Journal of Pollination Ecology,OpenAlex,Q7,OpenAlex:https://openalex.org/W3206800331,https://doi.org/10.26786/1920-7603(2021)630,1
bib_6d913e416a986d49,doi:10.26786/1920-7603(2021)640,10.26786/1920-7603(2021)640,Pollination and nectar larceny by birds and bees in novel forests of the Hawaiian Islands,2021,Pryce W Millikin; Samuel B. Case; Corey E. Tarwater,Journal of Pollination Ecology,OpenAlex,Q1|Q3|Q4|Q6|Q7,OpenAlex:https://openalex.org/W3206137701,https://doi.org/10.26786/1920-7603(2021)640,5
bib_83798f19521fb8aa,doi:10.26786/1920-7603(2022)663,10.26786/1920-7603(2022)663,What are the plant reproductive consequences of losing a nectar robber?,2022,Trevor Anthony Ledbetter; Sarah Kelley Richman; Rebecca E. Irwin; Judith L. Bronstein,Journal of Pollination Ecology,OpenAlex,Q7,OpenAlex:https://openalex.org/W4289712009,https://doi.org/10.26786/1920-7603(2022)663,1
bib_7d976fdb88bc9d17,doi:10.26786/1920-7603(2022)685,10.26786/1920-7603(2022)685,"Hawaiian Endemic Honeycreepers (Drepanidinae) are Nectar Robbers of the Invasive Banana Poka (Passiflora tarminiana, Passifloraceae)",2022,Seana K. Walsh; Richard J. Pender; Noah Gomes,Journal of Pollination Ecology,OpenAlex,Q6,OpenAlex:https://openalex.org/W4224267961,https://doi.org/10.26786/1920-7603(2022)685,1
bib_cf0690f679d3279d,doi:10.26786/1920-7603(2023)735,10.26786/1920-7603(2023)735,Using functional traits to predict pollination services: A review,2023,Arran Greenop; Ben Alex Woodcock; Richard F. Pywell,Journal of Pollination Ecology,OpenAlex,Q6|Q7,OpenAlex:https://openalex.org/W4387341285,https://doi.org/10.26786/1920-7603(2023)735,2
bib_ea67ebf4f5da85b0,doi:10.26786/1920-7603(2023)746,10.26786/1920-7603(2023)746,Crop and landscape factors affecting variation in composition and behaviour of the pollinator community in field bean crops,2023,Lucy A. Capstick; Jayna Connelly; Niamh Mary McHugh; J. M. Holland,Journal of Pollination Ecology,OpenAlex,Q6|Q7,OpenAlex:https://openalex.org/W4389870605,https://doi.org/10.26786/1920-7603(2023)746,2
bib_fd8eab112474f0b8,doi:10.26786/1920-7603(2025)813,10.26786/1920-7603(2025)813,Differences in visitation of honeybees and bumblebees to ornamental plant varieties can be explained by floral traits,2025,Femke Verweij; Koos Biesmeijer; Saskia Klumpers,Journal of Pollination Ecology,OpenAlex,Q1|Q3|Q4|Q5|Q6,OpenAlex:https://openalex.org/W4407280325,https://doi.org/10.26786/1920-7603(2025)813,5
bib_77e37ef3e82fa490,doi:10.26786/1920-7603(2025)894,10.26786/1920-7603(2025)894,Getting hooked? Testing the function of anther spurs in Vaccinium myrtillus,2025,Lisette van Kolfschoten; Mario Vallejo‐Marín,Journal of Pollination Ecology,OpenAlex,Q4|Q5|Q6,OpenAlex:https://openalex.org/W4416228438,https://doi.org/10.26786/1920-7603(2025)894,3
bib_8a628c7e27cc2c51,doi:10.26786/1920-7603(2026)909,10.26786/1920-7603(2026)909,Reproductive ecology of the aromatic plant Agastache mexicana (Lamiaceae): A valuable species to be used in urban pollinator gardens,2026,Zaira Isabel Carbajal; Sara Gabriela Villegas; Raúl E. Alcalá,Journal of Pollination Ecology,OpenAlex,Q1|Q4|Q5,OpenAlex:https://openalex.org/W7166358630,https://doi.org/10.26786/1920-7603(2026)909,3
bib_815c5c719f184570,doi:10.26786/1920-7603(2026)914,10.26786/1920-7603(2026)914,"Reproductive system, floral biology and pollinators of Abutilon grandifolium in urban green spaces of Ciudad Autónoma de Buenos Aires.",2026,Pablo Daniel Cáceres; Leandro Ezequiel Laino; Cecilia Estravis-Barcala; Rocío Lajad; Maria Esther Gonzalez Garcia,Journal of Pollination Ecology,OpenAlex,Q5|Q6,OpenAlex:https://openalex.org/W7162750732,https://doi.org/10.26786/1920-7603(2026)914,2
bib_81edcd2881336866,doi:10.26807/remcb.v42i2.911,10.26807/remcb.v42i2.911,"The Plant Family Ericaceae (“Blueberries”) in Ecuador: Ecology, Diversity, Economic Importance, and Conservation",2021,James L. Luteyn,Revista Ecuatoriana de Medicina y Ciencias Biológicas,OpenAlex,Q1,OpenAlex:https://openalex.org/W4205201314,https://doi.org/10.26807/remcb.v42i2.911,1
bib_0d7cc28803312622,doi:10.3120/0024-9637-57.3.161,10.3120/0024-9637-57.3.161,"Do Native Ants Play a Significant Role in the Reproductive Success of the Rare San Fernando Valley Spineflower, Chorizanthe parryi var. fernandina (Polygonaceae)?",2010,C. Eugene Jones; Youssef C. Atallah; Frances M. Shropshire; Jim Luttrell; Sean E. Walker; Darren R. Sandquist; Robert L. Allen; Jack H. Burk; Leo C. Song,Madroño,OpenAlex,Q5,OpenAlex:https://openalex.org/W2101286976,https://doi.org/10.3120/0024-9637-57.3.161,1
bib_40c8e97b230b39c6,doi:10.31357/jtfe.v9i2.4470,10.31357/jtfe.v9i2.4470,Insect Flower Visitors and their Role in Mangrove Pollination: A Study from East Coast of India,2019,M. R. Panda; Nikhil V. Lele; Rabindro Nath Samal; D. Dalai; Siba Prasad Parida; T. V. R. Murthy,Journal of Tropical Forestry and Environment,OpenAlex,Q5,OpenAlex:https://openalex.org/W3008746548,https://doi.org/10.31357/jtfe.v9i2.4470,1
bib_397ba0f4e2ea8637,doi:10.31390/gradschool_dissertations.1813,10.31390/gradschool_dissertations.1813,"Floral traits, pollinator behavior, and plant reproduction: tests of natural and sexual selection in the hummingbird-pollinated herb Chrysothemis friedrichsthaliana",2007,Jane E. Carlson,,OpenAlex,Q4|Q5|Q6|Q7,OpenAlex:https://openalex.org/W2760757457,https://doi.org/10.31390/gradschool_dissertations.1813,4
bib_7e07921746f5fe93,doi:10.31390/gradschool_theses.2246,10.31390/gradschool_theses.2246,Patterns and mechanisms of the exploitation of mutualisms,2010,Ellen Reid,,OpenAlex,Q6,OpenAlex:https://openalex.org/W2795188247,https://doi.org/10.31390/gradschool_theses.2246,1
bib_e1cd2644edd3e8a7,doi:10.32873/unl.dc.tnas.42.1,10.32873/unl.dc.tnas.42.1,"Western Prairie Fringed Orchid Management, Ecology, and Decline at Mormon Island",2022,Andrew J. Caven,Transactions of the Nebraska Academy of Sciences and affiliated societies,OpenAlex,Q5|Q6,OpenAlex:https://openalex.org/W4223933368,https://doi.org/10.32873/unl.dc.tnas.42.1,2
bib_9de039078251bb1c,doi:10.32942/x2bq0z,10.32942/x2bq0z,Fitness landscapes of biotic interactions shape the ecological and evolutionary dynamics of biodiversity,2025,Frank M. Schurr; Felix Jäger; Simone Cappellari-Rabeling; Ingo Graß; Jörn Pagel; Malina Palmer; Georg Petschenka; Mialy Razanajatovo; Philipp M. Schlüter; Andreas Schweiger; Christine S. Sheppard; Anke Steppuhn; Korinna T. Allhoff,,OpenAlex,Q3|Q6,OpenAlex:https://openalex.org/W4417398464,https://doi.org/10.32942/x2bq0z,2
bib_6c35e006d0594f44,doi:10.32942/x2f312,10.32942/x2f312,When the day ends: Shedding light on the role of nocturnal moths as pollinators in tropical ecosystems,2023,Michal Barták; Robert Tropek,,OpenAlex,Q3|Q6|Q7,OpenAlex:https://openalex.org/W4389300285,https://doi.org/10.32942/x2f312,3
bib_ffb71d3ff0181490,doi:10.32942/x2j645,10.32942/x2j645,"A comprehensive dataset on pollinator diversity, visitation rates, individual-based traits, and pollination success across four plant species in an urban garden experiment",2025,Merin Reji Chacko; Marco Moretti; David Johannes Frey,,OpenAlex,Q5|Q6,OpenAlex:https://openalex.org/W4412537871,https://doi.org/10.32942/x2j645,2
bib_7851f3397b78cd22,doi:10.32942/x2j679,10.32942/x2j679,Incorporating traits into consumer-resource models for a mechanistic trait ecology,2026,Philip G. Hahn; Lucia Navia; Antonia Millet; Robert Douglas Holt; Carolina Baruzzi,,OpenAlex,Q6,OpenAlex:https://openalex.org/W7167204176,https://doi.org/10.32942/x2j679,1
bib_815458487329028a,doi:10.33545/27080013.2026.v7.i1a.294,10.33545/27080013.2026.v7.i1a.294,Exploring the role of symbiotic relationships between insects and plants in pollination: a global perspective,2026,Thompson Sarah E; Leblanc Marc A,Acta Entomology and Zoology,OpenAlex,Q5|Q6,OpenAlex:https://openalex.org/W7139116361,https://doi.org/10.33545/27080013.2026.v7.i1a.294,2
bib_68ce87a59acf0163,doi:10.3375/22-2,10.3375/22-2,Floral Resources Used by the Endangered Rusty Patched Bumble Bee (Bombus affinis) in the Midwestern United States,2022,Amy Wolf; Jay C. Watson; Terrell J. Hyde; Susan G. Carpenter; Robert P. Jean,Natural Areas Journal,OpenAlex,Q7,OpenAlex:https://openalex.org/W4306992978,https://doi.org/10.3375/22-2,1
bib_a50c08cfd6a469c6,doi:10.3375/22-3,10.3375/22-3,Demographic Analysis of the Endangered Plant Pectis imberbis Highlights Tradeoffs between Deer Browse and Interspecific Competition,2022,Sara Souther; Martha Sample; Genevieve M. Conley; Clare E. Aslan,Natural Areas Journal,OpenAlex,Q6,OpenAlex:https://openalex.org/W4285987873,https://doi.org/10.3375/22-3,1
bib_3e9b381f29ca789c,doi:10.3389/fevo.2021.618709,10.3389/fevo.2021.618709,Gene Flow in Phaseolus Beans and Its Role as a Plausible Driver of Ecological Fitness and Expansion of Cultigens,2021,María Isabel Chacón-Sánchez; Jaime Martínez‐Castillo; Jorge Duitama; Daniel G. Debouck,Frontiers in Ecology and Evolution,OpenAlex,Q4|Q5|Q6,OpenAlex:https://openalex.org/W3162559223,https://doi.org/10.3389/fevo.2021.618709,3
bib_312e7ba820d9a497,doi:10.3389/fevo.2021.680463,10.3389/fevo.2021.680463,Variation in Manduca sexta Pollination-Related Floral Traits and Reproduction in a Wild Tobacco Plant,2021,Julia Bing; Xiang Li; Alexander Haverkamp; Ian Thomas Baldwin; Bill S. Hansson; Markus Knaden; Felipe Yon,Frontiers in Ecology and Evolution,OpenAlex,Q3|Q5|Q6,OpenAlex:https://openalex.org/W3178762613,https://doi.org/10.3389/fevo.2021.680463,3
bib_c1f1ba6718a0a987,doi:10.3389/fevo.2021.698137,10.3389/fevo.2021.698137,The Sensory and Cognitive Ecology of Nectar Robbing,2021,Sarah Kelley Richman; Jessica L. Barker; Minjung Baek; Daniel R. Papaj; Rebecca E. Irwin; Judith L. Bronstein,Frontiers in Ecology and Evolution,OpenAlex,Q7|Q8,OpenAlex:https://openalex.org/W3205760949,https://doi.org/10.3389/fevo.2021.698137,2
bib_80ced03670522619,doi:10.3389/fevo.2021.709876,10.3389/fevo.2021.709876,Low Pollinator Sharing Between Coexisting Native and Non-native Plant Pairs: The Effect of Corolla Length and Flower Abundance,2021,Mohamad Abdallah; Sandra Hervías‐Parejo; Anna Traveset,Frontiers in Ecology and Evolution,OpenAlex,Q1|Q5,OpenAlex:https://openalex.org/W3203314112,https://doi.org/10.3389/fevo.2021.709876,2
bib_8e6a5154756a3a85,doi:10.3389/fevo.2022.1101114,10.3389/fevo.2022.1101114,Editorial: Sensory ecology of plant-pollinator interactions,2022,Casper J. van der Kooi; Johannes Spaethe; Sara D. Leonhardt,Frontiers in Ecology and Evolution,OpenAlex,Q4,OpenAlex:https://openalex.org/W4311185735,https://doi.org/10.3389/fevo.2022.1101114,1
bib_b73ec914da6e381c,doi:10.3389/fevo.2025.1594599,10.3389/fevo.2025.1594599,Conservation of animal–plant mutualistic networks is essential to prevent functional extinction of the narrow endemic morning glory Ipomoea cavalcantei in Amazon canga ecosystems,2025,Elena Babiychuk; Juliana Galaschi Teixeira; Lourival Tyski; Vera Lúcia Imperatriz-Fonseca; Sergeï Kushnir,Frontiers in Ecology and Evolution,OpenAlex,Q7,OpenAlex:https://openalex.org/W4414449732,https://doi.org/10.3389/fevo.2025.1594599,1
bib_a84829624ed9f836,doi:10.3389/fevo.2026.1932299,10.3389/fevo.2026.1932299,How animals shape plant evolution: an ecological and evolutionary synthesis,2026,Praveen Pandey; Arpita Tripathi; Florin-Dumitru Bora; Ioan Valentin Petrescu-Mag,Frontiers in Ecology and Evolution,OpenAlex,Q3|Q4|Q5,OpenAlex:https://openalex.org/W7214006318,https://doi.org/10.3389/fevo.2026.1932299,3
bib_f78a8a77452846e9,doi:10.3389/fgene.2018.00223,10.3389/fgene.2018.00223,Equipped for Migrations Across High Latitude Regions? Reduced Spur Length and Outcrossing Rate in a Biennial Halenia elliptica (Gentianaceae) With Mixed Mating System Along a Latitude Gradient,2018,Mingliu Yang; Lin‐Lin Wang; Guopeng Zhang; Li‐Hua Meng; Yongping Yang; Yuan‐Wen Duan,Frontiers in Genetics,OpenAlex,Q4,OpenAlex:https://openalex.org/W2806556031,https://doi.org/10.3389/fgene.2018.00223,1
bib_6fa73992cef9536b,doi:10.3389/finsc.2023.1145761,10.3389/finsc.2023.1145761,Ants are more than just curious bystanders to some flowers—they act as significant pollinators,2023,Susmita Das; Amlan Das,Frontiers in Insect Science,OpenAlex,Q4|Q5,OpenAlex:https://openalex.org/W4380680844,https://doi.org/10.3389/finsc.2023.1145761,2
bib_dc9b094a5013ed8f,doi:10.3389/fnbeh.2012.00057,10.3389/fnbeh.2012.00057,Social learning in insects: a higher-order capacity?,2012,Martín Giurfa,Frontiers in Behavioral Neuroscience,OpenAlex,Q6,OpenAlex:https://openalex.org/W2027127179,https://doi.org/10.3389/fnbeh.2012.00057,1
bib_a54c323097991e2e,doi:10.3389/fpls.2018.01063,10.3389/fpls.2018.01063,Nectar in Plant–Insect Mutualistic Relationships: From Food Reward to Partner Manipulation,2018,Massimo Nepi; Donato Antonio Grasso; Stefano Mancuso,Frontiers in Plant Science,OpenAlex,Q6,OpenAlex:https://openalex.org/W2883717703,https://doi.org/10.3389/fpls.2018.01063,1
bib_1566bbdda4602b17,doi:10.3389/fpls.2020.00516,10.3389/fpls.2020.00516,"A Comparative Study of Food Source Selection in Stingless Bees and Honeybees: Scent Marks, Location, or Color",2020,Sebastian Koethe; Vivian Fischbach; Sarah Banysch; Lara Reinartz; Michael Hrncir; Klaus Lunau,Frontiers in Plant Science,OpenAlex,Q6,OpenAlex:https://openalex.org/W3021600677,https://doi.org/10.3389/fpls.2020.00516,1
bib_2818cedd1a53e0d3,doi:10.3389/fpls.2020.00945,10.3389/fpls.2020.00945,Macroevolution of Flower Color Patterning: Biased Transition Rates and Correlated Evolution with Flower Size,2020,Matthew H. Koski,Frontiers in Plant Science,OpenAlex,Q4,OpenAlex:https://openalex.org/W3035440908,https://doi.org/10.3389/fpls.2020.00945,1
bib_04319419e55cd154,doi:10.3389/fpls.2020.558684,10.3389/fpls.2020.558684,Flower Conspicuousness to Bees Across Pollination Systems: A Generalized Test of the Bee-Avoidance Hypothesis,2020,Gabriel Coimbra; Carina Araujo; Pedro Joaquim Bergamo; Leandro Freitas; Miguel Angel Rodríguez-Gironés,Frontiers in Plant Science,OpenAlex,Q3|Q4|Q5,OpenAlex:https://openalex.org/W3089188902,https://doi.org/10.3389/fpls.2020.558684,3
bib_f962213d90560ff3,doi:10.3389/fpls.2021.727957,10.3389/fpls.2021.727957,Herbivore-Mediated Selection on Floral Display Covaries Nonlinearly With Plant-Antagonistic Interaction Intensity Among Primrose Populations,2021,Yun Wu; Spencer C. H. Barrett; Xuyu Duan; Jie Zhang; Yong‐Peng Cha; Chengyi Tu; Qingjun Li,Frontiers in Plant Science,OpenAlex,Q4,OpenAlex:https://openalex.org/W3212090771,https://doi.org/10.3389/fpls.2021.727957,1
bib_f65e7d7c948ba7e4,doi:10.3389/fpls.2021.767725,10.3389/fpls.2021.767725,Breeding System and Response of the Pollinator to Floral Larceny and Florivory Define the Reproductive Success in Aerides odorata,2022,Arjun Adit; Vineet Kumar Singh; Monika Koul; Rajesh Tandon,Frontiers in Plant Science,OpenAlex,Q5|Q6,OpenAlex:https://openalex.org/W4206194090,https://doi.org/10.3389/fpls.2021.767725,2
bib_3739d0e4a4168b05,doi:10.3389/fpls.2022.699645,10.3389/fpls.2022.699645,"Reproductive Biology of Rheum webbianum Royle, a Vulnerable Medicinal Herb From Alpines of North-Western Himalaya",2022,Ishfaq Ahmad Wani; Susheel Verma; Parvaiz Ahmad; Hamed A. El‐Serehy; Maha J. Hashim,Frontiers in Plant Science,OpenAlex,Q4,OpenAlex:https://openalex.org/W4212977198,https://doi.org/10.3389/fpls.2022.699645,1
bib_b82167a60a0bcecb,doi:10.3389/fpls.2022.813418,10.3389/fpls.2022.813418,Florivory and Pollination Intersection: Changes in Floral Trait Expression Do Not Discourage Hummingbird Pollination,2022,PRISCILA TEIXEIRA TUNES; Stefan Dötterl; Elza Guimarães,Frontiers in Plant Science,OpenAlex,Q3,OpenAlex:https://openalex.org/W4221066800,https://doi.org/10.3389/fpls.2022.813418,1
bib_cd11d9bf8e7c77d7,doi:10.3389/fpls.2023.1237665,10.3389/fpls.2023.1237665,Chasmogamy and entomophily in Burmannia disticha (Burmanniaceae),2023,Nikolay Aleksandrovich Vislobokov; MAXIM S. NURALIEV,Frontiers in Plant Science,OpenAlex,Q5|Q6,OpenAlex:https://openalex.org/W4386091649,https://doi.org/10.3389/fpls.2023.1237665,2
bib_4638cfdd5d989b10,doi:10.3389/fpls.2025.1539875,10.3389/fpls.2025.1539875,Nectar traits of New Zealand trees vary across climatic zones,2025,Johanna M. van Delden; Sebastian Leuzinger; Sarah J. Richardson; Michael J. Clearwater,Frontiers in Plant Science,OpenAlex,Q1|Q4|Q6,OpenAlex:https://openalex.org/W4414773229,https://doi.org/10.3389/fpls.2025.1539875,3
bib_39c41170031750ee,doi:10.3389/fpsyg.2013.00939,10.3389/fpsyg.2013.00939,Brain and behavioral lateralization in invertebrates,2013,Elisa Frasnelli,Frontiers in Psychology,OpenAlex,Q6,OpenAlex:https://openalex.org/W2045086979,https://doi.org/10.3389/fpsyg.2013.00939,1
bib_fbd862a66f86e6e7,doi:10.3389/fpsyg.2016.00417,10.3389/fpsyg.2016.00417,Learning in Plants: Lessons from Mimosa pudica,2016,Charles I. Abramson; Ana M. Chicas‐Mosier,Frontiers in Psychology,OpenAlex,Q6,OpenAlex:https://openalex.org/W2329452519,https://doi.org/10.3389/fpsyg.2016.00417,1
bib_22d4b741e20b15b3,doi:10.3389/fsufs.2022.1006201,10.3389/fsufs.2022.1006201,Toward evidence-based decision support systems to optimize pollination and yields in highbush blueberry,2022,Lisa Wasko DeVetter; Stan Chabert; Meghan O’Grady Milbrath; Rachel E. Mallinger; Jenna Walters; Rufus Isaacs; Suzette P. Galinato; Clark J. Kogan; Kayla Brouwer; Andony P. Melathopoulos; Maxime Eeraerts,Frontiers in Sustainable Food Systems,OpenAlex,Q3|Q4|Q5,OpenAlex:https://openalex.org/W4306964315,https://doi.org/10.3389/fsufs.2022.1006201,3
bib_d1e2eb1b39f9c059,doi:10.3389/fsufs.2022.847003,10.3389/fsufs.2022.847003,Wild Bee Nutritional Ecology: Integrative Strategies to Assess Foraging Preferences and Nutritional Requirements,2022,Makaylee K. Crone; David J. Biddinger; Christina M. Grozinger,Frontiers in Sustainable Food Systems,OpenAlex,Q7,OpenAlex:https://openalex.org/W4223995088,https://doi.org/10.3389/fsufs.2022.847003,1
bib_0fb2d3339946cfba,doi:10.3390/agriculture14050668,10.3390/agriculture14050668,Nectar Production and Three Main Sugars in Nectar of Salvia pratensis and Salvia glutinosa in Correlation with Abiotic Factors,2024,Katja Malovrh; Blanka Ravnjak; Jože Bavcon; Mitja Križman,Agriculture,OpenAlex,Q4,OpenAlex:https://openalex.org/W4395676021,https://doi.org/10.3390/agriculture14050668,1
bib_3f22ae23861d174f,doi:10.3390/biology10090903,10.3390/biology10090903,Corolla Abscission Triggered by Nectar Robbers Positively Affects Reproduction by Enhancing Self-Pollination in Symphytum officinale (Boraginaceae),2021,Qinzheng Hou; Nurbiye Ehmet; Dawei Chen; Taihong Wang; Yifan Xu; Jing Ma; Kun Sun,Biology,OpenAlex,Q3|Q5|Q7,OpenAlex:https://openalex.org/W3200624213,https://doi.org/10.3390/biology10090903,3
bib_94e64e0ef15a0c2f,doi:10.3390/biology11081203,10.3390/biology11081203,A Decrease in the Staminode-Mediated Visitor Screening Mechanism in Response to Nectar Robbers Positively Affects Reproduction in Delphinium caeruleum Jacq. ex Camb. (Ranunculaceae),2022,Qinzheng Hou; Taihong Wang; Guang Ming Yang; Wenjuan Shao; Wenrui Min; Yu-Qin Zhong,Biology,OpenAlex,Q3|Q5,OpenAlex:https://openalex.org/W4291000381,https://doi.org/10.3390/biology11081203,2
bib_d5807675f01ff435,doi:10.3390/biology12010031,10.3390/biology12010031,"Biology, Genetic Diversity, and Conservation of Wild Bees in Tree Fruit Orchards",2022,Olivia Kline; Ngoc Tuyen Phan; Mitzy F. Porras; Joshua Chavana; Coleman Z. Little; Lilia Stemet; Roshani Sharma Acharya; David J. Biddinger; Gadi V. P. Reddy; Edwin George Rajotte; Neelendra K. Joshi,Biology,OpenAlex,Q1|Q2,OpenAlex:https://openalex.org/W4313246843,https://doi.org/10.3390/biology12010031,2
bib_448799a3951db36d,doi:10.3390/biology13121009,10.3390/biology13121009,Do Larger Pollinators Have Higher Pollination Efficiency for the Generalized Pollination Plant Hibiscus mutabilis?,2024,Xiaoqing Shi; Bin Zheng; Xiaoli Liu; Fangwen Li; Zhangshun Zhu; Qiumei Quan; Yunxiang Li,Biology,OpenAlex,Q5|Q6,OpenAlex:https://openalex.org/W4405003078,https://doi.org/10.3390/biology13121009,2
bib_c58abecacd6b9775,doi:10.3390/d16080469,10.3390/d16080469,"Effect of Abiotic Factors on Nectar Quality and Secretion of Two Early Spring Species, Galanthus nivalis L. and Helleborus niger L.",2024,Katja Malovrh; Jože Bavcon; Mitja Križman; Blanka Ravnjak,Diversity,OpenAlex,Q4,OpenAlex:https://openalex.org/W4401325408,https://doi.org/10.3390/d16080469,1
bib_f8180f93aaa2f7ed,doi:10.3390/ecologies4030039,10.3390/ecologies4030039,The Relation between Flower Traits of Bitter Vetch Landraces and Potential Insect Pollinators’ Visitation,2023,Vikentia Fragkiadaki; Efstathia Lazaridi; María José Suso; Antonios E. Tsagkarakis; Francisco Javier Ortiz‐Sánchez; Penelope J. Bebeli,Ecologies,OpenAlex,Q3|Q4|Q5|Q6,OpenAlex:https://openalex.org/W4386416028,https://doi.org/10.3390/ecologies4030039,4
bib_eb228b322e2279c1,doi:10.3390/ecologies7030063,10.3390/ecologies7030063,"Effects of Time of Day, Inflorescence Height, and Light–Shade Conditions on Plant–Pollinator Interactions in Lychee (Litchi chinensis Sonn.) in West Bengal, India",2026,Ujjwal Layek; Arijit Kundu; Prakash Karmakar; Alokesh Das,Ecologies,OpenAlex,Q6,OpenAlex:https://openalex.org/W7167014897,https://doi.org/10.3390/ecologies7030063,1
bib_db23821cc9396c44,doi:10.3390/f12040452,10.3390/f12040452,Pollination Contribution Differs among Insects Visiting Cardiocrinum cordatum Flowers,2021,Riko Komamura; Kohei Koyama; Takeo Yamauchi; Yasuo Konno; Lingshuang Gu,Forests,OpenAlex,Q3|Q5|Q6|Q7,OpenAlex:https://openalex.org/W3155051173,https://doi.org/10.3390/f12040452,4
bib_ecd4276d9328cae3,doi:10.3390/horticulturae11050453,10.3390/horticulturae11050453,Reproductive and Pollination Characteristics of Three Understory Impatiens Species,2025,Yuxi Xue; Qitao Su; Yuxing Zhang; Shujian Zhang; Heng Li; Leiqin Liao; Jia Zeng; Weiyuan Huang; Yian Xiao,Horticulturae,OpenAlex,Q4|Q5|Q6|Q7,OpenAlex:https://openalex.org/W4409729226,https://doi.org/10.3390/horticulturae11050453,4
bib_9189b13ad27b2051,doi:10.3390/ijms24054276,10.3390/ijms24054276,Does Reproductive Success in Natural and Anthropogenic Populations of Generalist Epipactis helleborine Depend on Flower Morphology and Nectar Composition?,2023,Emilia Brzosko; Andrzej Bajguz; Justyna Burzyńska; Magdalena Chmur,International Journal of Molecular Sciences,OpenAlex,Q3|Q5|Q7,OpenAlex:https://openalex.org/W4321499731,https://doi.org/10.3390/ijms24054276,3
bib_2e8f909b201b3fb3,doi:10.3390/insects11030163,10.3390/insects11030163,Characteristics of the Two Asian Bumblebee Species Bombus friseanus and Bombus breviceps (Hymenoptera: Apidae),2020,Liang Cheng; Guiling Ding; Jiaxing Huang; Xuewen Zhang; Chunhui Miao; Jiandong An,Insects,OpenAlex,Q3|Q6,OpenAlex:https://openalex.org/W3010548410,https://doi.org/10.3390/insects11030163,2
bib_fe84cb784a076aab,doi:10.3390/insects11100692,10.3390/insects11100692,The Bacterium Pantoea ananatis Modifies Behavioral Responses to Sugar Solutions in Honeybees,2020,Ricarda Scheiner; Sina Strauß; Markus Thamm; Gerard Farré‐Armengol; Robert R. Junker,Insects,OpenAlex,Q6,OpenAlex:https://openalex.org/W3092636640,https://doi.org/10.3390/insects11100692,1
bib_36765c427530f4e6,doi:10.3390/insects12060488,10.3390/insects12060488,Foraging Behavior and Pollen Transport by Flower Visitors of the Madeira Island Endemic Echium candicans,2021,Fabiana Esposito; Ricardo Costa; Mário Boieiro,Insects,OpenAlex,Q6|Q7,OpenAlex:https://openalex.org/W3164161150,https://doi.org/10.3390/insects12060488,2
bib_0b8d3834820a12ad,doi:10.3390/insects13090816,10.3390/insects13090816,Earlier Morning Arrival to Pollen-Rewarding Flowers May Enable Feral Bumble Bees to Successfully Compete with Local Bee Species and Expand Their Distribution Range in a Mediterranean Habitat,2022,Noam Bar-Shai; Uzi Motro; Avishai Shmida; Guy Bloch,Insects,OpenAlex,Q4|Q6,OpenAlex:https://openalex.org/W4295102791,https://doi.org/10.3390/insects13090816,2
bib_b68e1eb3e4ba6f1a,doi:10.3390/insects14020208,10.3390/insects14020208,Do Patches of Flowering Plants Enhance Insect Pollinators in Apple Orchards?,2023,Myrto S. Barda; Filitsa Karamaouna; Vaya Kati; Dionysios Ch. Perdikis,Insects,OpenAlex,Q4|Q6|Q7,OpenAlex:https://openalex.org/W4321375185,https://doi.org/10.3390/insects14020208,3
bib_05221cb1f2fdd354,doi:10.3390/insects14050408,10.3390/insects14050408,"Foraging Behavior of Two Pollen Wasp Species of the Genus Celonites Latreille, 1802 (Hymenoptera: Vespidae: Masarinae), from the Altai Mountains",2023,Alexander V. Fateryga; Volker Mauss; Mаxim Yu. Proshchаlykin,Insects,OpenAlex,Q6,OpenAlex:https://openalex.org/W4366988507,https://doi.org/10.3390/insects14050408,1
bib_0853c43ac58aa91f,doi:10.3390/insects5010120,10.3390/insects5010120,The Bee as a Model to Investigate Brain and Behavioural Asymmetries,2014,Elisa Frasnelli; Albrecht Haase; Elisa Rigosi; Gianfranco Anfora; Lesley J. Rogers; Giorgio Vallortígara,Insects,OpenAlex,Q6,OpenAlex:https://openalex.org/W2171493337,https://doi.org/10.3390/insects5010120,1
bib_c4ce682ce2a2b819,doi:10.3390/molecules24152818,10.3390/molecules24152818,Floral Scent Variation in the Heterostylous Species Gelsemium sempervirens,2019,Bettie Obi Johnson; Annette M. Golonka; Austin Blackwell; I. M. Vázquez; Nigel Wolfram,Molecules,OpenAlex,Q3,OpenAlex:https://openalex.org/W2965556574,https://doi.org/10.3390/molecules24152818,1
bib_dc415d59d595057d,doi:10.3390/plants10040815,10.3390/plants10040815,Phloem-Feeding Herbivores Affect Floral Development and Reproduction in the Etruscan Honeysuckle (Lonicera etrusca Santi),2021,Sandra V. Rojas‐Nossa; José María Sánchez; Luis Navarro,Plants,OpenAlex,Q1|Q3|Q5,OpenAlex:https://openalex.org/W3154715322,https://doi.org/10.3390/plants10040815,3
bib_eddc7beea330303c,doi:10.3390/plants10112315,10.3390/plants10112315,Floral Nectar Chemistry in Orchids: A Short Review and Meta-Analysis,2021,Emilia Brzosko; Paweł Mirski,Plants,OpenAlex,Q5,OpenAlex:https://openalex.org/W3209382321,https://doi.org/10.3390/plants10112315,1
bib_56c615adf43fed75,doi:10.3390/plants11111488,10.3390/plants11111488,"Phenotypic Selection in Halenia elliptica D. Don (Gentianaceae), an Alpine Biennial with Mixed Mating System",2022,Xiaojuan Huang; Minyu Chen; Lin‐Lin Wang; Mingliu Yang; Na-Cai Yang; Zhong‐Hu Li; Yuan‐Wen Duan,Plants,OpenAlex,Q3|Q4|Q5,OpenAlex:https://openalex.org/W4281708342,https://doi.org/10.3390/plants11111488,3
bib_44e4178c54f4c007,doi:10.3390/plants12030550,10.3390/plants12030550,Secondary Metabolites in Nectar-Mediated Plant-Pollinator Relationships,2023,Marta Barberis; Daniele Calabrese; Marta Galloni; Massimo Nepi,Plants,OpenAlex,Q6,OpenAlex:https://openalex.org/W4318052554,https://doi.org/10.3390/plants12030550,1
bib_48533177f9f39a93,doi:10.3390/plants12183270,10.3390/plants12183270,The Patterns of Intraspecific Variations in Mass of Nectar Sugar along a Phylogeny Distinguish Native from Non-Native Plants in Urban Greenspaces in Southern England,2023,Kowiyou Yessoufou,Plants,OpenAlex,Q1|Q4,OpenAlex:https://openalex.org/W4386779220,http://dx.doi.org/10.3390/plants12183270,2
bib_2e4e3a8b2e84d22e,doi:10.3390/plants13020183,10.3390/plants13020183,Effect of Crown Layers on Reproductive Effort and Success in Andromonoecious Aesculus indica (Wall. ex Camb.) Hook (Sapindaceae) in a Temperate Forest of Garhwal Himalaya,2024,Priya Pradhan; Arun Sukumaran; Vinod Prasad Khanduri; Bhupendra Singh; Deepa Rawat; Manoj Kumar Riyal; Munesh Kumar; Marina M. S. Cabral-Pinto,Plants,OpenAlex,Q3|Q5,OpenAlex:https://openalex.org/W4390695469,https://doi.org/10.3390/plants13020183,2
bib_31c9a3599bb72584,doi:10.3390/plants13030391,10.3390/plants13030391,"Visual-, Olfactory-, and Nectar-Taste-Based Flower Aposematism",2024,Simcha Lev‐Yadun,Plants,OpenAlex,Q4|Q7,OpenAlex:https://openalex.org/W4391324404,https://doi.org/10.3390/plants13030391,2
bib_c911b765256fa53a,doi:10.3390/plants13162249,10.3390/plants13162249,Weed Role for Pollinator in the Agroecosystem: Plant–Insect Interactions and Agronomic Strategies for Biodiversity Conservation,2024,Stefano Benvenuti,Plants,OpenAlex,Q5|Q6|Q7,OpenAlex:https://openalex.org/W4401540456,https://doi.org/10.3390/plants13162249,3
bib_695336d6607a5182,doi:10.3390/plants13172507,10.3390/plants13172507,The Hole Truth: Why Do Bumble Bees Rob Flowers More Than Once?,2024,Judith L. Bronstein; Goggy Davidowitz; Elinor M. Lichtenberg; Rebecca E. Irwin,Plants,OpenAlex,Q6|Q7,OpenAlex:https://openalex.org/W4402314499,https://doi.org/10.3390/plants13172507,2
bib_bf5c36a20bd7f43e,doi:10.3390/plants14152266,10.3390/plants14152266,Spatiotemporal Variations in Nectar Robbing and Its Effects on Reproduction in Salvia castanea Diels (Lamiaceae),2025,Hanwen Xiao; Yanbo Huang,Plants,OpenAlex,Q3|Q5|Q6,OpenAlex:https://openalex.org/W4412593772,https://doi.org/10.3390/plants14152266,3
bib_3c4bded55c9e8b98,doi:10.3390/plants15040595,10.3390/plants15040595,Multifunctional Roles of Extrafloral Nectaries in Shaping Plant–Insect Interactions,2026,Eduardo Soares Calixto; Renan Fernandes Moura; Denise Lange; Estevao Alves Silva; Helena Maura Torezan‐Silingardi; Kleber Del-Claro,Plants,OpenAlex,Q5,OpenAlex:https://openalex.org/W7128770012,https://doi.org/10.3390/plants15040595,1
bib_069d3975978425aa,doi:10.3390/plants9121645,10.3390/plants9121645,"Tools to Tie: Flower Characteristics, VOC Emission Profile, and Glandular Trichomes of Two Mexican Salvia Species to Attract Bees",2020,Claudia Giuliani; Manuela Giovanetti; Daniela Lupi; Marco Palamara Mesiano; Renata Barilli; Roberta Ascrizzi; Guido Flamini; Gelsomina Fico,Plants,OpenAlex,Q3|Q4|Q5|Q6,OpenAlex:https://openalex.org/W3106763223,https://doi.org/10.3390/plants9121645,4
bib_c6906fa00609e2ff,doi:10.3390/toxins4040228,10.3390/toxins4040228,Plant Insecticidal Toxins in Ecological Networks,2012,Sébastien Ibanez; Christiane Gallet; Laurence Després,Toxins,OpenAlex,Q7,OpenAlex:https://openalex.org/W2022524748,https://doi.org/10.3390/toxins4040228,1
bib_720b6020d941a047,doi:10.3410/f.736170435.793563235,10.3410/f.736170435.793563235,Faculty Opinions recommendation of Flowers respond to pollinator sound within minutes by increasing nectar sugar concentration.,2019,Etienne Joly,Faculty Opinions – Post-Publication Peer Review of the Biomedical Literature,OpenAlex,Q4,OpenAlex:https://openalex.org/W4253384150,https://doi.org/10.3410/f.736170435.793563235,1
bib_e70ae4d66c476a53,doi:10.36838/ijhsr88.8,10.36838/ijhsr88.8,Pollination Behavior in Bees: What Wolbachia Studies in Drosophila Can Teach Us,2026,Sean Park,International journal of high school research,OpenAlex,Q6,OpenAlex:https://openalex.org/W7162319890,https://doi.org/10.36838/ijhsr88.8,1
bib_66bc6e63213f70e3,doi:10.3732/ajb.1000450,10.3732/ajb.1000450,"Soil fungal effects on floral signals, rewards, and aboveground interactions in an alpine pollination web",2011,Katie M Becklin; Guadalupe Gamez; Bryan Uelk; Robert A. Raguso; Candace Galen,American Journal of Botany,OpenAlex,Q4,OpenAlex:https://openalex.org/W2152647674,https://doi.org/10.3732/ajb.1000450,1
bib_f27f9f9964a562a2,doi:10.3732/ajb.1100295,10.3732/ajb.1100295,The effect of mammalian herbivory on inflorescence architecture in ornithophilous Babiana (Iridaceae): Implications for the evolution of a bird perch,2012,Caroli de Waal; Spencer C. H. Barrett; Bruce C Anderson,American Journal of Botany,OpenAlex,Q5,OpenAlex:https://openalex.org/W2122733790,https://doi.org/10.3732/ajb.1100295,1
bib_d2d672825d37b40f,doi:10.3732/ajb.1600114,10.3732/ajb.1600114,Geographic variation in resistance to nectar robbing and consequences for pollination,2016,Lynn S. Adler; Lissa M. Leege; Rebecca E. Irwin,American Journal of Botany,OpenAlex,Q1,OpenAlex:https://openalex.org/W2528815145,https://doi.org/10.3732/ajb.1600114,1
bib_c8258e0252c95563,doi:10.3732/ajb.1700040,10.3732/ajb.1700040,Learning in two butterfly species when using flowers of the tropical milkweed Asclepias curassavica: No benefits for pollination,2017,Bruna de Cássia Menezes Ramos; Miguel Angel Rodríguez-Gironés; Daniela Rodrigues,American Journal of Botany,OpenAlex,Q6,OpenAlex:https://openalex.org/W2744220857,https://doi.org/10.3732/ajb.1700040,1
bib_524ac19ffa39cc96,doi:10.3732/ajb.2007329,10.3732/ajb.2007329,How does secondary pollen presentation affect the fitness of Polygala vayredae (Polygalaceae)?,2008,Sílvia Castro; Paulo Cardoso da Silveira; Luis Navarro,American Journal of Botany,OpenAlex,Q1,OpenAlex:https://openalex.org/W2102614666,https://doi.org/10.3732/ajb.2007329,1
bib_af1c49f0054c76ef,doi:10.3732/ajb.93.1.64,10.3732/ajb.93.1.64,Correlations among traits associated with herbivore resistance and pollination: implications for pollination and nectar robbing in a distylous plant,2006,Rebecca E. Irwin; Lynn S. Adler,American Journal of Botany,OpenAlex,Q1|Q4|Q5,OpenAlex:https://openalex.org/W2106263507,https://doi.org/10.3732/ajb.93.1.64,3
bib_0d2ce98dd2bf012d,doi:10.3732/ajb.94.2.249,10.3732/ajb.94.2.249,Colored floral organs influence pollinator behavior and pollen transfer in Commelina communis (Commelinaceae),2007,Atushi Ushimaru; Takeshi Watanabe; Kensuke Nakata,American Journal of Botany,OpenAlex,Q6,OpenAlex:https://openalex.org/W2106679516,https://doi.org/10.3732/ajb.94.2.249,1
bib_028ca0a8c3d94d5c,doi:10.37711/desafios.2026.17.1.1,10.37711/desafios.2026.17.1.1,Análisis de las cinco versiones sobre la especie de ave pilco del escudo de Huánuco,2026,José M. Alomía; Liana Sixto Dávila,REVISTA DESAFÍOS,OpenAlex,Q6,OpenAlex:https://openalex.org/W7133217269,https://doi.org/10.37711/desafios.2026.17.1.1,1
bib_89032de33936f617,doi:10.38059/biodiversity.814617,10.38059/biodiversity.814617,A review for the pollinators of Papilionaceous flowers,2021,Deniz Aygören Uluer,Turkish Journal of Biodiversity,OpenAlex,Q4|Q5|Q7,OpenAlex:https://openalex.org/W3142164350,https://doi.org/10.38059/biodiversity.814617,3
bib_d6177c82ac4eec59,doi:10.38211/joarps.2023.04.01.44,10.38211/joarps.2023.04.01.44,"The Effect of Substrate, Growth Condition and Nutrient Application Methods in Morphological and Commercial Attributes of Hybrid Rose (Rosa indica L.) Cv. Kardinal",2023,Munawar Hussain Almas; Riaz Ali Shah; Syed Muhammad Hamayun Tahir; Mujahid Manzoor; Muhammad Shafiq; Monis Hussain Shah; Muhammad Muneeb Hashmi; Mobeen Ali; Muhammad Hamza Tariq Bhatti; Adnan Sami; Muhammad Saleem Haider,Journal of Applied Research in Plant Sciences,OpenAlex,Q4,OpenAlex:https://openalex.org/W4321505596,https://doi.org/10.38211/joarps.2023.04.01.44,1
bib_d6a14e9f1805d195,doi:10.3838/jjo.49.185,10.3838/jjo.49.185,Nectar Robbing by the Purple-rumped Sunbird Nectarinia zeylonica from Introduced Flowers in Sri Lanka.,2000,Kaoru Fujita,Japanese Journal of Ornithology,OpenAlex,Q7,OpenAlex:https://openalex.org/W2044823438,https://doi.org/10.3838/jjo.49.185,1
bib_c33fd078b7d58985,doi:10.3838/jjo.60.228,10.3838/jjo.60.228,"Nectar robbing from Hibiscus flowers by White-eyes on an oceanic island, Chichi-jima, Bonin Islands",2011,Yousuke Akamatsu; Norimasa Sugita; Keisuke Ueda,Japanese Journal of Ornithology,OpenAlex,Q4,OpenAlex:https://openalex.org/W2313914762,https://doi.org/10.3838/jjo.60.228,1
bib_f71c89797e6f4b7f,doi:10.3897/arphapreprints.e203160,10.3897/arphapreprints.e203160,Temporal dynamics and central species in a plant-hummingbird interaction network in an inter-Andean valley in the southern Peruvian Andes,2026,Miguel Angel Quispe Puma; César R. Luque‐Fernández,,OpenAlex,Q1|Q5,OpenAlex:https://openalex.org/W7164023487,https://doi.org/10.3897/arphapreprints.e203160,2
bib_0e6fd06703d8aa45,doi:10.3897/jhr.95.98260,10.3897/jhr.95.98260,"Morphological specialisation for primary nectar robbing in a pollen specialist mining bee (Hymenoptera, Andrenidae)",2023,Antoine Müller; Paul Westrich,Journal of Hymenoptera Research,OpenAlex,Q6,OpenAlex:https://openalex.org/W4321214117,https://doi.org/10.3897/jhr.95.98260,1
bib_fcf7f0f04e34163f,doi:10.3897/neotropical.21.e202837,10.3897/neotropical.21.e202837,Temporal dynamics and central species in a plant-hummingbird interaction network in an inter-Andean valley in the southern Peruvian Andes,2026,Miguel A. Quispe-Puma; César R. Luque‐Fernández,Neotropical Biology and Conservation,OpenAlex,Q1|Q5|Q6,OpenAlex:https://openalex.org/W7213243757,https://doi.org/10.3897/neotropical.21.e202837,3
bib_712f36113092dc07,doi:10.3897/phytokeys.244.107288,10.3897/phytokeys.244.107288,Pollen transfer efficiency in Erica depends on type of pollinator,2024,Sam McCarren; Jeremy J. Midgley; Anina Coetzee; Steven D. Johnson,PhytoKeys,OpenAlex,Q1|Q5|Q7,OpenAlex:https://openalex.org/W4400912374,https://doi.org/10.3897/phytokeys.244.107288,3
bib_9b385ce2e3a986eb,doi:10.3897/phytokeys.246.126310,10.3897/phytokeys.246.126310,Evidence for moth pollination in a rhinomyiophilous Erica species from the Cape Floristic Region of South Africa,2024,Timotheüs van der Niet; Ruth J. Cozien,PhytoKeys,OpenAlex,Q1|Q3|Q5|Q6|Q7,OpenAlex:https://openalex.org/W4402125664,https://doi.org/10.3897/phytokeys.246.126310,5
bib_a55e92c7061e9cb1,doi:10.3897/phytokeys.274.184429,10.3897/phytokeys.274.184429,"Two new species of Rhipidoglossum (Orchidaceae, Angraecinae) from Central Africa, probably pollinated by settling moths",2026,Arthur Macedo; Vincent Droissart; Štěpán Janeček; Yannick Klomberg; Marcelo Trovó; Tariq Stévart; João N. M. Farminhão,PhytoKeys,OpenAlex,Q4|Q5|Q6|Q7,OpenAlex:https://openalex.org/W7155509074,https://doi.org/10.3897/phytokeys.274.184429,4
bib_8dd62df676847897,doi:10.3897/phytokeys.275.192014,10.3897/phytokeys.275.192014,A multiverse of trophic networks and coevolutionary trajectories among holoparasitic Orobanchaceae and their animal associates: a global perspective,2026,Renata Piwowarczyk; Karolina Wiśniewska; Tomasz Rewicz; Tomasz Olbrycht; Sebastian Salata; Alexander V. Fateryga; Łukasz Nicewicz; Łukasz Depa; Katarzyna Zając; Rudolf Masarovič; Waldemar Celary; Łukasz Mielczarek; Attila Mátis,PhytoKeys,OpenAlex,Q4|Q5|Q6|Q7,OpenAlex:https://openalex.org/W7163181230,https://doi.org/10.3897/phytokeys.275.192014,4
bib_d6bd9f940759602d,doi:10.3929/ethz-a-003910510,10.3929/ethz-a-003910510,"Genetic variation, mating system, and nectar robbery in Aconitum lycoctonum (Ranunculaceae)",2000,Anna‐Barbara Utelli,Repository for Publications and Research Data (ETH Zurich),OpenAlex,Q7,OpenAlex:https://openalex.org/W1038216564,http://hdl.handle.net/20.500.11850/144640,1
bib_56902576b335ba8c,doi:10.4025/actascibiolsci.v44i1.58568,10.4025/actascibiolsci.v44i1.58568,Foraging Oxaea flavescens bees as a function of the dynamics of abiotic factors and food resource availability from Styrax camporum flowers,2022,Leandro Pereira Polatto; Valter Vieira Alves,Acta Scientiarum Biological Sciences,OpenAlex,Q6,OpenAlex:https://openalex.org/W4292640809,https://doi.org/10.4025/actascibiolsci.v44i1.58568,1
bib_d5d0334a62079830,doi:10.4081/eb.2012.e4,10.4081/eb.2012.e4,The role of epigenetics in plant adaptation,2012,Amanda Lee Robertson; Diana E. Wolf,Trends in Evolutionary Biology,OpenAlex,Q4,OpenAlex:https://openalex.org/W2089845932,https://doi.org/10.4081/eb.2012.e4,1
bib_ede1eb7ee4fc3b00,doi:10.4161/psb.4.9.9393,10.4161/psb.4.9.9393,Nectar chemistry is tailored for both attraction of mutualists and protection from exploiters,2009,Marcia González‐Teuber; Martin Heil,Plant Signaling & Behavior,OpenAlex,Q7,OpenAlex:https://openalex.org/W2169287124,https://doi.org/10.4161/psb.4.9.9393,1
bib_007a15a9588ac025,doi:10.4236/ajps.2015.613209,10.4236/ajps.2015.613209,Elevational Floral Size Variation in Prunella vulgaris,2015,Shin Egawa; Mitsuru Hattori; Takao Itino,American Journal of Plant Sciences,OpenAlex,Q1|Q3|Q4|Q6,OpenAlex:https://openalex.org/W1951949923,https://doi.org/10.4236/ajps.2015.613209,4
bib_a909070feb69926e,doi:10.4236/ajps.2015.65079,10.4236/ajps.2015.65079,"Geographic Variation in Flower Size and Flower-Visitor Composition of Two Bumblebee-Pollinated, Spring-Flowering Herbs, Lamium album L. var. barbatum (Lamiaceae) and Meehania urticifolia (Lamiaceae)",2015,Mitsuru Hattori; Yusuke Nagano; Takao Itino,American Journal of Plant Sciences,OpenAlex,Q1|Q3|Q4|Q6|Q7,OpenAlex:https://openalex.org/W1991428849,https://doi.org/10.4236/ajps.2015.65079,5
bib_13163e1964e1e1f9,doi:10.4257/oeco.2010.1401.03,10.4257/oeco.2010.1401.03,BEYOND HUMMINGBIRD-FLOWERS: THE OTHER SIDE OF ORNITHOPHILY IN THE NEOTROPICS,2010,Marcia Alexandra Rocca; Marlies Sazima,Oecologia Australis,OpenAlex,Q1|Q4|Q5,OpenAlex:https://openalex.org/W2087164410,https://doi.org/10.4257/oeco.2010.1401.03,3
bib_babeb592c9cdd313,doi:10.4257/oeco.2010.1401.05,10.4257/oeco.2010.1401.05,BIOLOGIA REPRODUTIVA DE Passiflora cincinnata MAST. (PASSIFLORACEAE) NA REGIÃO DE PETROLINA-PE,2010,L. H. P. Kiill; Kátia Maria Medeiros Siqueira; Francisco Pinheiro de Araújo; Sabrina Pitombeira Monteiro Trigo; E. de A. Feitoza; Ivanice Borges Lemos,Oecologia Australis,OpenAlex,Q6,OpenAlex:https://openalex.org/W1969362589,https://doi.org/10.4257/oeco.2010.1401.05,1
bib_ea89add7e3b46e49,doi:10.4257/oeco.2018.2204.03,10.4257/oeco.2018.2204.03,COMO AS ABELHAS PERCEBEM AS FLORES E POR QUE ISTO É IMPORTANTE?,2018,Lílian Rodrigues Ferreira de Melo; Bárbara Matos da Cunha Guimarães; Gudryan Jackson Barônio; Larissa Chagas de Oliveira; Renan Oliveira Alves Cardoso Kobal; Thayane Nogueira Araújo; Francismeire Jane Telles,Oecologia Australis,OpenAlex,Q3|Q4|Q5|Q6,OpenAlex:https://openalex.org/W2905488943,https://doi.org/10.4257/oeco.2018.2204.03,4
bib_b96210d86a3eef41,doi:10.4257/oeco.2018.2204.04,10.4257/oeco.2018.2204.04,ENTRE FLORES E VISITANTES: ESTRATÉGIAS DE DISPONIBILIZAÇÃO E COLETA DE RECURSOS FLORAIS,2018,Gudryan Jackson Barônio; Bárbara Matos da Cunha Guimarães; Larissa Chagas de Oliveira; Lílian Rodrigues Ferreira de Melo; Pedro Reis Antunes; Renan Oliveira Alves Cardoso Kobal; Thayane Nogueira Araújo,Oecologia Australis,OpenAlex,Q5|Q6,OpenAlex:https://openalex.org/W2904797849,https://doi.org/10.4257/oeco.2018.2204.04,2
bib_d92b6f2ed0dc16d1,doi:10.4314/jab.v62i0.86070,10.4314/jab.v62i0.86070,Insect assemblage and the pollination system in cocoa ecosystems,2013,M. K. Adjaloo; William Oduro,Journal of Applied Biosciences,OpenAlex,Q4,OpenAlex:https://openalex.org/W2056333480,https://doi.org/10.4314/jab.v62i0.86070,1
bib_24429435b0eaf531,doi:10.46551/ruc.v26n2a4,10.46551/ruc.v26n2a4,Pollination ecology in Centrosema brasilianum (L.) Benth. (Fabaceae: Papilionoideae): bee size influences pollen deposition,2024,Sara Sofia Medina Benavides; Maria Rosângela Sigrist; Gudryan Jackson Barônio; Daniel Máximo Corrêa Alcântara; Jeane Lima-Passos; Bruno Henrique dos Santos Ferreira; Camila Silveira Souza,Unimontes Científica,OpenAlex,Q4|Q5|Q6|Q7,OpenAlex:https://openalex.org/W4402983224,http://dx.doi.org/10.46551/ruc.v26n2a4,4
bib_d47afbc04c82295d,doi:10.46754/umtjur.v2i1.106,10.46754/umtjur.v2i1.106,Observation of Flower Visitors to Determine their Potential Role as Pollinators of Ixora coccinae and Ruellia simplex,2020,Fakhriah Kamaruddin; Mohamed Nor Zalipah,Universiti Malaysia Terengganu Journal of Undergraduate Research,OpenAlex,Q6,OpenAlex:https://openalex.org/W3170688612,https://doi.org/10.46754/umtjur.v2i1.106,1
bib_282db123a37a9efb,doi:10.46754/umtjur.v3i3.216,10.46754/umtjur.v3i3.216,FLORAL TRAITS AND POLLINATION OF SPANISH CHERRY (Mimusops elengi Linn.) IN UNIVERSITI MALAYSIA TERENGGANU CAMPUS,2021,HAIKAL HAZMI SUKRI; FELICIA SYUPIE GUNONG; NAZURAH IDINNAZURAH IDIN; NOR ZALIPAH MOHAMED,Universiti Malaysia Terengganu Journal of Undergraduate Research,OpenAlex,Q4,OpenAlex:https://openalex.org/W4299990591,https://doi.org/10.46754/umtjur.v3i3.216,1
bib_0593349c5cc6c7ae,doi:10.46867/ijcp.2015.28.01.07,10.46867/ijcp.2015.28.01.07,What Associative Learning in Insects Tells Us about the Evolution of Learned and Fixed Behavior,2015,Karen L. Hollis; Lauren M. Guillette,International Journal of Comparative Psychology,OpenAlex,Q6,OpenAlex:https://openalex.org/W971076774,https://doi.org/10.46867/ijcp.2015.28.01.07,1
bib_c009c9533a043034,doi:10.47446/osmia12.2,10.47446/osmia12.2,"First observations of Eucera (Cubitalia) breviceps (Friese, 1911) in Italy and France, with updated information on the distribution and ecology of the species (Hymenoptera: Anthophila: Apidae)",2024,Matthieu Aubert; Marco Bonifacino; David Genoud; Vincent Leclercq; Bertrand Schatz,Osmia,OpenAlex,Q6,OpenAlex:https://openalex.org/W4392267188,https://doi.org/10.47446/osmia12.2,1
bib_52cf9dbbad4cae4f,doi:10.47749/t/unicamp.2003.288126,10.47749/t/unicamp.2003.288126,Auto-incompatibilidade de ação tardia e outros sistemas reprodutivos em Biognoniaceae,2003,Nelson Sabino Bittencourt,,OpenAlex,Q5,OpenAlex:https://openalex.org/W4206248528,https://doi.org/10.47749/t/unicamp.2003.288126,1
bib_591d82f011f9daea,doi:10.48016/xivenccultgt2,10.48016/xivenccultgt2,Diversidade de polinizadores e grãos de pólen na Caatinga,2025,Alverlan da Silva Araújo da Silva Araújo; Diego Jorge da Silva; Mabel Alencar do Nascimento Rocha,Eduneal eBooks,OpenAlex,Q6,OpenAlex:https://openalex.org/W7104266525,https://doi.org/10.48016/xivenccultgt2,1
bib_b39a072e62becfa3,doi:10.5061/dryad.6djh9w1gz,10.5061/dryad.6djh9w1gz,Data from: Is bee-avoidance by bird-pollinated flowers driven by nectar robbing in Erica?,2026,Anina Coetzee; Colleen Lynda Seymour; Claire N. Spottiswoode; Michael David Pirie; Timotheüs van der Niet,DRYAD,OpenAlex,Q1,OpenAlex:https://openalex.org/W7126080938,https://doi.org/10.5061/dryad.6djh9w1gz,1
bib_c8830e3b1a73110a,doi:10.5061/dryad.rn8pk0pqx,10.5061/dryad.rn8pk0pqx,Trait matching affects the probability of nectar robbing in plant-pollinator networks,2025,"Aubert, Stéphane; Duchenne, François; Tinoco, Boris; Santander, Tatiana; Guevara, Esteban; Graham, Catherine",DIGITAL.CSIC (Spanish National Research Council (CSIC)),OpenAlex,Q3,OpenAlex:https://openalex.org/W7103877548,http://hdl.handle.net/10261/439643,1
bib_051700fd6e545868,doi:10.5061/dryad.sj3tx96kr,10.5061/dryad.sj3tx96kr,Data from: Bird extinctions shift bill-flower trait matching in Hawaiian lobelioids,2026,Samuel B. Case; Molly Hagemann; Donald Drake; Katherine Postelli; Richard J. Pender; Pryce W Millikin; Alejandro Rico‐Guevara,DRYAD,OpenAlex,Q6,OpenAlex:https://openalex.org/W7168165507,https://doi.org/10.5061/dryad.sj3tx96kr,1
bib_9a2bd37da5309000,doi:10.5091/plecevo.2021.1823,10.5091/plecevo.2021.1823,"Taxonomic description and pollination ecology of Cyrtorchis okuensis (Orchidaceae, Angraecinae), a new species endemic to the Cameroon Volcanic Line",2021,Laura N. Azandi; Tariq Stévart; Bonaventure Sonké; Murielle Simo‐Droissart; Tania D’haijère; Vincent Droissart,Plant Ecology and Evolution,OpenAlex,Q3|Q6,OpenAlex:https://openalex.org/W3215647231,https://doi.org/10.5091/plecevo.2021.1823,2
bib_dcea2eaa21242a01,doi:10.5091/plecevo.84464,10.5091/plecevo.84464,Reproductive biology and flower-visitor interactions of two bromeliad species from the Brazilian Atlantic Forest,2022,Matheus R. e Silva; Bruno Corrêa Barbosa; Ana Paula Gelli de Faria,Plant Ecology and Evolution,OpenAlex,Q1|Q5|Q6,OpenAlex:https://openalex.org/W4220842336,https://doi.org/10.5091/plecevo.84464,3
bib_2226fdcd152ad406,doi:10.51189/ii-econline/11777,10.51189/ii-econline/11777,ATRIBUTOS FLORAIS DE ESPÉCIES VEGETAIS VISITADAS POR ABELHAS EM UMA FLORESTA ESTACIONAL SEMIDECIDUAL,2023,Paulo Roberto de Abreu Tavares; Leandro Pereira Polatto; Glaucia Almeida de Morais; Jessica Amaral Henrique; Valter Vieira Alves-Júnior,,OpenAlex,Q5,OpenAlex:https://openalex.org/W4313889276,https://doi.org/10.51189/ii-econline/11777,1
bib_394be6f54ea734c6,doi:10.5167/uzh-163565,10.5167/uzh-163565,"Ecology, evolution, and conservation of plant-animal interactions in islands",2006,Dennis M. Hansen,Zurich Open Repository and Archive (University of Zurich),OpenAlex,Q1|Q5,OpenAlex:https://openalex.org/W3018446388,https://www.zora.uzh.ch/id/eprint/163565/1/20070117.pdf,2
bib_861be4d7a3fde84d,doi:10.5194/we-26-83-2026,10.5194/we-26-83-2026,Blueberry floral morphology influences pollinator visitation and behavioural patterns,2026,Helena Castro; Ana Margarida Branco; Bruna Lago Chaves; Hugo Gaspar; João Loureiro; Sílvia Castro,Web Ecology,OpenAlex,Q1|Q2|Q3|Q4|Q5|Q6|Q7,OpenAlex:https://openalex.org/W7164409219,https://doi.org/10.5194/we-26-83-2026,7
bib_c2519253f5020a78,doi:10.5281/zenodo.4730394,10.5281/zenodo.4730394,Robo de néctar en Guettarda clarensis (Rubiaceae): ¿importa el vecindario floral?,2021,Llilian Martínez-Pérez; Michel Faife‐Cabrera,Zenodo (CERN European Organization for Nuclear Research),OpenAlex,Q1|Q2|Q3|Q4,OpenAlex:https://openalex.org/W4225663926,https://zenodo.org/record/4730394,4
bib_0d6baf34a385ff7d,doi:10.5281/zenodo.5109989,10.5281/zenodo.5109989,The SBE meeting 2021's Book of Abstracts,2021,Meneses; Jacob Machado; Gamero Mora; Almeida; Massami Izumi de Freitas; Andrés Moreno-González; Gomes-da-Silva; Hurtado; Ocaña; Inés Baccaro; Lina Caballero-Villalobos; Ochoa Orrego; Perez; Fabianelli; Mahecha-J; Terán Sánchez; Belintani; Vega-G,Zenodo (CERN European Organization for Nuclear Research),OpenAlex,Q5,OpenAlex:https://openalex.org/W3210418649,https://doi.org/10.5281/zenodo.5109989,1
bib_140c730a1f020aa4,doi:10.5281/zenodo.6470899,10.5281/zenodo.6470899,"Robo de néctar en plantas ornamentales en Santa Clara, Cuba Nectar robbing in ornamental plants in Santa Clara, Cuba",2021,Llilian Martínez-Pérez; Antonio Martínez-Fonseca; Rafael Alejandro Pérez-Obregón,Zenodo (CERN European Organization for Nuclear Research),OpenAlex,Q3,OpenAlex:https://openalex.org/W4287363617,https://zenodo.org/record/6470899,1
bib_ab1473f0b34aa734,doi:10.5281/zenodo.6624946,10.5281/zenodo.6624946,"Robo de néctar en plantas ornamentales en Santa Clara, Cuba Nectar robbing in ornamental plants in Santa Clara, Cuba",2021,Llilian Martínez-Pérez; Antonio Martínez-Fonseca; Rafael Alejandro Pérez-Obregón,Zenodo (CERN European Organization for Nuclear Research),OpenAlex,Q3,OpenAlex:https://openalex.org/W4320855641,https://zenodo.org/record/6624946,1
bib_6364c19739bdead6,doi:10.53346/wjapls.2025.8.2.0028,10.53346/wjapls.2025.8.2.0028,Insect pollinator diversity and pollination mechanisms among mangrove species: A systematic review,2025,Lakhnarayan Kumar Bhagarathi; Gyanpriya Maharaj; Phillip N. B. Da Silva,World Journal of Advanced Pharmaceutical and Life Sciences,OpenAlex,Q5,OpenAlex:https://openalex.org/W4414189618,https://doi.org/10.53346/wjapls.2025.8.2.0028,1
bib_944f5b1f76cb8644,doi:10.53846/goediss-10476,10.53846/goediss-10476,The importance of reproductive traits and pollinators for increased use of heterosis in faba bean (Vicia faba L.),2024,Lisa Bruenjes,,OpenAlex,Q4|Q5|Q6|Q7,OpenAlex:https://openalex.org/W4396977403,http://dx.doi.org/10.53846/goediss-10476,4
bib_f2a43262ef895d35,doi:10.53846/goediss-11131,10.53846/goediss-11131,Conservation of wild bees in agricultural landscapes through intercropping and habitat management,2025,Felix Kirsch,,OpenAlex,Q7,OpenAlex:https://openalex.org/W4408361522,https://doi.org/10.53846/goediss-11131,1
bib_bb540e825b85967f,doi:10.53846/goediss-8987,10.53846/goediss-8987,The effect of diversified crop rotations with faba beans (Vicia faba L.) on pollinators and pollination services,2021,Nicole Beyer,,OpenAlex,Q6|Q7,OpenAlex:https://openalex.org/W4213032316,https://doi.org/10.53846/goediss-8987,2
bib_1be7caa786f59b45,doi:10.54905/disssi.v24i74.e87s1601,10.54905/disssi.v24i74.e87s1601,"The exotic perennial invasive weed, Lantana camara L. (Verbenaceae), a potential source of nectar for butterflies",2023,Solomon Raju AJ; Venkata Ramana K; P. S. N. Rao,Species,OpenAlex,Q6,OpenAlex:https://openalex.org/W4390451561,http://dx.doi.org/10.54905/disssi.v24i74.e87s1601,1
bib_cbaefe910fa9e38b,doi:10.55362/ijecol/2026/0106,10.55362/ijecol/2026/0106,Ecological Roles of Indian Palm Squirrels ( spp.) as Floral Funambulus Visitors Across Five Indian States: First Comprehensive Account,2026,Prodipta Biswas,Indian Journal of Ecology,OpenAlex,Q5,OpenAlex:https://openalex.org/W7165002080,https://doi.org/10.55362/ijecol/2026/0106,1
bib_3f07c0abb292dae6,doi:10.55525/tjst.1705635,10.55525/tjst.1705635,"Functional Ecology of Floral Traits and Plant Pollinator Interactions in Two Endemic Scrophularia L. Species from Erzincan, Türkiye",2025,Faruk Yıldız; Ali Kandemir; Engin Kılıç; Nalan Yıldırım; Halil İbrahim Türkoğlu,Turkish Journal of Science and Technology,OpenAlex,Q4|Q5|Q6,OpenAlex:https://openalex.org/W4414649470,https://doi.org/10.55525/tjst.1705635,3
bib_00f671046e194e09,doi:10.55627/pbulletin.002.01.0408,10.55627/pbulletin.002.01.0408,Effectiveness of Native Insect Pollinators in Mungra (Raphanus sativus) Seed Production,2023,Mudssar Ali; Muqadas Younas; Fawad Zafar Ahmad Khan; Muhammad Sarmad,Plant Bulletin,OpenAlex,Q3|Q4|Q5|Q6|Q7,OpenAlex:https://openalex.org/W4396587653,http://dx.doi.org/10.55627/pbulletin.002.01.0408,5
bib_d6333f7611db4996,doi:10.55730/1300-008x.2793,10.55730/1300-008x.2793,"On the border of extinction and speciation, Polygala seyfegoluensis (Polygalaceae), a new species from marshy habitat, Central Türkiye: Under the threat of climate change, water retreat, and subsequent degradation",2024,Alı A. Dönmez; Zübeyde Uğurlu Aydın; İbrahim Sırrı Yüzbaşioğlu,TURKISH JOURNAL OF BOTANY,OpenAlex,Q4|Q5,OpenAlex:https://openalex.org/W4391107580,https://doi.org/10.55730/1300-008x.2793,2
bib_ff279c54a8188fd1,doi:10.55779/nsb17312227,10.55779/nsb17312227,"Bee-pollinator-plant connections: A review of wild bee diversity and plant associations in West Bengal, India",2025,Md. Abu Imran Mallick; Samprita MISHRA,Notulae Scientia Biologicae,OpenAlex,Q4|Q5|Q7,OpenAlex:https://openalex.org/W4414749185,https://doi.org/10.55779/nsb17312227,3
bib_40ff47ab287e6cd5,doi:10.5586/aa.2014.020,10.5586/aa.2014.020,"Flowering, pollen production and insect visitation in two Aconitum species (Ranunculaceae)",2014,Sebastian Antoń; Bożena Denisow; Karol Milaniuk,Acta Agrobotanica,OpenAlex,Q5,OpenAlex:https://openalex.org/W2052185691,https://doi.org/10.5586/aa.2014.020,1
bib_7b7b5e0b2fe926e1,doi:10.5586/asbp.3489,10.5586/asbp.3489,"Pollination biology of the urban populations of an ancient forest, spring ephemeral plant",2016,Maciej Ziemiański; Marcin Zych,Acta Societatis Botanicorum Poloniae,OpenAlex,Q5,OpenAlex:https://openalex.org/W2342788628,https://doi.org/10.5586/asbp.3489,1
bib_bb0187a90bd94687,doi:10.55905/rdelosv16.n42-026,10.55905/rdelosv16.n42-026,Reproductive success and production of nectar in Mandevilla funiformis (Apocynaceae): accessibility to visitors and effect of floral stage,2023,Juliana Márcia Rogalski; Daniela Werner; Camila Vieira Da Silva; Kurt Bourscheid; Ademir Reis; Afonso Inácio Orth,DELOS Desarrollo Local Sostenible,OpenAlex,Q5|Q6|Q7,OpenAlex:https://openalex.org/W4367323150,http://dx.doi.org/10.55905/rdelosv16.n42-026,3
bib_7549335d71a300a4,doi:10.56093/aaz.v59i1-2.103046,10.56093/aaz.v59i1-2.103046,Influence of Annual Ornamental Flowers (Asteraceae) on the Relative Abundance of Honey Bee Species in the Hot Semi-arid Environment,2020,Dipak Kumar Gupta; Ashok Shukla; A. Keerthika; M.B. Noor mohamed; B. L. Jangid,Annals of Arid Zone,OpenAlex,Q3|Q4|Q5|Q6,OpenAlex:https://openalex.org/W3186798710,https://doi.org/10.56093/aaz.v59i1-2.103046,4
bib_062b1404bb63aea2,doi:10.56238/edimpacto2025.061-001,10.56238/edimpacto2025.061-001,ECOSYSTEM SERVICES PROVIDED BY BEES: THEORETICAL BASIS AND PRACTICAL APPLICATIONS,2025,Leandro Pereira Polatto; Paulo Roberto de Abreu Tavares; Valter Vieira Alves,Seven Editora eBooks,OpenAlex,Q5|Q6,OpenAlex:https://openalex.org/W4413045914,https://doi.org/10.56238/edimpacto2025.061-001,2
bib_59c87202207ebf23,doi:10.56810/jpbm.004.03.0231,10.56810/jpbm.004.03.0231,"Sesame (Sesamum indicum L.) Under Stress: A Multidisciplinary Review of Pathogens, Climate Adaptation, CRISPR Genome Editing, and High Throughput Phenotyping",2026,Zulqar Nain; Abdul Wahab; Nimra Waris; Asma Mehndi; Saida Komal; Shafaq Tariq; Nafeesa Shaheen; Sara Abid; Saima Jameel; Laraib Zahid; Dr Usman Ashfaq; Tadeel Iqbal Rana; Waseem Hassan; Sania Saleem; Maryam Murtaza; Sania Begum; Farrukh Bashir; Muhammad Aslam; Ayesha Noor; Mamoon Ahmad; Fazal Yazdan Sleem; Muhammad Jahanzaib; Sahir Hameed Khattak,Journal of Pharma and Biomedics,OpenAlex,Q5,OpenAlex:https://openalex.org/W7213743341,https://doi.org/10.56810/jpbm.004.03.0231,1
bib_46a1c94e45f06d4f,doi:10.5751/es-04758-170227,10.5751/es-04758-170227,Urbanization Drives a Reduction in Functional Diversity in a Guild of Nectar-feeding Birds,2012,Anton Pauw; Kirsten Louw,Ecology and Society,OpenAlex,Q6,OpenAlex:https://openalex.org/W2066171100,https://doi.org/10.5751/es-04758-170227,1
bib_8f15d6c0a55c4038,doi:10.5772/23906,10.5772/23906,"Yeasts Biodiversity and Its Significance: Case Studies in Natural and Human-Related Environments, Ex Situ Preservation, Applications and Challenges",2011,Enrique Javier Carvajal Barriga; Diego Libkind; Ana Isabel; Juan F. Úbeda; Patricia Portero; Ian N. Roberts; Steve A. James; Bibiana da Silva de Paula; A. Carlos,InTech eBooks,OpenAlex,Q6,OpenAlex:https://openalex.org/W1483358177,https://doi.org/10.5772/23906,1
bib_0329658ba2d40c62,doi:10.5772/36272,10.5772/36272,Honeybee Communication and Pollination,2012,Guntima Suwannapong; D Samuel Michael; Mark Eric,InTech eBooks,OpenAlex,Q6,OpenAlex:https://openalex.org/W1585424007,https://doi.org/10.5772/36272,1
bib_28da2cb744bb920f,doi:10.58088/s3r1-j861,10.58088/s3r1-j861,Considering a role for native plant cultivars in ecological landscaping: an experiment evaluating insect preferences and nectar forage values of Phlox species vs. its cultivars,2025,Keith A. Nevison,"Library, Museums and Press - UDSpace (University of Delaware)",OpenAlex,Q1|Q3|Q5|Q6,OpenAlex:https://openalex.org/W2590074463,http://udspace.udel.edu/handle/19716/21442,4
bib_f9d561b68ffcd878,doi:10.5852/ejt.2023.892.2283,10.5852/ejt.2023.892.2283,"Bumblebees with big teeth: revising the subgenus Alpigenobombus with the good, the bad and the ugly of numts (Hymenoptera: Apidae)",2023,Paul Hugh Williams; Jiandong An; Phurpa Dorji; Jiaxing Huang; Saleem Jaffar; George Japoshvılı; Jaya Narah; Zong‐Xin Ren; Martin Streinzer; Chawatat Thanoosing; Li Tian; Michael C. Orr,European Journal of Taxonomy,OpenAlex,Q7,OpenAlex:https://openalex.org/W4387075467,https://doi.org/10.5852/ejt.2023.892.2283,1
bib_2e5a086fe1a918bd,doi:10.58837/tnh.16.1.103070,10.58837/tnh.16.1.103070,"Flower-visiting Arthropods of the Invasive Weed, Lantana camara L.",2016,KAMONWAN KRITASAMPAN; J. Milne; Sompoad Srikosamatara; Sanae Jitklang; Ekgachai Jeratthitikul,Tropical Natural History,OpenAlex,Q6,OpenAlex:https://openalex.org/W4409560335,https://doi.org/10.58837/tnh.16.1.103070,1
bib_46125c08460f585c,doi:10.58843/ornneo.v35i1.1287,10.58843/ornneo.v35i1.1287,NECTAR ROBBING BY THE RED-TAILED COMET SAPPHO SPARGANURUS: THE VALUE OF CITIZEN SCIENCE TO DOCUMENT INFREQUENT BEHAVIOR IN BIRDS,2024,Luciana Tellería; Rodrigo Calbimonte; Flavia A. Montaño‐Centellas,Ornitología Neotropical,OpenAlex,Q1|Q2,OpenAlex:https://openalex.org/W4392891711,http://dx.doi.org/10.58843/ornneo.v35i1.1287,2
bib_4d7149eb68ec03d8,doi:10.5935/ambiencia.2017.03.11,10.5935/ambiencia.2017.03.11,Pollination ecology of Ipomoea longistaminea O'Donell (Convolvulaceae) in the semi-arid area of Bahia,2017,L. H. P. Kiill; Carla Tatiana De Vasconcelos Dias Martins; Tamires Almeida da Silva; Jhonatan Thiago Lacerda Santos,Revista Ambiência,OpenAlex,Q6,OpenAlex:https://openalex.org/W2808045552,https://doi.org/10.5935/ambiencia.2017.03.11,1
bib_e42cb15570676c2d,doi:10.59517/oc.e138,10.59517/oc.e138,Estrategias de extracción de néctar por pinchaflores (Aves: Diglossa y Diglossopis) y sus efectos sobre la polinización de plantas de los altos Andes,2021,Sandra V. Rojas‐Nossa,Ornitología colombiana,OpenAlex,Q6,OpenAlex:https://openalex.org/W4393058675,https://doi.org/10.59517/oc.e138,1
bib_77eb61456f263039,doi:10.5962/p.420272,10.5962/p.420272,Observations of native bees and native plants,2021,Jenny Thynne,Metamorphosis Australia magazine of the Butterfly & Other Invertebrates Club,OpenAlex,Q6,OpenAlex:https://openalex.org/W4410012866,https://doi.org/10.5962/p.420272,1
bib_4ab50a9da08db867,doi:10.6018/analesbio.0.34.11,10.6018/analesbio.0.34.11,"Biología floral y polinización de Ipomoea murucoides Roem. and Schult. (Convolvulaceae) en Ixtapan del Oro, Estado de México (México)",2012,Luis Antonio Caballero Martínez; Luis Isaac Aguilera-Gómez; Irma Victoria Rivas-Manzano; Carlos Jorge Aguilar-Ortigoza; Valentina Lamus-Molina,Anales de Biología,OpenAlex,Q3|Q5,OpenAlex:https://openalex.org/W2022164662,https://doi.org/10.6018/analesbio.0.34.11,2
bib_2d659c3c343c24a1,doi:10.6018/analesbio.43.20,10.6018/analesbio.43.20,"Reciprocal intercompatibility between Byrsonima Rich. exKunth species (Malpighiaceae), in an urban ecotonal fragment of Semi-Deciduous Seasonal Forest and Cerrado",2021,Frederic Mendes Hughes,Anales de Biología,OpenAlex,Q5,OpenAlex:https://openalex.org/W4206534577,https://doi.org/10.6018/analesbio.43.20,1
bib_3bb123dbab5986d5,doi:10.6084/m9.figshare.31986552,10.6084/m9.figshare.31986552,Nectar robber-mediated selection on calyx length in Salvia castanea,2026,Yongpeng Cha,Figshare,OpenAlex,Q3,OpenAlex:https://openalex.org/W7153443585,https://doi.org/10.6084/m9.figshare.31986552,1
bib_0988fb9c95703ec8,doi:10.6084/m9.figshare.31986552.v1,10.6084/m9.figshare.31986552.v1,Nectar robber-mediated selection on calyx length in Salvia castanea,2026,Yongpeng Cha,Figshare,OpenAlex,Q3,OpenAlex:https://openalex.org/W7153570881,https://doi.org/10.6084/m9.figshare.31986552.v1,1
bib_88d404e8aedb2a2e,doi:10.6084/m9.figshare.32325837,10.6084/m9.figshare.32325837,Data from: Blueberry floral morphology influences pollinator visitation and behavioural patterns,2026,Helena Castro,Figshare,OpenAlex,Q5|Q6,OpenAlex:https://openalex.org/W7163542668,https://doi.org/10.6084/m9.figshare.32325837,2
bib_4fec8b096c8077c4,doi:10.6084/m9.figshare.32325837.v1,10.6084/m9.figshare.32325837.v1,Data from: Blueberry floral morphology influences pollinator visitation and behavioural patterns,2026,Helena Castro,Figshare,OpenAlex,Q5|Q6,OpenAlex:https://openalex.org/W7163518526,https://figshare.com/articles/dataset/Data_from_Blueberry_floral_morphology_influences_pollinator_visitation_and_behavioural_patterns/32325837,2
bib_5162be4d5f2786d9,doi:10.6084/m9.figshare.8174591,10.6084/m9.figshare.8174591,"Nectar robbing does not affect female reproductive success of an endangered Antirrhinum species, Plantaginaceae",2019,Elena Carrió; Jaime Güemes,Figshare,OpenAlex,Q4,OpenAlex:https://openalex.org/W4394343695,https://doi.org/10.6084/m9.figshare.8174591,1
bib_929901301972e41b,doi:10.6092/unibo/amsdottorato/7562,10.6092/unibo/amsdottorato/7562,Exploring Plant-Pollinator interactions: critical studies for the safeguard of wild Apoidea and spontaneous plant populations,2016,Gherardo Bogo,AMS Dottorato Institutional Doctoral Theses Repository (University of Bologna),OpenAlex,Q6,OpenAlex:https://openalex.org/W2527761198,http://amsdottorato.unibo.it/7562/1/bogo_gherardo_tesi.pdf,1
bib_f4e13f0eb2420584,doi:10.64898/2026.05.26.727296,10.64898/2026.05.26.727296,Comparative nectar metabolomics reveals sucrose-nitrogen tradeoffs and chemical drivers of microbial growth in floral nectar,2026,Rachel Lee Vannette; Caitlin C. Rering; Jacob M. Cecala; Leta Landucci; Alexia M Lanier,bioRxiv (Cold Spring Harbor Laboratory),OpenAlex,Q5,OpenAlex:https://openalex.org/W7162557560,https://doi.org/10.64898/2026.05.26.727296,1
bib_966e141760cca5a2,doi:10.70675/084bc3abzfc31z4244za1b3z747a9766eeb4,10.70675/084bc3abzfc31z4244za1b3z747a9766eeb4,Stratégies de diversification végétale et interactions entre insectes bénéfiques floricoles : quels impacts sur les communautés d’ennemis naturels et de pollinisateurs et sur le contrôle biologique des phytophages ?,2020,Emma Jeavons,,OpenAlex,Q7,OpenAlex:https://openalex.org/W7149498578,https://doi.org/10.70675/084bc3abzfc31z4244za1b3z747a9766eeb4,1
bib_10682021e215e10d,doi:10.70675/3d990d41z253fz4230z96f3z2690e8a89181,10.70675/3d990d41z253fz4230z96f3z2690e8a89181,Ecologie et Evolution des odeurs florales chez Antirrhinum Majus,2010,Claire Suchet,,OpenAlex,Q5,OpenAlex:https://openalex.org/W183317360,https://doi.org/10.70675/3d990d41z253fz4230z96f3z2690e8a89181,1
bib_cbb254daac89eb5b,doi:10.71548/6930,10.71548/6930,Evidence of Pollinator-Mediated Selection for Floral Display Height,2006,Sebastian Irazuzta,MacSphere (McMaster University),OpenAlex,Q3|Q4|Q5|Q6,OpenAlex:https://openalex.org/W2727478211,http://hdl.handle.net/11375/21655,4
bib_f40cf5ddb079e74d,doi:10.7282/t361120h,10.7282/t361120h,Flower Morphology Influences Pollinator Community with Implications for Cross-Pollination: Observations in Rabbiteye Blueberry (Vaccinium ashei Reade),2014,Shelley R. Rogers; David R. Tarpy; Hannah Joy Burrack,,OpenAlex,Q5,OpenAlex:https://openalex.org/W954830938,http://citeseerx.ist.psu.edu/viewdoc/summary?doi=10.1.1.927.4922,1
bib_1d70a041da495acc,doi:10.7282/t3kw5g8m,10.7282/t3kw5g8m,Evolution and systematics of Chelonanthus (Gentianaceae),2009,Katherine B. Lepis,Rutgers University Community Repository (Rutgers University),OpenAlex,Q1,OpenAlex:https://openalex.org/W2230703559,http://hdl.rutgers.edu/1782.2/rucore10001600001.ETD.000051029,1
bib_4bd60846c3608fea,doi:10.7287/peerj.10102v0.2/reviews/2,10.7287/peerj.10102v0.2/reviews/2,"Peer Review #2 of ""Insect pollination is important in a smallholder bean farming system (v0.2)""",2020,,,OpenAlex,Q7,OpenAlex:https://openalex.org/W4206616400,https://doi.org/10.7287/peerj.10102v0.2/reviews/2,1
bib_0b8d7c814a7a7345,doi:10.7287/peerj.11634v0.1/reviews/1,10.7287/peerj.11634v0.1/reviews/1,"Peer Review #1 of ""Honey bee (Apis mellifera) colony strength and its effects on pollination and yield in highbush blueberries (Vaccinium corymbosum) (v0.1)""",2021,,,OpenAlex,Q5,OpenAlex:https://openalex.org/W4249008354,https://doi.org/10.7287/peerj.11634v0.1/reviews/1,1
bib_ee5e970b038a4074,doi:10.7287/peerj.2789v0.2/reviews/2,10.7287/peerj.2789v0.2/reviews/2,"Peer Review #2 of ""Species interactions in an Andean bird–flowering plant network: phenology is more important than abundance or morphology (v0.2)""",2016,,,OpenAlex,Q1|Q2|Q5|Q6|Q7,OpenAlex:https://openalex.org/W4248855267,https://doi.org/10.7287/peerj.2789v0.2/reviews/2,5
bib_d9f9481042fe113b,doi:10.7287/peerj.8836v0.1/reviews/2,10.7287/peerj.8836v0.1/reviews/2,"Peer Review #2 of ""Temporal changes in the most effective pollinator of a bromeliad pollinated by bees and hummingbirds (v0.1)""",2020,,,OpenAlex,Q3,OpenAlex:https://openalex.org/W3014262243,https://doi.org/10.7287/peerj.8836v0.1/reviews/2,1
bib_ef8b2e2b1ec5bf98,doi:10.7287/peerj.9049v0.2/reviews/2,10.7287/peerj.9049v0.2/reviews/2,"Peer Review #2 of ""A systematic review of the direct and indirect effects of herbivory on plant reproduction mediated by pollination (v0.2)""",2020,,,OpenAlex,Q1|Q4|Q5,OpenAlex:https://openalex.org/W4239933234,https://doi.org/10.7287/peerj.9049v0.2/reviews/2,3
bib_330024f0c7b430f2,doi:10.7302/3062,10.7302/3062,Bee-Plant Interactions in Coffee Agroecosystems: Management and Matrix Effects on Mutualistic and Antagonistic Relationships,2021,Gordon M. Fitch,Deep Blue (University of Michigan),OpenAlex,Q4,OpenAlex:https://openalex.org/W4287536459,https://hdl.handle.net/2027.42/170017,1
bib_177f90969bc7ebc5,doi:10.7554/elife.31262,10.7554/elife.31262,"The diversity of floral temperature patterns, and their use by pollinators",2017,Michael J. M. Harrap; Sean A. Rands; Natalie Hempel de Ibarra; Heather M. Whitney,eLife,OpenAlex,Q4|Q5|Q6|Q7,OpenAlex:https://openalex.org/W2773429961,https://doi.org/10.7554/elife.31262,4
bib_c8e492cea810081e,doi:10.7818/ecos.1433,10.7818/ecos.1433,The role of pollinators in floral evolution: a Mediterranean perspective,2018,Violeta I. Simón‐Porcar; Mohamed Abdelaziz; Juan Arroyo,Ecosistemas,OpenAlex,Q3|Q5|Q7,OpenAlex:https://openalex.org/W2892368206,https://doi.org/10.7818/ecos.1433,3
bib_17f6d67a128991f6,doi:10.7818/ecos.2013.22-2.16,10.7818/ecos.2013.22-2.16,Asociación entre el robo de néctar y las características florales en una comunidad montana de los Andes colombianos,2013,Sandra V. Rojas‐Nossa,Ecosistemas,OpenAlex,Q1|Q3,OpenAlex:https://openalex.org/W3129629679,https://doi.org/10.7818/ecos.2013.22-2.16,2
bib_9c213224dba52ecf,title-year:a multifaceted approach to identify unknown enzymes of pyrrolizidine alkaloid biosynthesis|2017,,A multifaceted approach to identify unknown enzymes of pyrrolizidine alkaloid biosynthesis,2017,Lars H. Kruse,Multimedialen Archiv und Publikationsserver der Christian-Albrechts-Universität zu Kiel (Christian-Albrechts-Universität zu Kiel),OpenAlex,Q7,OpenAlex:https://openalex.org/W2741880540,https://macau.uni-kiel.de/receive/dissertation_diss_00021113,1
bib_d14a57810ac19faf,title-year:agresión y forrajeo de néctar en colibríes aves trochilidae en comederos artificiales cerca de fusagasugá colombia|2018,,"Agresión y forrajeo de néctar en colibríes (Aves: Trochilidae) en comederos artificiales cerca de Fusagasugá, Colombia",2018,Nicolás Téllez-Colmenares,Repositorio Institucional UN - Biblioteca Digital,OpenAlex,Q4|Q6,OpenAlex:https://openalex.org/W3040845900,http://bdigital.unal.edu.co/64150/2/1020764439.2018.pdf,2
bib_611316f2233b01fa,title-year:an empirical test of the mutualism disruption hypothesis impacts of an allelopathic invader on the ecophysiology of a native forest herb|2012,,An empirical test of the mutualism disruption hypothesis: Impacts of an allelopathic invader on the ecophysiology of a native forest herb,2012,Alison N. Hale,D-Scholarship@Pitt (University of Pittsburgh),OpenAlex,Q4|Q5,OpenAlex:https://openalex.org/W100041966,https://d-scholarship.pitt.edu/16588/4/A_Hale_ETD_03DEC2012.pdf,2
bib_cf1d1d5d1607f123,title-year:ants as flower visitors and their effects on pollinator behavior and plant reproduction|2013,,Ants as Flower Visitors and their Effects on Pollinator Behavior and Plant Reproduction,2013,Adam R. Cembrowski,TSpace (University of Toronto),OpenAlex,Q6,OpenAlex:https://openalex.org/W2792653544,http://hdl.handle.net/1807/70036,1
bib_fa651835bd33b60b,title-year:autogenous tensor fascia lata and dermal graft for gap repair of superficial digital flexor tendon in bovines clinical radiological and histopathological study|2000,,"Autogenous tensor fascia lata and dermal graft for gap repair of superficial digital flexor tendon in bovines: Clinical, radiological and histopathological study",2000,OP Gupta; Naveen R Kumar; Akshay Sharma; G. R. Singh; N. S. Parihar,The Indian Journal of Animal Sciences,OpenAlex,Q5,OpenAlex:https://openalex.org/W32592166,http://epubs.icar.org.in/ejournal/index.php/IJAnS/article/view/35570,1
bib_977f829d9e7295bc,title-year:balsaminaceae in southeast asia systematics evolution and pollination biology|2018,,"Balsaminaceae in Southeast Asia: systematics, evolution, and pollination biology",2018,Saroj Ruchisansakun,Leiden Repository (Leiden University),OpenAlex,Q5|Q6,OpenAlex:https://openalex.org/W3124953322,http://hdl.handle.net/1887/65602,2
bib_5e47887e8ff4e103,title-year:bee crossed lovers and a forbidden castilleja romance cross breeding between c hispida and endangered c levisecta in prairie restoration sites|2015,,Bee-crossed lovers and a forbidden Castilleja romance: Cross-breeding between C. hispida and endangered C. levisecta in prairie restoration sites,2015,Lauren A. Clark,ResearchWorks at the University of Washington (University of Washington),OpenAlex,Q4|Q6,OpenAlex:https://openalex.org/W2560879852,http://hdl.handle.net/1773/33175,2
bib_8f282c51daeee352,title-year:behaviour of foraging bumble bees across morphological and environmental contexts|2019,,Behaviour of Foraging Bumble Bees Across Morphological and Environmental Contexts,2019,Rachel Terlinden,Otago University Research Archive (University of Otago),OpenAlex,Q4|Q6,OpenAlex:https://openalex.org/W2988744687,https://ourarchive.otago.ac.nz/esploro/outputs/graduate/Behaviour-of-Foraging-Bumble-Bees-Across/9926478539401891,2
bib_c7a0fe8a118ce08e,title-year:behavioural flexibility in bumblebees bombus impatiens|2018,,Behavioural Flexibility in Bumblebees (Bombus impatiens),2018,Caroline G. Strang,Scholarship@Western (Western University),OpenAlex,Q6|Q7,OpenAlex:https://openalex.org/W2801924276,https://ir.lib.uwo.ca/etd/5322,2
bib_a127e7b2b2a65bf8,title-year:behavioural responses of rodents to the scent and taste of compounds associated with sugar and protein degradation implications for the evolution of chemical signals in rodent pollinated flowers|2015,,Behavioural responses of rodents to the scent and taste of compounds associated with sugar and protein degradation : implications for the evolution of chemical signals in rodent-pollinated flowers.,2015,Darryn. Records,ResearchSpace (University of KwaZulu-Natal),OpenAlex,Q4,OpenAlex:https://openalex.org/W2586358133,http://hdl.handle.net/10413/14005,1
bib_c5e827c304865df7,title-year:biology of thai honeybees natural history and threats|2012,,Biology of Thai honeybees: Natural history and threats,2012,Guntima Suwannapong; M. Eric Benbow; James Charles Nieh,eScholarship (California Digital Library),OpenAlex,Q6,OpenAlex:https://openalex.org/W2431743883,https://escholarship.org/uc/item/3w1448mh,1
bib_4710e4b64898fa2b,title-year:biología reproductiva y conservación del endemismo polygala vayredae|2009,,Biología reproductiva y conservación del endemismo Polygala vayredae,2009,Sílvia Castro,LA Referencia (Red Federada de Repositorios Institucionales de Publicaciones Científicas),OpenAlex,Q4,OpenAlex:https://openalex.org/W1531762682,http://hdl.handle.net/10045/10604,1
bib_b975eeb26ebb8bc3,title-year:breeding systems and reproduction of indigenous shrubs in fragmented ecosystems breeding systems and reproduction of indigenous shrubs in fragmented ecosystems ba thesis submitted in partial fulfilment of the requirements for the degree of doctor of philosophy in plant ecology at massey university palmerston north new zealand|2006,,"Breeding systems and reproduction of indigenous shrubs in fragmented ecosystems : Breeding systems and reproduction of indigenous shrubs in fragmented ecosystems :|ba thesis submitted in partial fulfilment of the requirements for the degree of Doctor of Philosophy in Plant Ecology at Massey University, Palmerston North, New Zealand",2006,Merilyn F. Merrett,Massey Research Online (Massey University),OpenAlex,Q4|Q5,OpenAlex:https://openalex.org/W1486952441,http://hdl.handle.net/10179/1508,2
bib_2c6d7a128680d4c5,title-year:bumblebees bombus impatiens cresson learning an ecological context|2014,,Bumblebees' Bombus impatiens (Cresson) Learning: An Ecological Context,2014,Hamida B. Mirwan,The Atrium (University of Guelph),OpenAlex,Q6|Q7,OpenAlex:https://openalex.org/W2609261019|OpenAlex:https://openalex.org/W7201920517,http://hdl.handle.net/10214/8376|https://atrium.lib.uoguelph.ca/xmlui/handle/10214/8376,4
bib_69d898fc0b4b8110,title-year:call me loyal investigation of bumble bee bombus terrestris flower constancy in a semi field environment|2020,,Call Me Loyal: Investigation of Bumble Bee (Bombus terrestris) Flower Constancy in a Semi-Field Environment,2020,Jake Tully,Otago University Research Archive (University of Otago),OpenAlex,Q4|Q5|Q6,OpenAlex:https://openalex.org/W3043062601,https://ourarchive.otago.ac.nz/esploro/outputs/graduate/Call-Me-Loyal-Investigation-of-Bumble/9926479191501891,3
bib_7cf7185e2e742a9d,title-year:color mediated foraging by pollinators a comparative study of two passionflower butterflies at lantana camara|2016,,Color-mediated foraging by pollinators: A comparative study of two passionflower butterflies at Lantana camara,2016,Gyanpriya Maharaj,"IRL - University of Missouri, St. Louis (University of Missouri–St. Louis)",OpenAlex,Q6,OpenAlex:https://openalex.org/W2751209378,https://irl.umsl.edu/dissertation/42,1
bib_4b90e640ac4e5193,title-year:colored floral organs influence pollinator behavior and pollen transfer in commelina communis commelinaceae|2007,,Colored floral organs influence pollinator behavior and pollen transfer in Commelina communis (Commelinaceae),2007,Atushi Ushimaru; Takeshi Watanabe; Kensuke Nakata,Institutional Repositories DataBase (IRDB),OpenAlex,Q6,OpenAlex:https://openalex.org/W7208429399,https://hdl.handle.net/20.500.14094/90001107,1
bib_27dded66dd1d4356,title-year:crypsis in non flying mammal pollinated proteaceae novel adaptations and evidence of nectarivorous bird avoidance|2019,,Crypsis in non-flying mammal pollinated Proteaceae: novel adaptations and evidence of nectarivorous bird avoidance,2019,Alexandra Connolly,Open University of Cape Town (University of Cape Town),OpenAlex,Q3|Q6,OpenAlex:https://openalex.org/W3009089974,http://hdl.handle.net/11427/31394,2
bib_f3e852769719146b,title-year:density effects on competition for pollination between two wetland plants|2014,,Density Effects on Competition for Pollination between Two Wetland Plants,2014,Miriam Jenkins,OhioLink ETD Center (Ohio Library and Information Network),OpenAlex,Q3|Q5|Q6|Q7,OpenAlex:https://openalex.org/W2598553336,http://rave.ohiolink.edu/etdc/view?acc_num=akron1405376639,4
bib_5aaa2ec27a312c31,title-year:differences in pollen resource usage and foraging periods between the exotic bumblebee bombus terrestris and the native b pseudobaicalensis and b hypocrita sapporoensis in hokkaido japan|2014,,"Differences in Pollen Resource Usage and Foraging Periods between the Exotic Bumblebee Bombus terrestris and the Native B. pseudobaicalensis and B. hypocrita sapporoensis in Hokkaido, Japan",2014,Yasuhide Nakamura,Hokkaido University Collection of Scholarly and Academic Papers (Hokkaido University),OpenAlex,Q7,OpenAlex:https://openalex.org/W2148828335,http://hdl.handle.net/2115/56855,1
bib_5c5b075c74186c25,title-year:discerning patterns of floral sugar feeding dynamics of the mosquito culex antillummagnorum in puerto rico|2026,,Discerning Patterns of Floral Sugar-Feeding: Dynamics of the Mosquito Culex antillummagnorum in Puerto Rico,2026,Ella J. Branham,Aquila Digital Community (University of Southern Mississippi),OpenAlex,Q5|Q6,OpenAlex:https://openalex.org/W7162046170,https://aquila.usm.edu/masters_theses/1201,2
bib_b70baa190409de35,title-year:distinguishing pollination from visitation the value of a pollinator effectiveness and pollinator importance network|2018,,Distinguishing pollination from visitation : the value of a pollinator effectiveness and pollinator importance network,2018,Helen Cunnold,St Andrews Research Repository (St Andrews Research Repository),OpenAlex,Q5|Q6|Q7,OpenAlex:https://openalex.org/W2905091179,http://hdl.handle.net/10023/16121,3
bib_26503be1786f50a5,title-year:diversidad y especialización de las interacciones colibrí planta en un gradiente de transformación de hábitats y del paisaje en la región cafetera de colombia|2024,,Diversidad y especialización de las interacciones colibrí–planta en un gradiente de transformación de hábitats y del paisaje en la región cafetera de Colombia,2024,"Carranza-Quiceno, Jaime Andrés",Univalle Digital Repository (University of Valle),OpenAlex,Q6,OpenAlex:https://openalex.org/W7112828601,https://hdl.handle.net/10893/32824,1
bib_26236df680e14a31,title-year:diversidade funcional de abelhas e de plantas em áreas restauradas na parte sul da floresta atlântica no município de antonina pr|2018,,"Diversidade funcional de abelhas e de plantas em áreas restauradas na parte sul da floresta atlântica, no município de Antonina (PR)",2018,Caroline Ribeiro,Americanae (AECID Library),OpenAlex,Q5|Q6,OpenAlex:https://openalex.org/W3005321011,http://repositorio.utfpr.edu.br/jspui/handle/1/4639,2
bib_910db04a3e3751a0,title-year:diversiteit van planten bestuivers en hun interacties in gefragmenteerde duinpannen een metabarcoding benadering|2025,,"Diversiteit van Planten, Bestuivers en hun interacties in gefragmenteerde Duinpannen Een Metabarcoding-benadering",2025,"Devriese, Arne",Lirias,OpenAlex,Q5|Q6,OpenAlex:https://openalex.org/W7113105254,https://lirias.kuleuven.be/handle/20.500.12942/766982,2
bib_dc1660efc7b0df70,title-year:dynamics of an intestinal pathogen within and between bumble bee hosts|2007,,Dynamics of an intestinal pathogen within and between bumble bee hosts,2007,Michael Christopher Otterstatter,TSpace (University of Toronto),OpenAlex,Q6,OpenAlex:https://openalex.org/W7132870592,http://gateway.proquest.com/openurl?url_ver=Z39.88-2004=info:ofi/fmt:kev:mtx:dissertation=xri:pqm=xri:pqdiss:NR27952,1
bib_46c64ae3bfc18a92,title-year:dynamique évolutive de la gynodioécie chez silene nutans et conditions de son maintien en populations|2013,,Dynamique évolutive de la gynodioécie chez Silene nutans et conditions de son maintien en populations,2013,Emna Lahiani,,OpenAlex,Q4,OpenAlex:https://openalex.org/W107137175,http://www.theses.fr/2013LIL10045,1
bib_edcc26ef19db60fb,title-year:ecological and evolutionary implications of nectar robbery|2015,,Ecological and evolutionary implications of nectar robbery,2015,Sandra Victoria Rojas Nossa,Investigo Institutional repository of UVigo (Universidade de Vigo),OpenAlex,Q1|Q2|Q3|Q4|Q5|Q6|Q7,OpenAlex:https://openalex.org/W7141773724,http://hdl.handle.net/11093/828,7
bib_23a5492166c6537a,title-year:ecological divergence and reproductive isolation in an amazonian tropical tree protium subserratum burseraceae|2014,,Ecological Divergence and Reproductive Isolation in an Amazonian Tropical Tree: Protium subserratum (Burseraceae),2014,Tracy M. Misiewicz,eScholarship (California Digital Library),OpenAlex,Q5,OpenAlex:https://openalex.org/W2205533286,https://escholarship.org/uc/item/3sd3n303,1
bib_3deaf87cdba64f67,title-year:ecology and evolution of the specialized hemipepsis wasp hymenoptera pompilidae pollination guild in south africa|2013,,Ecology and evolution of the specialized hemipepsis-wasp (Hymenoptera : Pompilidae) pollination guild in South Africa.,2013,Adam Shuttleworth,ResearchSpace (University of KwaZulu-Natal),OpenAlex,Q5,OpenAlex:https://openalex.org/W1518027271,http://hdl.handle.net/10413/10107,1
bib_3a68ca5a2a3839f6,title-year:ecology and management of crop pollination and pest control|2013,,Ecology and management of crop pollination and pest control,2013,Ola Lundin,Epsilon Open Archive (Sveriges lantbruksuniversitet biblioteket (Swedish University of Agricultural Sciences)),OpenAlex,Q3|Q6|Q7,OpenAlex:https://openalex.org/W109319923,https://pub.epsilon.slu.se/10407/1/lundin_o_130507.pdf,3
bib_2128187a7683e016,title-year:ecology of pollinators pests and natural enemies in agricultural landscapes|2019,,"Ecology of pollinators, pests and natural enemies in agricultural landscapes",2019,Veronica Hederström,Epsilon Open Archive (Sveriges lantbruksuniversitet biblioteket (Swedish University of Agricultural Sciences)),OpenAlex,Q3|Q6|Q7,OpenAlex:https://openalex.org/W2941737794,https://pub.epsilon.slu.se/16044/7/hederstrom_v_190402.pdf,3
bib_5d17e004b2af9105,title-year:effects of insect herbivory on plant architecture flowering phenology flower visitors activity and reproduction success in cirsium altissimum l|2013,,"Effects of insect herbivory on plant architecture, flowering phenology, flower visitors’ activity and reproduction success in Cirsium Altissimum L.",2013,Subodh Adhikari,Holmes Museum Of Anthropology (Wichita State University),OpenAlex,Q5,OpenAlex:https://openalex.org/W2600015960,http://hdl.handle.net/10057/6417,1
bib_b91d2349671f1d5d,title-year:effects of pollination on pod distribution in faba bean vicia faba l|2018,,Effects of pollination on pod distribution in faba bean (Vicia faba L.),2018,Tiiu Kyllönen,Työväentutkimus Vuosikirja,OpenAlex,Q1|Q6|Q7,OpenAlex:https://openalex.org/W2890851125,http://hdl.handle.net/10138/236089,3
bib_56f4a41bf66841c9,title-year:effects of the availability of floral resources on plant pollinator interactions and the implications for the long term survival of plant populations|2018,,Effects of the availability of floral resources on plant-pollinator interactions and the implications for the long-term survival of plant populations,2018,Tracie Marie Evans,ERA,OpenAlex,Q5|Q6,OpenAlex:https://openalex.org/W2905800239,http://hdl.handle.net/1842/33045,2
bib_860007bd63dca281,title-year:evolution of sex limited mimicry in swallowtail butterflies|2008,,Evolution of sex-limited mimicry in swallowtail butterflies,2008,Krushnamegh Jagannath Kunte,Texas ScholarWorks (Texas Digital Library),OpenAlex,Q6,OpenAlex:https://openalex.org/W1914986927,http://hdl.handle.net/2152/18078,1
bib_689b97242001f33c,title-year:floral biology and breeding system of garcinia imberti bourd a critically endangered tree species of western ghats kerala india|2015,,"Floral Biology and Breeding System of Garcinia Imberti Bourd.-A Critically Endangered Tree Species of Western Ghats, Kerala, India",2015,Rajamani Kandasamy; Keshavanarayan Puttaramaiah; Shubharani Ramnath; Sivaramvenkataramgowda,ePrints@Bangalore University (Bangalore University),OpenAlex,Q4|Q5,OpenAlex:https://openalex.org/W2656573743,http://eprints-bangaloreuniversity.in/4197/1/FLORAL%20BIOLOGY%20AND%20BREEDING%20SYSTEM%20OF.pdf,2
bib_1f8c1ebcc0235152,title-year:floral trait evolution and pollination ecology in the hawaiian lobeliad genus clermontia campanulaceae|2013,,"Floral trait evolution and pollination ecology in the Hawaiian lobeliad genus, clermontia (campanulaceae)",2013,Richard J. Pender,ScholarSpace (University of Hawaii at Manoa),OpenAlex,Q1|Q3|Q4|Q5|Q6,OpenAlex:https://openalex.org/W2253648901,http://hdl.handle.net/10125/100636,5
bib_a09f2470b2f7860d,title-year:floral traits and pollination of solidago altissima mechanisms of local adaptation among and within biomes|2013,,Floral Traits and Pollination of Solidago altissima : Mechanisms of Local Adaptation Among and Within Biomes,2013,Claire Elizabeth Hafdahl,University of Minnesota Digital Conservancy (University of Minnesota),OpenAlex,Q3|Q4|Q5|Q6,OpenAlex:https://openalex.org/W587757461,http://purl.umn.edu/160102,4
bib_1ecd1a3e25320dc9,title-year:floral volatiles in mimulus chemical ecology insect olfaction genetics and reproductive isolation|2014,,"Floral volatiles in Mimulus: chemical ecology, insect olfaction, genetics, and reproductive isolation",2014,Kelsey Jaye Ruth Paularena Byers,ResearchWorks at the University of Washington (University of Washington),OpenAlex,Q1|Q3|Q4|Q5|Q7,OpenAlex:https://openalex.org/W2514325071,http://hdl.handle.net/1773/26218,5
bib_2a2a77069e36ad26,title-year:flower selection of xylocopa violacea aromatic and ornamental plants as resources in a botanic garden|2019,,Flower selection of Xylocopa violacea: aromatic and ornamental plants as resources in a botanic garden,2019,S. Malabusini; Marco Palamara Mesiano; Z. Davide; Claudia Giuliani; Gelsomina Fico; G. Manuela; Daniela Lupi,Archivio Istituzionale della Ricerca (Universita Degli Studi Di Milano),OpenAlex,Q5,OpenAlex:https://openalex.org/W2992975745,http://hdl.handle.net/2434/684866,1
bib_fd341cce256b76b7,title-year:flowerpiercers and hummingbirds a comparative study of nectar feeding strategies in birds|2003,,Flowerpiercers and hummingbirds: A comparative study of nectar feeding strategies in birds,2003,Jorge E. Schondube-Friedewold,UA Campus Repository (The University of Arizona),OpenAlex,Q1,OpenAlex:https://openalex.org/W781031319,http://hdl.handle.net/10150/280325,1
bib_23a1a0b249f150f9,title-year:functional diversity of bees and plants in restored areas in the southern atlantic forest in antonina pr|2018,,"Functional diversity of bees and plants in restored areas in the southern atlantic forest, in Antonina (PR)",2018,Caroline Lourenço de Almeida Ribeiro,LA Referencia (Red Federada de Repositorios Institucionales de Publicaciones Científicas),OpenAlex,Q5|Q6,OpenAlex:https://openalex.org/W7120447416,http://repositorio.utfpr.edu.br/jspui/handle/1/4639,2
bib_8d9c2612afb287c3,title-year:haitallisen vieraslajin komealupiinin lupinus polyphyllus lind ja alkuperäislaji hiirenvirnan vicia cracca l välinen kilpailu pölyttäjistä|2011,,Haitallisen vieraslajin komealupiinin (Lupinus polyphyllus Lind.) ja alkuperäislaji hiirenvirnan (Vicia cracca L.) välinen kilpailu pölyttäjistä,2011,Mari Kauppinen,Jyväskylä University Digital Archive (University of Jyväskylä),OpenAlex,Q5,OpenAlex:https://openalex.org/W2336417924,http://urn.fi/URN:NBN:fi:jyu-201201251069,1
bib_a3eab8cb096779c6,title-year:herbivore resistance and pollination implications for pollination and nectar robbing in a distylous plant|2006,,HERBIVORE RESISTANCE AND POLLINATION: IMPLICATIONS FOR POLLINATION AND NECTAR ROBBING IN A DISTYLOUS PLANT',2006,Rebecca E. Irwin; Lynn S. Adler,,OpenAlex,Q5,OpenAlex:https://openalex.org/W2398098277,https://www.jstor.org/stable/4125472,1
bib_49113f42a2132ffe,title-year:hidden conflict in pollination and its implications for diversification|2018,,Hidden conflict in pollination and its implications for diversification,2018,Foen Peng,ResearchWorks at the University of Washington (University of Washington),OpenAlex,Q3|Q5|Q6,OpenAlex:https://openalex.org/W2917533358,http://hdl.handle.net/1773/42974,3
bib_d934c15c7f2e7c08,title-year:implicaciones ecológicas y evolutivas del robo de néctar en ecosistemas neotropicales venezolanos|2017,,Implicaciones ecológicas y evolutivas del robo de néctar en ecosistemas neotropicales venezolanos,2017,Roxibell C. Pelayo,,OpenAlex,Q7,OpenAlex:https://openalex.org/W2775412905,http://hdl.handle.net/11093/914,1
bib_4e09c52a8398b669,title-year:implicacións ecolóxicas e evolutivas do roubo de néctar en ecosistemas neotropicais venezolanos|2017,,Implicacións ecolóxicas e evolutivas do roubo de néctar en ecosistemas neotropicais venezolanos,2017,Roxibell del C. Pelayo Escalona,Investigo Institutional repository of UVigo (Universidade de Vigo),OpenAlex,Q1|Q2|Q3|Q5|Q7,OpenAlex:https://openalex.org/W7141776022,http://hdl.handle.net/11093/914,5
bib_ef4e6fff6b2c1876,title-year:importance of bumble bee community evenness for crop pollination|2018,,Importance of bumble bee community evenness for crop pollination,2018,V. Suresh Babu,Epsilon Archive for Student Projects (University of Southampton),OpenAlex,Q3|Q6|Q7,OpenAlex:https://openalex.org/W2907881698,https://stud.epsilon.slu.se/13899/17/babu_v_181029.pdf,3
bib_e92356b1befec043,title-year:interaction between bombus terrestris and honeybees in red clover fields reduces abundance of other bumblebees and red clover yield|2016,,Interaction between Bombus terrestris and honeybees in red clover fields reduces abundance of other bumblebees and red clover yield,2016,Helene Totland Müller,BIBSYS Brage (BIBSYS (Norway)),OpenAlex,Q6|Q7,OpenAlex:https://openalex.org/W2565554637,http://hdl.handle.net/11250/2421522,2
bib_f964290255eebb3a,title-year:investigating the combined role of the introduced honeybee apis mellifera and magnet plants on the pollination of both native and exotic plants in australian ecosystems|2017,,Investigating the combined role of the introduced honeybee (Apis mellifera) and magnet plants on the pollination of both native and exotic plants in Australian ecosystems,2017,Amy‐Marie Gilpin,Research Online (University of Wollongong),OpenAlex,Q5,OpenAlex:https://openalex.org/W2736179544,https://ro.uow.edu.au/theses1/54,1
bib_ad2055db1e79fd59,title-year:investigations into host specific interactions and local adaptation in the mycorrhizal symbiosis|2014,,Investigations into host-specific interactions and local adaptation in the mycorrhizal symbiosis,2014,Jonathan B. González,ScholarWorks -A service of University of Vermont Libraries (University of Vermont),OpenAlex,Q1|Q4,OpenAlex:https://openalex.org/W1853531999,https://scholarworks.uvm.edu/graddis/324,2
bib_b573d1273826075f,title-year:is bee avoidance by bird pollinated flowers driven by nectar robbing in erica|2025,,Is bee‐avoidance by bird‐pollinated flowers driven by nectar robbing in Erica?,2025,Anina Coetzee; Colleen Lynda Seymour; Claire N. Spottiswoode; Michael David Pirie; Timotheüs van der Niet,Apollo (University of Cambridge),OpenAlex,Q1|Q4|Q5,OpenAlex:https://openalex.org/W7133281174,https://www.repository.cam.ac.uk/handle/1810/398896,3
bib_e8cbfb432982d57a,title-year:keanekaragaman makrozoobenthos di kawasan perairan kuala tanjung kecamatan medang deras kabupaten batubara|2011,,Keanekaragaman Makrozoobenthos Di Kawasan Perairan Kuala Tanjung Kecamatan Medang Deras Kabupaten Batubara,2011,Hotda Agnes Manik,,OpenAlex,Q3|Q5,OpenAlex:https://openalex.org/W36009830,http://repository.usu.ac.id/bitstream/123456789/26121/1/Appendix.pdf,2
bib_d870d18c2c1c9662,title-year:limiting factors of five rare plant species in mesic forests hawai i volcanoes national park|2010,,"Limiting factors of five rare plant species in mesic forests, Hawai`i Volcanoes National Park",2010,Linda W. Pratt; Joshua R. VanDeMark; Melody Euaparadorn,Lincoln (University of Nebraska),OpenAlex,Q5|Q6,OpenAlex:https://openalex.org/W2122528061,https://digitalcommons.unl.edu/usgsstaffpub/653,2
bib_d526274f7520ac8e,title-year:microsatellites to identify the impact of genetic parameters on bumblebee decline and genes associated with foraging|2015,,Microsatellites to identify the impact of genetic parameters on bumblebee decline and genes associated with foraging,2015,Kevin Maebe,Ghent University Academic Bibliography (Ghent University),OpenAlex,Q3|Q6,OpenAlex:https://openalex.org/W2281219460,https://biblio.ugent.be/publication/5852042,2
bib_ec086f6b25d243ce,title-year:morphological constraints and nectar robbing in three andean bumble bee species hymenoptera apidae bombini|2006,,"Morphological constraints and nectar robbing in three Andean bumble bee species (Hymenoptera, Apidae, Bombini)",2006,Andre J. Riveros; Edgar Javier Hernandez; Guiomar Nates‐Parra,LA Referencia (Red Federada de Repositorios Institucionales de Publicaciones Científicas),OpenAlex,Q5|Q6|Q7,OpenAlex:https://openalex.org/W2114285176|OpenAlex:https://openalex.org/W4387594663,https://doaj.org/article/362c737dee734d85809411bb57a59fdf|https://repository.urosario.edu.co/handle/10336/28153,5
bib_530b98813660638a,title-year:morphology and function of the drinking apparatus in hummingbirds|2014,,Morphology and Function of the Drinking Apparatus in Hummingbirds,2014,Alejandro Rico‐Guevara,OpenCommons at University of Connecticut (University of Connecticut),OpenAlex,Q1|Q6|Q7,OpenAlex:https://openalex.org/W128060380,https://opencommons.uconn.edu/dissertations/490,3
bib_8a64f038ca1ae924,title-year:moth pollination low seed set and vestigialization of attractive floral traits in abronia umbellata nyctaginaceae|2012,,"Moth pollination, low seed set, and vestigialization of attractive floral traits in Abronia umbellata (Nyctaginaceae)",2012,Laura A. D. Doubleday,QSpace (Queen's University Library),OpenAlex,Q3|Q4|Q5|Q6,OpenAlex:https://openalex.org/W2555360297,http://hdl.handle.net/1974/7423,4
bib_94cac85567b81c6d,title-year:nectarivore aided hybridization and its exploitation for productivity enhancement in pigeonpea|2016,,Nectarivore-aided Hybridization and its Exploitation for Productivity Enhancement in Pigeonpea,2016,K. B. Saxena; A. N. Tikle; Rajendra Kumar; Arbind Kumar Choudhary; B. Bahadur,Open Access Repository of ICRISAT (International Crops Research Institute for the Semi-Arid Tropics),OpenAlex,Q5|Q6,OpenAlex:https://openalex.org/W2509235321,http://oar.icrisat.org/9629/1/Outcrossing%20%20Pp%202016%20KBS%20%20pdf.pdf,2
bib_1f29705abf87f4d1,title-year:nutritional resources for pollinators from mass flowering crop cultivars|2017,,Nutritional resources for pollinators from mass-flowering crop cultivars,2017,Jonathan M. Carruthers,Rothamsted Repository (Rothamsted Repository),OpenAlex,Q4,OpenAlex:https://openalex.org/W2912348336,https://repository.rothamsted.ac.uk/download/9c300bc3bc66fef73039bfa05cb755cb8f51c9ac0e1d5cc3cf16cb441648f16a/3714572/JCarruthers%20PhD%20thesis.pdf,1
bib_90ae42a449f98247,title-year:optimization of pollination and fruit set in northern highbush blueberry|2017,,OPTIMIZATION OF POLLINATION AND FRUIT SET IN NORTHERN HIGHBUSH BLUEBERRY,2017,Matthew Arrington,Research Exchange (Washington State University),OpenAlex,Q1|Q3|Q4|Q5|Q6|Q7,OpenAlex:https://openalex.org/W2924185089,http://hdl.handle.net/2376/13045,6
bib_147daf9ff54e43fa,title-year:organizational change evidence of mergers and acquisitions an empirical case study of pan nordic logistics ab|2010,,Organizational Change: Evidence of Mergers and Acquisitions : An Empirical case study of Pan Nordic Logistics AB,2010,Kelechi Enyinna Ugwu,Diva portal (Dalarna University Library),OpenAlex,Q6,OpenAlex:https://openalex.org/W26005222,http://urn.kb.se/resolve?urn=urn:nbn:se:hj:diva-12319,1
bib_305763e4b06241f1,title-year:ornithophilous understory plant species and their interactions with hummingbirds|2014,,Ornithophilous understory plant species and their interactions with hummingbirds,2014,Raphael Vilela Timoteo da [UNIFESP] Silva,LA Referencia (Red Federada de Repositorios Institucionales de Publicaciones Científicas),OpenAlex,Q3|Q5|Q6,OpenAlex:https://openalex.org/W7120578489,http://repositorio.bc.ufg.br/tede/handle/tede/3521,3
bib_69ece913367c0af1,title-year:plant pollinator interactions in a changing climate|2011,,Plant-pollinator Interactions in a Changing Climate,2011,Jessica R. K. Forrest,TSpace (University of Toronto),OpenAlex,Q1|Q5|Q7,OpenAlex:https://openalex.org/W2762967195,http://hdl.handle.net/1807/29723,3
bib_22b1ddf442f05161,title-year:plant pollinator interactions in an ecological and evolutionary context the promising role of 3d printing technology and mathematical modeling|2017,,Plant-Pollinator Interactions in an Ecological and Evolutionary Context: The Promising Role of 3D-Printing Technology and Mathematical Modeling,2017,Eric O. Campos,ResearchWorks at the University of Washington (University of Washington),OpenAlex,Q5|Q6,OpenAlex:https://openalex.org/W2784835701,http://hdl.handle.net/1773/40492,2
bib_8d90fd962c8a5612,title-year:pollination biology of hawaiian scaevola goodeniaceae|2008,,Pollination biology of Hawaiian Scaevola (Goodeniaceae),2008,Michelle Elmore,ScholarSpace (University of Hawaii at Manoa),OpenAlex,Q3|Q5|Q7,OpenAlex:https://openalex.org/W2263734301,https://scholarspace.manoa.hawaii.edu/bitstreams/3b920133-763c-4966-bd1a-cfe2f7bfd40d/download,3
bib_43333183ae765711,title-year:pollination ecology and demography of a deceptive orchid|2013,,Pollination Ecology and Demography of a Deceptive Orchid,2013,Ryan P. Walsh,ScholarWorks@BGSU (Bowling Green State University),OpenAlex,Q4,OpenAlex:https://openalex.org/W389544953,https://scholarworks.bgsu.edu/bio_diss/59,1
bib_3f1660412c55f559,title-year:pollination ecology of agave palmeri in new mexico and landscape use of leptonycteris nivalis in relation to agaves|2012,,"Pollination ecology of Agave palmeri in New Mexico, and landscape use of Leptonycteris nivalis in relation to Agaves",2012,Angela E. England,UNM’s Digital Repository (University of New Mexico),OpenAlex,Q5,OpenAlex:https://openalex.org/W182965351,https://digitalrepository.unm.edu/biol_etds/31,1
bib_e14968ddf41343f3,title-year:pollination ecology of highbush blueberry agroecosystems|2012,,Pollination Ecology of Highbush Blueberry Agroecosystems.,2012,Shelley R. Rogers,NCSU Libraries Repository (North Carolina State University Libraries),OpenAlex,Q4|Q6|Q7,OpenAlex:https://openalex.org/W2523602178,http://www.lib.ncsu.edu/resolver/1840.16/7822,3
bib_b9ba5ee368f1aaf4,title-year:pollination of plectranthus l her lamiaceae along the eastern seaboard of southern africa|2009,,Pollination of Plectranthus L'Her. (Lamiaceae) along the Eastern seaboard of southern Africa.,2009,C.J. Potgieter,ResearchSpace (University of KwaZulu-Natal),OpenAlex,Q3|Q5|Q6|Q7|Q8,OpenAlex:https://openalex.org/W1483470435,http://hdl.handle.net/10413/1234,5
bib_5c5aa811ab557d4e,title-year:pollinator community and function in oilseed rape fields and in drought stressed grassland|2016,,Pollinator community and function: in oilseed rape fields and in drought-stressed grassland.,2016,Benjamin Blair Phillips,Open Research Exeter (University of Exeter),OpenAlex,Q4,OpenAlex:https://openalex.org/W2605209086,http://hdl.handle.net/10871/26823,1
bib_a8fc7d347ec141f2,title-year:pollinator visitation preference on native and non native congeneric plants|2005,,Pollinator visitation preference on native and non-native congeneric plants,2005,Nicole Cerqueira,"Library, Museums and Press - UDSpace (University of Delaware)",OpenAlex,Q4|Q5|Q6,OpenAlex:https://openalex.org/W3044193912,http://udspace.udel.edu/handle/19716/27345,3
bib_273fedb2c1dfd43c,title-year:pollinators of slender white prairieclover|2008,,Pollinators of slender white prairieclover,2008,April M. Pearce,Montana State University ScholarWorks (Montana State University),OpenAlex,Q4,OpenAlex:https://openalex.org/W83747254,https://scholarworks.montana.edu/xmlui/handle/1/2029,1
bib_e21c625f28dc19da,title-year:population genetics distributions and phenology of bombus latreille 1802 and xylocopa latreille 1802 hymenoptera apidae|2014,,"Population Genetics, Distributions and Phenology of Bombus Latreille, 1802 and Xylocopa Latreille, 1802 (Hymenoptera: Apidae)",2014,Amber D. Tripodi,Journal of the Arkansas Academy of Science,OpenAlex,Q1|Q2|Q3|Q6,OpenAlex:https://openalex.org/W2527632633,https://scholarworks.uark.edu/etd/2132,4
bib_9129bee4e43f71f9,title-year:quantifying context dependent outcomes of the interaction between silene stellata caryophyllaceae and its pollinating seed predator hadena ectypa noctuidae a potential mutualist|2012,,"QUANTIFYING CONTEXT-DEPENDENT OUTCOMES OF THE INTERACTION BETWEEN SILENE STELLATA (CARYOPHYLLACEAE) AND ITS POLLINATING SEED PREDATOR, HADENA ECTYPA (NOCTUIDAE), A POTENTIAL MUTUALIST",2012,"Kula, Abigail Rogers",University Libraries (University of Maryland),OpenAlex,Q3|Q4,OpenAlex:https://openalex.org/W7113477583,http://hdl.handle.net/1903/12597,2
bib_78d619cf798a16c8,title-year:reproduction and genetics in fragmented plant populations|2001,,Reproduction and genetics in fragmented plant populations,2001,Sheila H. Luijten,UvA-DARE (University of Amsterdam),OpenAlex,Q3|Q4|Q5,OpenAlex:https://openalex.org/W1506908102,https://handle.uba.uva.nl/personal/pure/en/publications/reproduction-and-genetics-in-fragmented-plant-populations(a39c3f8a-cfc8-4cfc-abec-31ce0e2f51a9).html,3
bib_e575d55d8590d6c7,title-year:reproductive biology of the invasive plant elaeagnus umbellata breeding system pollinators and implications for invasive spread|2013,,"Reproductive Biology of the invasive plant Elaeagnus umbellata: breeding system, pollinators, and implications for invasive spread",2013,Nathan M. Soley,OpenSIUC (Southern Illinois University Carbondale),OpenAlex,Q3|Q5|Q6|Q7,OpenAlex:https://openalex.org/W122431807,https://opensiuc.lib.siu.edu/theses/1164,4
bib_211da22e0352f04e,title-year:reproductive ecology and population genetics of myco heterotrophic plant species in the monotropoideae ericaceae|2008,,Reproductive ecology and population genetics of myco-heterotrophic plant species in the Monotropoideae (Ericaceae),2008,Matthew R. Klooster,OhioLink ETD Center (Ohio Library and Information Network),OpenAlex,Q4,OpenAlex:https://openalex.org/W125514623,http://rave.ohiolink.edu/etdc/view?acc_num=ucin1211900219,1
bib_747e1e4303458523,title-year:reproductive ecology of psychotria poeppigiana rubiaceae a comparative analysis between long styled and short styled plants|2009,,Reproductive ecology of Psychotria poeppigiana (Rubiaceae): a comparative analysis between long-styled and short-styled plants.,2009,Hamleth Valois‐Cuesta; D. Y. López-Perea; Z. Quinto-Valoyes,Actualidad Contable FACES,OpenAlex,Q3|Q5|Q6,OpenAlex:https://openalex.org/W2525519201,http://www.saber.ula.ve/handle/123456789/30060,3
bib_1c80fa089b80c777,title-year:resource quality and defense feeding behaviors and female territoriality in two species of tropical hummingbird|2016,,Resource Quality and Defense: Feeding Behaviors and Female Territoriality in Two Species of Tropical Hummingbird,2016,Briana Grether,School for International Training Digital Collections (School for International Training),OpenAlex,Q1,OpenAlex:https://openalex.org/W2621811046,https://digitalcollections.sit.edu/isp_collection/2473,1
bib_8676020bcfa1fe54,title-year:sistemas de polinização nos biomas brasileiros com ênfase nas interações entre abelhas e flores polinizadas por vibração|2023,,Sistemas de polinização nos biomas brasileiros com ênfase nas interações entre abelhas e flores polinizadas por vibração,2023,Lorena Bueno Valadão-Mendes,LA Referencia (Red Federada de Repositorios Institucionales de Publicaciones Científicas),OpenAlex,Q5,OpenAlex:https://openalex.org/W7119329919,https://orcid.org/0000-0002-3930-8673,1
bib_102e12ed52ce7157,title-year:some effects of variability in nectar renewal rates on the hummingbird foraging plant pollination mutualism|2000,,Some effects of variability in nectar renewal-rates on the hummingbird-foraging/plant-pollination mutualism,2000,Susan M. Wethington,UA Campus Repository (The University of Arizona),OpenAlex,Q1,OpenAlex:https://openalex.org/W640900286,http://hdl.handle.net/10150/284254,1
bib_8fc78916b3933b8d,title-year:stratégies de diversification végétale et interactions entre insectes bénéfiques floricoles quels impacts sur les communautés d ennemis naturels et de pollinisateurs et sur le contrôle biologique des phytophages|2020,,Stratégies de diversification végétale et interactions entre insectes bénéfiques floricoles : quels impacts sur les communautés d’ennemis naturels et de pollinisateurs et sur le contrôle biologique des phytophages ?,2020,Emma Jeavons,HAL (Le Centre pour la Communication Scientifique Directe),OpenAlex,Q7,OpenAlex:https://openalex.org/W3168184900,https://theses.hal.science/tel-03212545,1
bib_67fbc62984b1d671,title-year:sunflower pollinators in south dakota an evaluation of species composition abundance and influence on yield|2019,,"Sunflower Pollinators in South Dakota: An Evaluation of Species Composition, Abundance and Influence on Yield",2019,Mackenzie Mattern,Open PRAIRIE (South Dakota State University),OpenAlex,Q6|Q7,OpenAlex:https://openalex.org/W2994648960,https://openprairie.sdstate.edu/etd/3642,2
bib_58e2522f3786f9bc,title-year:systematic notes on asian birds 28 taxonomic comments on some south and south east asian members of the family nectariniidae|2002,,Systematic notes on Asian birds. 28. Taxonomic comments on some south and south-east Asian members of the family Nectariniidae,2002,Clive F. Mann,Data Archiving and Networked Services (DANS),OpenAlex,Q6,OpenAlex:https://openalex.org/W2105497535,https://repository.naturalis.nl/pub/220208,1
bib_6f775abc2d4a0b44,title-year:the breeding system and demography of the transvaal sesame bush sesamothamnus lugardii pedaliaceae|2019,,"The breeding system and demography of the Transvaal Sesame-bush, Sesamothamnus lugardii (Pedaliaceae)",2019,Alison Bijl,ResearchSpace (University of KwaZulu-Natal),OpenAlex,Q3|Q4|Q5|Q6|Q7,OpenAlex:https://openalex.org/W3096066085,https://researchspace.ukzn.ac.za/handle/10413/18781,5
bib_a9993e6de22b83c1,title-year:the ecological consequences and adaptive function of nectar secondary metabolites|2010,,The Ecological Consequences and Adaptive Function of Nectar Secondary Metabolites,2010,Jessamyn S. Manson,TSpace (University of Toronto),OpenAlex,Q5|Q6,OpenAlex:https://openalex.org/W1169004872,http://hdl.handle.net/1807/19290,2
bib_431f30101f65f611,title-year:the ecology and evolution of plant pollinator interactions in australian typhonium araceae|2019,,The ecology and evolution of plant-pollinator interactions in Australian Typhonium (Araceae),2019,Thomas D J Sayers,Minerva Access (University of Melbourne),OpenAlex,Q3|Q5,OpenAlex:https://openalex.org/W3003738315,http://hdl.handle.net/11343/227684,2
bib_afb2faf9d14ed80b,title-year:the ecology of pollination and nectar robbing in linaria vulgaris in the colorado rocky mountains|2004,,The ecology of pollination and nectar robbing in Linaria vulgaris in the Colorado Rocky Mountains,2004,Daniel Aureliano Newman,TSpace (University of Toronto),OpenAlex,Q5|Q6|Q7,OpenAlex:https://openalex.org/W7133015872,http://gateway.proquest.com/openurl?url_ver=Z39.88-2004=info:ofi/fmt:kev:mtx:dissertation=xri:pqm=xri:pqdiss:MQ95610,3
bib_d82ad3cef47987f3,title-year:the effect of aphids in parasitoid caterpillar plant interactions|2007,,The effect of aphids in parasitoid-caterpillar-plant interactions,2007,Amanda J. Lentz,VTechWorks (Virginia Tech),OpenAlex,Q5,OpenAlex:https://openalex.org/W2581271744,http://hdl.handle.net/10919/28409,1
bib_fbbf7a645df428d6,title-year:the effect of wild radish raphanus raphanistrum l flower morphology on the diversity abundance plant pollinator interactions and foraging behaviour of floral visitors in lesotho|2024,,"The effect of wild radish (Raphanus raphanistrum L.) flower morphology on the diversity, abundance, plant-pollinator interactions, and foraging behaviour of floral visitors in Lesotho.",2024,Kabelo Mohau,NUL Research and Publication,OpenAlex,Q3|Q4|Q5|Q6|Q7,OpenAlex:https://openalex.org/W7198416515,https://hdl.handle.net/20.500.14155/2125,5
bib_712d402a3aeb5faa,title-year:the effects of foliar damage on flower characteristics and pollinator visits in vicia faba|2002,,The effects of foliar damage on flower characteristics and pollinator visits in Vicia faba,2002,Almazbek Anarbekovich Orozumbekov,St Andrews Research Repository (St Andrews Research Repository),OpenAlex,Q1|Q4|Q5|Q6|Q7,OpenAlex:https://openalex.org/W3216294623,http://hdl.handle.net/10023/21851,5
bib_77cd0437e8d140bc,title-year:the effects of multiple mutualisms in the tropical perennial plant turnera|2015,,"The Effects of Multiple Mutualisms in the Tropical Perennial Plant, Turnera",2015,Emily M. Dutton,TSpace (University of Toronto),OpenAlex,Q5,OpenAlex:https://openalex.org/W2616638239,http://hdl.handle.net/1807/74685,1
bib_a8d31f54ddc397aa,title-year:the effects of nectar robbing on a plant pollinator mutualism and the evolution of nectar robbing and sociality in bees|2001,,The effects of nectar-robbing on a plant-pollinator mutualism and the evolution of nectar-robbing and sociality in bees,2001,Sarah Richardson,UA Campus Repository (The University of Arizona),OpenAlex,Q5|Q6|Q7|Q8,OpenAlex:https://openalex.org/W106826490,http://hdl.handle.net/10150/290257,4
bib_c674bcbb4658254c,title-year:the effects of nitrogen deposition on the vegetation and the pollinator community in calcareous grasslands|2025,,The effects of nitrogen deposition on the vegetation and the pollinator community in calcareous grasslands,2025,Willem Proesmans; Adam Vanbergen; Denis Michez,ORBi UMONS,OpenAlex,Q1|Q3|Q4|Q5|Q6,OpenAlex:https://openalex.org/W7133406274,https://orbi.umons.ac.be/handle/20.500.12907/54065,5
bib_7dee1285402927a9,title-year:the emission of volatile organic compounds vocs from rotting fruits and wilting flowers|2015,,The emission of volatile organic compounds (VOCs) from rotting fruits and wilting flowers.,2015,Charlene. Ragubeer,ResearchSpace (University of KwaZulu-Natal),OpenAlex,Q5,OpenAlex:https://openalex.org/W2582995605,http://hdl.handle.net/10413/13940,1
bib_9fbf9309a5ac6bd9,title-year:the evaluation of cuphea pulchra and cuphea schumannii as potential new ornamental crops for introduction into the floriculture industry|2004,,The evaluation of cuphea pulchra and cuphea schumannii as potential new ornamental crops for introduction into the Floriculture industry,2004,Jennifer Hrach Leopold,OhioLink ETD Center (Ohio Library and Information Network),OpenAlex,Q5,OpenAlex:https://openalex.org/W2594982184,http://rave.ohiolink.edu/etdc/view?acc_num=osu1092587225,1
bib_93c92b0d79b37794,title-year:the functional role of birds as pollinators in southern cape fynbos|2018,,The functional role of birds as pollinators in southern Cape fynbos.,2018,Kellyn J. Whitehead,ResearchSpace (University of KwaZulu-Natal),OpenAlex,Q3|Q4|Q5|Q6,OpenAlex:https://openalex.org/W2989723600,https://researchspace.ukzn.ac.za/handle/10413/16590,4
bib_774f778e359215cd,title-year:the good the bad and the flexible interactions of erysimum capitatum with pollinators and herbivores over space and time|2011,,"The good, the bad and the flexible: interactions of Erysimum capitatum with pollinators and herbivores over space and time",2011,Claire R. Lay,CU Scholar (University of Colorado Boulder),OpenAlex,Q4|Q5,OpenAlex:https://openalex.org/W2595382830,https://scholar.colorado.edu/concern/graduate_thesis_or_dissertations/ns064606n,2
bib_f6c45a2f5b923ce9,title-year:the gut microbiota of bumblebees a treasure chest of biodiversity and functionality|2017,,The gut microbiota of bumblebees : a treasure chest of biodiversity and functionality,2017,Jessy Praet,Ghent University Academic Bibliography (Ghent University),OpenAlex,Q6|Q7,OpenAlex:https://openalex.org/W2743042338,http://hdl.handle.net/1854/LU-8528479,2
bib_5d937429e3e38ce8,title-year:the potential of restored landfill sites to support pollinating insects|2009,,The potential of restored landfill sites to support pollinating insects,2009,Sam Tarrant,NECTAR - Northampton Electronic Collection of Thesis and Research (University of Northampton),OpenAlex,Q4,OpenAlex:https://openalex.org/W573003962,http://nectar.northampton.ac.uk/12080/1/The_Potential_of_Restored_Landfill_Sites_to_Support_Pollinating_Insects_Tarrant_S_2010_10349902_web.pdf,1
bib_2cdde778c3ee335b,title-year:the role of honeybee pollination in native new zealand plants|2021,,The Role of Honeybee Pollination in Native New Zealand Plants,2021,Jordyn Giddins,Tuwhera (Auckland University of Technology),OpenAlex,Q4|Q5|Q6|Q7,OpenAlex:https://openalex.org/W3177698956,https://hdl.handle.net/10292/14247,4
bib_77d46ba26a082c98,title-year:the role of morphology in diet and flower visitation by five species of cuban flower visiting bats|2013,,The Role of Morphology in Diet and Flower Visitation by Five Species of Cuban Flower-Visiting Bats,2013,Lindsey K. Clairmont,Scholarship@Western (Western University),OpenAlex,Q1|Q3|Q4|Q6|Q7,OpenAlex:https://openalex.org/W370135219,https://ir.lib.uwo.ca/etd/1704,5
bib_18c63d0d70eb4a2b,title-year:the role of pollen as a reward for learning in bees|2012,,The Role of Pollen as a Reward for Learning in Bees,2012,Elizabeth Nicholls,Open Research Exeter (University of Exeter),OpenAlex,Q6,OpenAlex:https://openalex.org/W775219592,http://hdl.handle.net/10036/3894,1
bib_0b56cca73495f9a5,title-year:the role of pollinator shifts in the floral diversification of iochroma solanaceae|2008,,The Role of Pollinator Shifts in the Floral Diversification of Iochroma (Solanaceae),2008,Stacey DeWitt Smith; Cécile Ané; David Baum,Lincoln (University of Nebraska),OpenAlex,Q1|Q3|Q5,OpenAlex:https://openalex.org/W7139564698,https://digitalcommons.unl.edu/bioscifacpub/113,3
bib_309b2c22a38cf0f6,title-year:the tactic and floral constancy of foraging bumblebees pure legitimate foragers pure nectar robbers and mixed tactic individuals visiting one or more host species|2017,,"The tactic and floral constancy of foraging bumblebees: pure legitimate foragers, pure nectar-robbers, and mixed tactic individuals visiting one or more host species",2017,Karen Wang,UA Campus Repository (The University of Arizona),OpenAlex,Q1|Q2|Q3|Q5|Q6|Q7|Q8,OpenAlex:https://openalex.org/W2803766558,http://hdl.handle.net/10150/626802,7
bib_b527b6c02b7567d8,title-year:the tree bumblebee bombus hypnorum ecology and genetics of a naturally colonising pollinator|2017,,"The Tree Bumblebee, Bombus hypnorum: ecology and genetics of a naturally colonising pollinator",2017,Liam P. Crowther,UEA Digital Repository (University of East Anglia),OpenAlex,Q6,OpenAlex:https://openalex.org/W2910571680,https://ueaeprints.uea.ac.uk/69534/1/LPCrowther_Thesis_2017.pdf,1
bib_90dbbffef62fede7,title-year:trends in nectar concentration and hummingbird visitation investigating different variables in three flowers of the ecuadorian cloud forest guzmania jaramilloi gasteranthus quitensis and besleria solanoides|2016,,"Trends in Nectar Concentration and Hummingbird Visitation: Investigating different variables in three flowers of the Ecuadorian Cloud Forest: Guzmania jaramilloi, Gasteranthus quitensis, and Besleria solanoides",2016,Sophie Wolbert,School for International Training Digital Collections (School for International Training),OpenAlex,Q1,OpenAlex:https://openalex.org/W2613608581,https://digitalcollections.sit.edu/isp_collection/2470,1
bib_17ab9400bd0f4abf,title-year:trends in nectar production and concentration of hummingbird pollinated flowers an investigation of three flowers of the ecuadorian cloud forest palicourea demissa mezobromelia capituligera and kohleria affinis|2019,,"Trends in Nectar Production and Concentration of Hummingbird-Pollinated Flowers: An investigation of three flowers of the Ecuadorian Cloud Forest: Palicourea demissa, Mezobromelia capituligera, and Kohleria affinis",2019,Grace Palmer,School for International Training Digital Collections (School for International Training),OpenAlex,Q1|Q7,OpenAlex:https://openalex.org/W3011913987,https://digitalcollections.sit.edu/isp_collection/3104,2
bib_9b56774e3769663f,title-year:vegetation diversification schemes and interactions among flower visiting beneficial insects which impacts on natural enemy and pollinator communities and on biological control of herbivores|2020,,Vegetation diversification schemes and interactions among flower-visiting beneficial insects : which impacts on natural enemy and pollinator communities and on biological control of herbivores?,2020,Emma Jeavons,theses.fr (ABES),OpenAlex,Q7,OpenAlex:https://openalex.org/W4393369772,http://www.theses.fr/2020REN1B037/document,1
bib_5d7f5a12e0063a39,title-year:島嶼における昆虫媒植物と訪花昆虫の相互関係|2010,,島嶼における昆虫媒植物と訪花昆虫の相互関係,2010,泰生 前田; ハンナンMd. A.; 龍一 宮永; 勝夫 郷右近,Institutional Repositories DataBase (IRDB),OpenAlex,Q7,OpenAlex:https://openalex.org/W7145186837,https://ir.lib.shimane-u.ac.jp/55151,1
bib_0417456ee8d1b291,title-year:海浜における送粉生態系の保全に関する研究 2 山陰地方の海浜性植物ハマゴウ クマツズラ科 における有剣類の送粉様式|2004,,海浜における送粉生態系の保全に関する研究(2)山陰地方の海浜性植物ハマゴウ(クマツズラ科)における有剣類の送粉様式,2004,泰生 前田; 憲二 北村; 圭司 松本,Institutional Repositories DataBase (IRDB),OpenAlex,Q6,OpenAlex:https://openalex.org/W634473722,https://ir.lib.shimane-u.ac.jp/55148,1
