frame_id,doi,title,year,source_dbs,query_ids,screen_status,known_study_id,known_direction,eligibility_status,direction,screening_notes
bib_285f0c14fc0f16a3,10.1002/ajb2.1082,Consequences of secondary nectar robbing for male components of plant reproduction,2018,OpenAlex,Q5,PENDING_FULLTEXT_ELIGIBILITY,,,PENDING,,
bib_c5d86de6097c10d1,10.1002/ajb2.1182,Consequences of multiple flower–insect interactions for subsequent plant–insect interactions and plant reproduction,2018,OpenAlex,Q4|Q5,PENDING_FULLTEXT_ELIGIBILITY,,,PENDING,,
bib_479450cf51792322,10.1002/ajb2.1238,Fitness benefits and costs of floral advertising traits: insights from rayed and rayless phenotypes of Anacyclus (Asteraceae),2019,OpenAlex,Q4|Q5,PENDING_FULLTEXT_ELIGIBILITY,,,PENDING,,
bib_f0d01dd1e72b3e96,10.1002/ajb2.1372,Genotype‐specific effects of ericoid mycorrhizae on floral traits and reproduction in Vaccinium corymbosum,2019,OpenAlex,Q1|Q4|Q5|Q7,PENDING_FULLTEXT_ELIGIBILITY,,,PENDING,,
bib_c1cc518860642935,10.1002/ajb2.1499,Pollination effectiveness of specialist and opportunistic nectar feeders influenced by invasive alien ants in the Seychelles,2020,OpenAlex,Q5,PENDING_FULLTEXT_ELIGIBILITY,,,PENDING,,
bib_6d52910902151bfe,10.1002/ajb2.1559,Light availability influences the intensity of nectar robbery and its effects on reproduction in a tropical shrub via multiple pathways,2020,OpenAlex,Q1|Q2|Q4|Q5,PENDING_FULLTEXT_ELIGIBILITY,,,PENDING,,
bib_2673b1025e35a810,10.1002/ajb2.16001,Architectural effects regulate resource allocation within the inflorescences with nonlinear blooming patterns,2022,OpenAlex,Q4|Q5|Q7,PENDING_FULLTEXT_ELIGIBILITY,,,PENDING,,
bib_e06a35d282f0ae17,10.1002/ajb2.16098,Intrafloral patterns of color and scent in Capparis spinosa L. and the ghosts of its selection past,2022,OpenAlex,Q5|Q6|Q7,PENDING_FULLTEXT_ELIGIBILITY,,,PENDING,,
bib_839ebc18b34b7acf,10.1002/ajb2.1613,Nectar addition changes pollinator behavior but not plant reproduction in pollen‐rewarding Lupinus argenteus,2021,OpenAlex,Q6,PENDING_FULLTEXT_ELIGIBILITY,,,PENDING,,
bib_57ca48a689e64aa3,10.1002/ajb2.16186,Among‐species variation in flower size determines florivory in the largest tropical wetland,2023,OpenAlex,Q4,PENDING_FULLTEXT_ELIGIBILITY,,,PENDING,,
bib_0c1b1917de3f8bf7,10.1002/ajb2.16190,Pollinators differ in their contribution to the male fitness of a self‐incompatible composite,2023,OpenAlex,Q5,PENDING_FULLTEXT_ELIGIBILITY,,,PENDING,,
bib_abe52a567c053752,10.1002/ajb2.1700,Incomplete reproductive isolation and low genetic differentiation despite floral divergence across varying geographic scales in Castilleja,2021,OpenAlex,Q1|Q5,PENDING_FULLTEXT_ELIGIBILITY,,,PENDING,,
bib_a449a7f910786fce,10.1002/ajb2.1826,"Habitat effects on reproductive phenotype, pollinator behavior, fecundity, and mating outcomes of a bumble bee–pollinated herb",2022,OpenAlex,Q4|Q5,PENDING_FULLTEXT_ELIGIBILITY,,,PENDING,,
bib_ba9f652e4967f0a6,10.1002/cbdv.202201139,Floral Phytochemistry: Impact of Volatile Organic Compounds and Nectar Secondary Metabolites on Pollinator Behavior and Health,2023,OpenAlex,Q4|Q6|Q7,PENDING_FULLTEXT_ELIGIBILITY,,,PENDING,,
bib_ec1bd0f30add1c1c,10.1002/ece3.10228,"Trait matching in a multi‐species geographic mosaic of leafflower plants, brood pollinators, and cheaters",2023,OpenAlex,Q5|Q6,PENDING_FULLTEXT_ELIGIBILITY,,,PENDING,,
bib_c10d1888842ae962,10.1002/ece3.10473,Morphological diversity and altitudinal differentiation of Aethopyga species,2023,OpenAlex,Q1|Q6,PENDING_FULLTEXT_ELIGIBILITY,,,PENDING,,
bib_a3a6203ff99a00d7,10.1002/ece3.10617,Bumblebee responses to variation in pollinator‐attracting traits of Vicia faba flowers,2023,OpenAlex,Q3|Q4|Q5|Q6,PENDING_FULLTEXT_ELIGIBILITY,,,PENDING,,
bib_eb2dc6bedf375e13,10.1002/ece3.10630,Is there silicon in flowers and what does it tell us?,2023,OpenAlex,Q4,PENDING_FULLTEXT_ELIGIBILITY,,,PENDING,,
bib_f87b458ec580ed60,10.1002/ece3.10714,Nectar robbing by bees affects the reproductive fitness of the distylous plant Tirpitzia sinensis (Linaceae),2023,OpenAlex,Q3|Q4,KNOWN_DIRECT_CORPUS_MATCH,Wang_et_al_2023_Tirpitzia,MIXED,KNOWN_ELIGIBLE_DIRECT,MIXED,matched_by=DOI
bib_393e0182cf9edeaf,10.1002/ece3.11187,The paradox of plant preference: The malaria vectors Anopheles gambiae and Anopheles coluzzii select suboptimal food sources for their survival and reproduction,2024,OpenAlex,Q5,PENDING_FULLTEXT_ELIGIBILITY,,,PENDING,,
bib_97e5e706fb5f9a6a,10.1002/ece3.11223,We know very little about pollination in the Platanthera Rich (Orchidaceae: Orchidoideae),2024,OpenAlex,Q4|Q5|Q6|Q7,PENDING_FULLTEXT_ELIGIBILITY,,,PENDING,,
bib_ed168938fc43d245,10.1002/ece3.1191,Changes in pollinator fauna affect altitudinal variation of floral size in a bumblebee‐pollinated herb,2014,OpenAlex,Q1|Q3|Q4|Q6,PENDING_FULLTEXT_ELIGIBILITY,,,PENDING,,
bib_c6e473fc78c4754d,10.1002/ece3.1410,When is it worth being a self‐compatible hermaphrodite? Context‐dependent effects of self‐pollination on female advantage in gynodioeciousSilene nutans,2015,OpenAlex,Q4,PENDING_FULLTEXT_ELIGIBILITY,,,PENDING,,
bib_b61ea0780c5981a7,10.1002/ece3.1803,"Seasonal changes in pollen limitation and femaleness along the snowmelt gradient in a distylous alpine herb,Primula modesta",2015,OpenAlex,Q7,PENDING_FULLTEXT_ELIGIBILITY,,,PENDING,,
bib_80efe9320e3042aa,10.1002/ece3.3258,Phenotypic selection on flowering phenology and pollination efficiency traits between Primula populations with different pollinator assemblages,2017,OpenAlex,Q3|Q4,PENDING_FULLTEXT_ELIGIBILITY,,,PENDING,,
bib_59520ae1408618ac,10.1002/ece3.4989,Pollinator parasites and the evolution of floral traits,2019,OpenAlex,Q6,PENDING_FULLTEXT_ELIGIBILITY,,,PENDING,,
bib_6bd7f877391d0eb6,10.1002/ece3.5201,The pollination system of the widely distributed mammal‐pollinated Mucuna macrocarpa (Fabaceae) in the tropics,2019,OpenAlex,Q4,PENDING_FULLTEXT_ELIGIBILITY,,,PENDING,,
bib_2d378d904bdd6741,10.1002/ece3.5539,How does urbanization affect the reproductive characteristics and ecological affinities of street plant communities?,2019,OpenAlex,Q1|Q3|Q4|Q5|Q6,PENDING_FULLTEXT_ELIGIBILITY,,,PENDING,,
bib_5ce347e62b70a0b9,10.1002/ece3.5942,Ecological fitting is a sufficient driver of tight interactions between sunbirds and ornithophilous plants,2020,OpenAlex,Q6,PENDING_FULLTEXT_ELIGIBILITY,,,PENDING,,
bib_f992d55a3a0d1363,10.1002/ece3.6396,The contribution of multiple barriers to reproduction between edaphically divergent lineages in the Amazonian tree Protium subserratum (Burseraceae),2020,OpenAlex,Q5,PENDING_FULLTEXT_ELIGIBILITY,,,PENDING,,
bib_e92c4350f36aaf9b,10.1002/ece3.70279,Ornithophily in the trumpet creeper ( Campsis radicans ),2024,OpenAlex,Q1|Q2|Q4|Q5|Q6,PENDING_FULLTEXT_ELIGIBILITY,,,PENDING,,
bib_b374667848db261c,10.1002/ece3.70674,"Nectar‐Feeding Behavior in the Mallee Ringneck, Barnardius zonarius barnardi",2025,OpenAlex,Q5,PENDING_FULLTEXT_ELIGIBILITY,,,PENDING,,
bib_e43a872e32a3d3a1,10.1002/ece3.71717,"Landscape‐Wide Metabarcoding Shows Interactions Among the Gut Microbiome and Pollen Diversity in the Invasive Bumblebee, Bombus terrestris",2025,OpenAlex,Q6,PENDING_FULLTEXT_ELIGIBILITY,,,PENDING,,
bib_9dd54c4740d04b44,10.1002/ece3.72133,"Floral Integration and Phenotypic Selection on Floral Traits of Ipomoea cavalcantei (Convolvulaceae), a Rare, Endemic, and Endangered Species to the Amazon Ironstone Outcrops",2025,OpenAlex,Q3|Q5,PENDING_FULLTEXT_ELIGIBILITY,,,PENDING,,
bib_96d70e34611cec03,10.1002/ece3.72812,Study on Floral Syndrome and Breeding System of an Endangered Species Rhododendron nymphaeoides,2025,OpenAlex,Q5|Q6,PENDING_FULLTEXT_ELIGIBILITY,,,PENDING,,
bib_590f6b0d1ab607fc,10.1002/ece3.73933,Nectar Robbery by Native and Invasive Bumblebees Reduces Floral Rewards but Not Seed Production in Desfontainia fulgens,2026,OpenAlex,Q1|Q2|Q4|Q5|Q7,PENDING_FULLTEXT_ELIGIBILITY,,,PENDING,,
bib_06f3796a44417123,10.1002/ece3.74123,Mutualism and Antagonism in a Post‐Extinction Hawaiian Bird–Lobelioid Pollination System,2026,OpenAlex,Q1|Q3|Q5|Q6,PENDING_FULLTEXT_ELIGIBILITY,,,PENDING,,
bib_298cf66f26e33b31,10.1002/ece3.8068,Novel nectar robbing negatively affects reproduction in Digitalis purpurea,2021,OpenAlex,Q3|Q6|Q7,PENDING_FULLTEXT_ELIGIBILITY,,,PENDING,,
bib_f87b6e260ebc68d8,10.1002/ece3.8325,Effects of different types of low‐intensity management on plant‐pollinator interactions in Estonian grasslands,2021,OpenAlex,Q4|Q6|Q7,PENDING_FULLTEXT_ELIGIBILITY,,,PENDING,,
bib_5d3f66010fed371e,10.1002/ece3.8490,Why flowers close at noon? A case study of an alpine species Gentianopsis paludosa (Gentianaceae),2022,OpenAlex,Q4,PENDING_FULLTEXT_ELIGIBILITY,,,PENDING,,
bib_d038e6ef02c368ef,10.1002/ece3.8686,Insect pest damage increases faba bean (Vicia faba) yield components but only in the absence of insect pollination,2022,OpenAlex,Q6|Q7,PENDING_FULLTEXT_ELIGIBILITY,,,PENDING,,
bib_1c825f19ad8140d3,10.1002/ece3.8988,Floral phenology of an Andean bellflower and pollination by buff‐tailed sicklebill hummingbird,2022,OpenAlex,Q4|Q5|Q6,PENDING_FULLTEXT_ELIGIBILITY,,,PENDING,,
bib_08f3febf7b74c8c1,10.1002/ece3.9795,Spatial variation of pollen receipt and effects of heterospecific pollen on seed set in Salvia przewalskii,2023,OpenAlex,Q3,PENDING_FULLTEXT_ELIGIBILITY,,,PENDING,,
bib_847608ef312bbe1a,10.1002/ece3.9920,Features of floral odor and nectar in the distylous Luculia pinceana (Rubiaceae) promote compatible pollination by hawkmoths,2023,OpenAlex,Q3|Q6|Q7,PENDING_FULLTEXT_ELIGIBILITY,,,PENDING,,
bib_8bc876f4e67a3294,10.1002/ecog.07956,Generalised bumblebee–flower interactions demonstrate weak floral niche partitioning despite a high bee diversity,2025,OpenAlex,Q3|Q6|Q7,PENDING_FULLTEXT_ELIGIBILITY,,,PENDING,,
bib_decb32498daa21fd,10.1002/ecs2.1326,Florivory shapes both leaf and floral interactions,2016,OpenAlex,Q4,PENDING_FULLTEXT_ELIGIBILITY,,,PENDING,,
bib_b4dba108c4080830,10.1002/ecs2.2459,Legitimate visitors and nectar robbers of Aquilegia formosa have different effects on nectar bacterial communities,2018,OpenAlex,Q5,PENDING_FULLTEXT_ELIGIBILITY,,,PENDING,,
bib_7e7a10a2518d795c,10.1002/ecs2.2943,"Geographic isolation, pollination syndromes, and pollinator generalization in HimalayanRoscoeaspp. (Zingiberaceae)",2019,OpenAlex,Q1|Q3|Q4|Q5|Q6,PENDING_FULLTEXT_ELIGIBILITY,,,PENDING,,
bib_29c95ac40ffb1555,10.1002/ecs2.3251,Seasonal change of flower sex ratio and pollinator dynamics in three reproductive ecotypes of protandrous plant,2020,OpenAlex,Q3|Q4|Q5,PENDING_FULLTEXT_ELIGIBILITY,,,PENDING,,
bib_38ab642e150f9554,10.1002/ecs2.3416,Do plant ploidy and pollinator tongue length interact to cause low seed yield in red clover?,2021,OpenAlex,Q3|Q4|Q6|Q7,PENDING_FULLTEXT_ELIGIBILITY,,,PENDING,,
bib_17656738a56de327,10.1002/ecs2.4077,Nectar robbing rather than pollinator availability constrains reproduction of a bee‐flowered plant at high elevations,2022,OpenAlex,Q3|Q5|Q7,PENDING_FULLTEXT_ELIGIBILITY,,,PENDING,,
bib_80b024b00c232493,10.1002/ecs2.4696,Cheaters among pollinators: Nectar robbing and thieving vary spatiotemporally with floral traits in Afrotropical forests,2023,OpenAlex,Q3|Q6,PENDING_FULLTEXT_ELIGIBILITY,,,PENDING,,
bib_30b5a341b998d017,10.1002/ecy.2395,Costs and benefits of alternative food handling tactics help explain facultative exploitation of pollination mutualisms,2018,OpenAlex,Q6|Q7,PENDING_FULLTEXT_ELIGIBILITY,,,PENDING,,
bib_0ba4f0d212e7a4e0,10.1002/ecy.2553,Flower movement balances pollinator needs and pollen protection,2018,OpenAlex,Q6|Q7,PENDING_FULLTEXT_ELIGIBILITY,,,PENDING,,
bib_7e1ffdc9352e7846,10.1002/ecy.2707,A meta‐analysis of herbivore effects on plant attractiveness to pollinators,2019,OpenAlex,Q3|Q4|Q6,PENDING_FULLTEXT_ELIGIBILITY,,,PENDING,,
bib_ae1f37c1bc15ea92,10.1002/evl3.262,Pollinators and herbivores interactively shape selection on strawberry defence and attraction,2021,OpenAlex,Q4,PENDING_FULLTEXT_ELIGIBILITY,,,PENDING,,
bib_1989f5cd1b3d0711,10.1002/oik.11482,Attractiveness of exotic invasive plants can disconnect native plants from their floral visitors,2025,OpenAlex,Q5|Q6,PENDING_FULLTEXT_ELIGIBILITY,,,PENDING,,
bib_715d8d39ac447e3e,10.1002/oik.11552,Trait matching affects the probability of nectar robbing in plant–pollinator networks,2025,OpenAlex,Q3,PENDING_FULLTEXT_ELIGIBILITY,,,PENDING,,
bib_c2c39b498d9d8a60,10.1006/anbo.2001.1485,Reproductive Isolation in a Native Population of Petunia sensu Jussieu (Solanaceae),2001,OpenAlex,Q3|Q6,PENDING_FULLTEXT_ELIGIBILITY,,,PENDING,,
bib_b09cdba9ed695282,10.1007/s00040-014-0366-2,Getting to the start line: how bumblebees and honeybees are visually guided towards their first floral contact,2014,OpenAlex,Q4|Q6,PENDING_FULLTEXT_ELIGIBILITY,,,PENDING,,
bib_a3c6a13e183fd63b,10.1007/s00049-018-0252-x,Bacteria colonising Penstemon digitalis show volatile and tissue-specific responses to a natural concentration range of the floral volatile linalool,2018,OpenAlex,Q4,PENDING_FULLTEXT_ELIGIBILITY,,,PENDING,,
bib_65293128d00b8ffa,10.1007/s00122-021-03832-z,Paternal outcrossing success differs among faba bean genotypes and impacts breeding of synthetic cultivars,2021,OpenAlex,Q4,PENDING_FULLTEXT_ELIGIBILITY,,,PENDING,,
bib_b631934c9348f0a0,10.1007/s00248-022-02078-6,Nectar-Inhabiting Bacteria Affect Olfactory Responses of an Insect Parasitoid by Altering Nectar Odors,2022,OpenAlex,Q5,PENDING_FULLTEXT_ELIGIBILITY,,,PENDING,,
bib_6a22f44e4d119796,10.1007/s00248-026-02741-2,"Filth Flies, Flowers and Food: Pollination by Flies (Calliphoridae) Does Not Affect the Strawberry Microbiome",2026,OpenAlex,Q5,PENDING_FULLTEXT_ELIGIBILITY,,,PENDING,,
bib_3665acd6ed0c0891,10.1007/s00265-021-03067-4,What is that smell? Hummingbirds avoid foraging on resources with defensive insect compounds,2021,OpenAlex,Q7,PENDING_FULLTEXT_ELIGIBILITY,,,PENDING,,
bib_9ab6c96492a9e0c4,10.1007/s00359-019-01347-z,A matter of taste: the adverse effect of pollen compounds on the pre-ingestive gustatory experience of sugar solutions for honeybees,2019,OpenAlex,Q6,PENDING_FULLTEXT_ELIGIBILITY,,,PENDING,,
bib_607252b26b44ef4c,10.1007/s00425-019-03168-5,Nectar composition in moth-pollinated Platanthera bifolia and P. chlorantha and its importance for reproductive success,2019,OpenAlex,Q3|Q6,PENDING_FULLTEXT_ELIGIBILITY,,,PENDING,,
bib_761897f439674519,10.1007/s00435-020-00507-z,Measuring proboscis length in Lepidoptera: a review,2020,OpenAlex,Q2|Q3|Q6,PENDING_FULLTEXT_ELIGIBILITY,,,PENDING,,
bib_22cb3b2bdce6e2d4,10.1007/s00442-012-2290-3,Optimizing size thresholds in a plant–pollinator interaction web: towards a mechanistic understanding of ecological networks,2012,OpenAlex,Q3|Q6|Q7,PENDING_FULLTEXT_ELIGIBILITY,,,PENDING,,
bib_a45146e002f9612e,10.1007/s00442-013-2797-2,Plant–animal interactions in suburban environments: implications for floral evolution,2013,OpenAlex,Q1|Q5,KNOWN_DIRECT_CORPUS_MATCH,Irwin_Warren_Carper_Adler_2014,POSITIVE,KNOWN_ELIGIBLE_DIRECT,POSITIVE,matched_by=DOI
bib_1b6e6ba215f999f7,10.1007/s00442-025-05718-z,Pollination efficiency of hummingbirds and flowerpiercers at the flowers of Lobelia laxiflora (Campanulaceae): morphological fit matters,2025,OpenAlex,Q1|Q3|Q6,PENDING_FULLTEXT_ELIGIBILITY,,,PENDING,,
bib_e8bd4df2fe17833d,10.1007/s004420000580,Causes and consequences of floral damage in Aconitum lycoctonum at high and low elevations in Switzerland,2001,OpenAlex,Q7,PENDING_FULLTEXT_ELIGIBILITY,,,PENDING,,
bib_95d9afb20c3ec0bf,10.1007/s004420100640,Preferential nectar robbing of flowers with long corollas: experimental studies of two hummingbird species visiting three plant species,2001,OpenAlex,Q1|Q6,KNOWN_DIRECT_CORPUS_MATCH,Lara_Ornelas_2001,POSITIVE,KNOWN_ELIGIBLE_DIRECT,POSITIVE,matched_by=DOI
bib_b08ee59b8d6f2971,10.1007/s00606-013-0794-x,Pollinators and nectar robbers cause directional selection for large spur circle in Impatiens oxyanthera (Balsaminaceae),2013,OpenAlex,Q1,PENDING_FULLTEXT_ELIGIBILITY,,,PENDING,,
bib_19293da9e4c1d3f6,10.1007/s00606-018-1543-y,Pollination biology and breeding system in five nocturnal species of Oenothera (Onagraceae): reproductive assurance and opportunities for outcrossing,2018,OpenAlex,Q6,PENDING_FULLTEXT_ELIGIBILITY,,,PENDING,,
bib_faca2a49cbc3bda9,10.1007/s00709-015-0794-5,Comparative floral spur anatomy and nectar secretion in four representatives of Ranunculaceae,2015,OpenAlex,Q5|Q6,PENDING_FULLTEXT_ELIGIBILITY,,,PENDING,,
bib_1cec6c1296949236,10.1007/s00709-015-0902-6,Floral nectar production and carbohydrate composition and the structure of receptacular nectaries in the invasive plant Bunias orientalis L. (Brassicaceae),2015,OpenAlex,Q5|Q7,PENDING_FULLTEXT_ELIGIBILITY,,,PENDING,,
bib_cf088b9f69604a52,10.1007/s00709-018-1269-2,Micromorphological and histochemical attributes of flowers and floral reward in Linaria vulgaris (Plantaginaceae),2018,OpenAlex,Q4|Q7,PENDING_FULLTEXT_ELIGIBILITY,,,PENDING,,
bib_a59575cb1b44f3ec,10.1007/s10265-021-01299-z,Corolla stickiness prevents nectar robbing in Erica,2021,OpenAlex,Q1,PENDING_FULLTEXT_ELIGIBILITY,,,PENDING,,
bib_cc5c27d89b5b08bd,10.1007/s10265-026-01722-3,Nectar robbing as a mechanism of biotic resistance against an invasive plant in the Galápagos Islands,2026,OpenAlex,Q1|Q3|Q4|Q5,KNOWN_DIRECT_CORPUS_MATCH,Navarro_Gomez_2026,POSITIVE,KNOWN_ELIGIBLE_DIRECT,POSITIVE,matched_by=DOI
bib_f0e0efaf30f230ab,10.1007/s10336-014-1146-5,Morphological and behavioural adaptations to feed on nectar: how feeding ecology determines the diversity and composition of hummingbird assemblages,2014,OpenAlex,Q1|Q3|Q4|Q6,PENDING_FULLTEXT_ELIGIBILITY,,,PENDING,,
bib_d0960d952cfda607,10.1007/s10526-023-10237-y,The indirect effect of nectar-inhabiting yeasts on olfactory responses and longevity of two stink bug egg parasitoids,2024,OpenAlex,Q5,PENDING_FULLTEXT_ELIGIBILITY,,,PENDING,,
bib_e83af757d425f52c,10.1007/s10531-025-03225-4,Functional redundancy in invertebrate pollinator-predator networks supports conservation of a threatened North American orchid: a case study of Platanthera integrilabia,2026,OpenAlex,Q4|Q5|Q6,PENDING_FULLTEXT_ELIGIBILITY,,,PENDING,,
bib_6691639ffcff2e30,10.1007/s10539-023-09929-7,The evolution of multispecies populations: a multilevel selection perspective,2023,OpenAlex,Q6,PENDING_FULLTEXT_ELIGIBILITY,,,PENDING,,
bib_af396e6c4c55339a,10.1007/s10646-023-02720-0,Seed treatment with clothianidin induces changes in plant metabolism and alters pollinator foraging preferences,2023,OpenAlex,Q4|Q6,PENDING_FULLTEXT_ELIGIBILITY,,,PENDING,,
bib_c591cbc7db4ecdc4,10.1007/s10682-014-9736-5,Long corollas as nectar barriers in Lonicera implexa: interactions between corolla tube length and nectar volume,2015,OpenAlex,Q1|Q3,KNOWN_DIRECT_CORPUS_MATCH,Lazaro_Vignolo_Santamaria_2015,POSITIVE,KNOWN_ELIGIBLE_DIRECT,POSITIVE,matched_by=DOI
bib_3b5f153ee09fa90f,10.1007/s10682-017-9916-1,Nectar discovery speeds and multimodal displays: assessing nectar search times in bees with radiating and non-radiating guides,2017,OpenAlex,Q6,PENDING_FULLTEXT_ELIGIBILITY,,,PENDING,,
bib_60879bff3b334163,10.1007/s10682-018-9962-3,The relative strength of different floral visitors driving floral evolution within a Primula secundiflora population,2018,OpenAlex,Q3,PENDING_FULLTEXT_ELIGIBILITY,,,PENDING,,
bib_1c14ba99688aeaea,10.1007/s10886-020-01213-2,Herbivory and Time Since Flowering Shape Floral Rewards and Pollinator-Pathogen Interactions,2020,OpenAlex,Q6,PENDING_FULLTEXT_ELIGIBILITY,,,PENDING,,
bib_c2d712c76a28a1f8,10.1007/s10980-021-01261-3,Identity of mass-flowering crops moderates functional trait composition of pollinator communities,2021,OpenAlex,Q6|Q7,PENDING_FULLTEXT_ELIGIBILITY,,,PENDING,,
bib_08e02fa6a4e05955,10.1007/s10980-024-01899-9,"Multiscale spatial analysis of two plant–insect interactions: effects of landscape, resource distribution, and other insects",2024,OpenAlex,Q5,PENDING_FULLTEXT_ELIGIBILITY,,,PENDING,,
bib_e853bd19965ea539,10.1007/s11101-019-09642-y,For antagonists and mutualists: the paradox of insect toxic secondary metabolites in nectar and pollen,2019,OpenAlex,Q6|Q7,PENDING_FULLTEXT_ELIGIBILITY,,,PENDING,,
bib_f57b127a34a8ca71,10.1007/s11248-024-00394-w,Mosquito pollination of plants: an overview of their role and an assessment of the possible contribution of disease vectors,2024,OpenAlex,Q6,PENDING_FULLTEXT_ELIGIBILITY,,,PENDING,,
bib_e31cad209df874fe,10.1007/s11252-026-01950-4,"Wild bees (hymenoptera, apoidea, anthophila) and flowers: evaluation of visit frequencies in urban nature reserves in Rome",2026,OpenAlex,Q4|Q6|Q7,PENDING_FULLTEXT_ELIGIBILITY,,,PENDING,,
bib_aa03f4a83b6f4802,10.1007/s11252-026-01991-9,Green area size rather than urbanization ecological index modulates the specialization of flower-visitor networks of Leguminosae trees in a tropical metropolis in Brazil,2026,OpenAlex,Q5,PENDING_FULLTEXT_ELIGIBILITY,,,PENDING,,
bib_4f3e9da01e33c940,10.1007/s11258-021-01162-0,Exotic insect pollinators and native pollination systems,2021,OpenAlex,Q6,PENDING_FULLTEXT_ELIGIBILITY,,,PENDING,,
bib_cd80626dea867f6c,10.1007/s11284-008-0481-5,"Floral traits variation, legitimate pollination, and nectar robbing in Polygala vayredae (Polygalaceae)",2008,OpenAlex,Q4|Q5,KNOWN_DIRECT_CORPUS_MATCH,Castro_Silveira_Navarro_2009,MIXED,KNOWN_ELIGIBLE_DIRECT,MIXED,matched_by=DOI
bib_7faf7004c1a8365f,10.1007/s11284-013-1051-z,Community‐dependent foraging habits of flower visitors: cascading indirect interactions among five bumble bee species,2013,OpenAlex,Q7,PENDING_FULLTEXT_ELIGIBILITY,,,PENDING,,
bib_7479dc293e92515b,10.1007/s11829-015-9379-7,The ecological role of extremely long-proboscid Neotropical butterflies (Lepidoptera: Hesperiidae) in plant-pollinator networks,2015,OpenAlex,Q2|Q3|Q5|Q6,PENDING_FULLTEXT_ELIGIBILITY,,,PENDING,,
bib_01630e2922d20823,10.1007/s11829-017-9525-5,Pollen and stamen mimicry: the alpine flora as a case study,2017,OpenAlex,Q4|Q6,PENDING_FULLTEXT_ELIGIBILITY,,,PENDING,,
bib_4a947b1382781475,10.1007/s11829-020-09742-z,Floral temperature patterns can function as floral guides,2020,OpenAlex,Q6,PENDING_FULLTEXT_ELIGIBILITY,,,PENDING,,
bib_ad44b35837e7a16f,10.1007/s11829-021-09843-3,Attraction of florivores and larcenists and interaction between antagonists in Senna rugosa (Fabaceae),2021,OpenAlex,Q4,PENDING_FULLTEXT_ELIGIBILITY,,,PENDING,,
bib_0134dcf1a8d99b83,10.1007/s11829-022-09895-z,Bumblebee floral neighbors promote nectar robbing in a hummingbird-pollinated plant species in Patagonia,2022,OpenAlex,Q7,PENDING_FULLTEXT_ELIGIBILITY,,,PENDING,,
bib_3a3b2e5f43b5f427,10.1007/s11829-025-10131-7,Experimental florivory and its effects on pollinators of Opuntia cantabrigiensis Lynch (Cactaceae),2025,OpenAlex,Q4|Q5,PENDING_FULLTEXT_ELIGIBILITY,,,PENDING,,
bib_977156751b780dc2,10.1007/s11829-025-10162-0,Leaky pollination barrier in edaphic vicarious alpine plants,2025,OpenAlex,Q3|Q5,PENDING_FULLTEXT_ELIGIBILITY,,,PENDING,,
bib_dcdd42f20d4dd53f,10.1007/s11829-025-10170-0,Drought stress and intercropping affect pollinator behavior via altered plant and flower traits in a legume,2025,OpenAlex,Q3|Q4|Q7,PENDING_FULLTEXT_ELIGIBILITY,,,PENDING,,
bib_3afe5a95fe10d836,10.1007/s11829-026-10255-4,Effect of soil water deficit on flowers and plant-pollinator interactions of two blueberry cultivars,2026,OpenAlex,Q1|Q4|Q5|Q6,PENDING_FULLTEXT_ELIGIBILITY,,,PENDING,,
bib_a02a63a3f1467685,10.1007/s13592-014-0326-x,Do queens of bumblebee species differ in their choice of flower colour morphs of Corydalis cava (Fumariaceae)?,2014,OpenAlex,Q5|Q6|Q7,PENDING_FULLTEXT_ELIGIBILITY,,,PENDING,,
bib_b9570129a74f5aa7,10.1007/s13592-021-00895-1,Nectar concentrating behavior by bees (Hymenoptera: Anthophila),2021,OpenAlex,Q6|Q7,PENDING_FULLTEXT_ELIGIBILITY,,,PENDING,,
bib_ac935441f5619bb1,10.1007/s13592-022-00944-3,Deconstructing and contextualizing foraging behavior in bumble bees and other central place foragers,2022,OpenAlex,Q7,PENDING_FULLTEXT_ELIGIBILITY,,,PENDING,,
bib_a4fb6e5b76fb2a53,10.1007/s13592-023-01024-w,A scientific note on pollinators’ ability to overcome exploitation barriers: deep hummingbird-evolved corollas and small-sized bees,2023,OpenAlex,Q1,PENDING_FULLTEXT_ELIGIBILITY,,,PENDING,,
bib_b786d97cd47fc736,10.1007/s13592-024-01138-9,Why bumblebees have become model species in apidology: A brief history and perspectives,2025,OpenAlex,Q6,PENDING_FULLTEXT_ELIGIBILITY,,,PENDING,,
bib_1c336d52469ecbc3,10.1007/s13592-026-01300-5,Integrating morphological and molecular perspectives on foraging tactic constancy in a nectar-robbing bumble bee,2026,OpenAlex,Q3|Q6|Q7,PENDING_FULLTEXT_ELIGIBILITY,,,PENDING,,
bib_90d8147239d29ccd,10.1007/s13593-015-0342-x,Weed-insect pollinator networks as bio-indicators of ecological sustainability in agriculture. A review,2016,OpenAlex,Q5|Q6|Q7,PENDING_FULLTEXT_ELIGIBILITY,,,PENDING,,
bib_43a4db1f247f08e3,10.1007/s42690-020-00323-4,Disentangling the path of pollinator attraction in temporarily colored flowers,2020,OpenAlex,Q4,PENDING_FULLTEXT_ELIGIBILITY,,,PENDING,,
bib_22eddb2655f9524b,10.1007/s44372-025-00359-1,Management reduces floral damage by bees and beetles in Cereus jamacaru DC. (Cactaceae) in the Caatinga dry forest,2025,OpenAlex,Q4|Q5,PENDING_FULLTEXT_ELIGIBILITY,,,PENDING,,
bib_16625e756d3fd68d,10.1016/bs.aecr.2016.10.007,Massively Introduced Managed Species and Their Consequences for Plant–Pollinator Interactions,2017,OpenAlex,Q5|Q7,PENDING_FULLTEXT_ELIGIBILITY,,,PENDING,,
bib_bacb02d22e086c49,10.1016/bs.aecr.2020.08.001,Invasive bees and their impact on agriculture,2020,OpenAlex,Q6|Q7,PENDING_FULLTEXT_ELIGIBILITY,,,PENDING,,
bib_b1dd533e7f395e99,10.1016/j.actao.2019.03.006,"The presence of a larval honey bee parasite, Ascosphaera apis, on flowers reduces pollinator visitation to several plant species",2019,OpenAlex,Q6,PENDING_FULLTEXT_ELIGIBILITY,,,PENDING,,
bib_f69f1011e986b2fb,10.1016/j.actao.2020.103557,Does pollination syndrome reflect pollinator efficiency in Silene nutans?,2020,OpenAlex,Q4|Q6,PENDING_FULLTEXT_ELIGIBILITY,,,PENDING,,
bib_828ac70a5c49bce0,10.1016/j.agee.2020.107189,"Landscape crop diversity and semi-natural habitat affect crop pollinators, pollination benefit and yield",2020,OpenAlex,Q6|Q7,PENDING_FULLTEXT_ELIGIBILITY,,,PENDING,,
bib_2141768160a0ed13,10.1016/j.agee.2021.107417,Landscape complexity benefits bumble bee visitation in faba bean (Vicia faba minor L.) but crop productivity is not pollinator-dependent,2021,OpenAlex,Q6|Q7,PENDING_FULLTEXT_ELIGIBILITY,,,PENDING,,
bib_5e7b037d0c476e76,10.1016/j.agee.2021.107447,Using ecological and field survey data to establish a national list of the wild bee pollinators of crops,2021,OpenAlex,Q6|Q7,PENDING_FULLTEXT_ELIGIBILITY,,,PENDING,,
bib_e742498a221d5995,10.1016/j.agee.2021.107648,Supporting wild pollinators in agricultural landscapes through targeted legume mixtures,2021,OpenAlex,Q5|Q6|Q7,PENDING_FULLTEXT_ELIGIBILITY,,,PENDING,,
bib_06d7ed566d4bceca,10.1016/j.agee.2021.107754,Annual flower strips and honeybee hive supplementation differently affect arthropod guilds and ecosystem services in a mass-flowering crop,2021,OpenAlex,Q5,PENDING_FULLTEXT_ELIGIBILITY,,,PENDING,,
bib_126c39175772c1a1,10.1016/j.agee.2023.108410,"Wild plants in hedgerows and weeds in crop fields are important floral resources for wild flower-visiting insects, independently of the presence of intercrops",2023,OpenAlex,Q5|Q7,PENDING_FULLTEXT_ELIGIBILITY,,,PENDING,,
bib_58019e08f7edbfc6,10.1016/j.anbehav.2022.08.013,Do bumble bees play?,2022,OpenAlex,Q6,PENDING_FULLTEXT_ELIGIBILITY,,,PENDING,,
bib_8029790f074816d7,10.1016/j.avrs.2022.100051,Hummingbird-plant interactions in Chile: An ecological review of the available evidence,2022,OpenAlex,Q1|Q6,PENDING_FULLTEXT_ELIGIBILITY,,,PENDING,,
bib_26e8f323efe41652,10.1016/j.baae.2017.01.001,Invasive bumble bees reduce nectar availability for honey bees by robbing raspberry flower buds,2017,OpenAlex,Q7,PENDING_FULLTEXT_ELIGIBILITY,,,PENDING,,
bib_1baf78f425aaef12,10.1016/j.baae.2017.08.001,The relation between oilseed rape and pollination of later flowering plants varies across plant species and landscape contexts,2017,OpenAlex,Q7,PENDING_FULLTEXT_ELIGIBILITY,,,PENDING,,
bib_bda5a24e80f52b62,10.1016/j.baae.2022.03.002,"Landscape composition modifies pollinator densities, foraging behavior and yield formation in faba beans",2022,OpenAlex,Q7,PENDING_FULLTEXT_ELIGIBILITY,,,PENDING,,
bib_e391301195e19cf8,10.1016/j.baae.2023.05.006,Partitioning pollination services to faba bean (Vicia faba L.) between managed honeybees and wild bees,2023,OpenAlex,Q6|Q7,PENDING_FULLTEXT_ELIGIBILITY,,,PENDING,,
bib_33c1f2d9110f96fd,10.1016/j.biocon.2008.07.029,"Habitat and flower resource partitioning by an exotic and three native bumble bees in central Hokkaido, Japan",2008,OpenAlex,Q6|Q7,PENDING_FULLTEXT_ELIGIBILITY,,,PENDING,,
bib_bc57c52a0b0a4d48,10.1016/j.cois.2017.05.013,The behavioral ecology of nectar robbing: why be tactic constant?,2017,OpenAlex,Q8,PENDING_FULLTEXT_ELIGIBILITY,,,PENDING,,
bib_0eb212e6b7eae7ca,10.1016/j.cub.2017.07.012,Distasteful Nectar Deters Floral Robbery,2017,OpenAlex,Q6|Q7,PENDING_FULLTEXT_ELIGIBILITY,,,PENDING,,
bib_bc97a9ea2a1168a5,10.1016/j.cub.2026.02.067,Divergent nectar-feeding mechanisms evidenced by intralingual suction in sunbirds,2026,OpenAlex,Q5|Q6,PENDING_FULLTEXT_ELIGIBILITY,,,PENDING,,
bib_59044282e7624983,10.1016/j.dib.2025.112013,"A comprehensive dataset on pollinator diversity, visitation rates, individual-based traits, and pollination success across four plant species in an urban garden experiment in Zurich, Switzerland",2025,OpenAlex,Q5|Q6,PENDING_FULLTEXT_ELIGIBILITY,,,PENDING,,
bib_84ba7ef4003c580d,10.1016/j.flora.2016.09.010,Geographic distribution and trait-mediated causes of nectar robbing by the European bumblebee Bombus terrestris on the Patagonian shrub Fuchsia magellanica,2016,OpenAlex,Q6,KNOWN_DIRECT_CORPUS_MATCH,Valdivia_Carroza_Orellana_2016,POSITIVE,KNOWN_ELIGIBLE_DIRECT,POSITIVE,matched_by=DOI
bib_0e9bfb452de6a504,10.1016/j.flora.2016.12.007,"Floral biology, nectar secretion pattern and fruit set of a threatened Bignoniaceae tree from Brazilian tropical forest",2016,OpenAlex,Q3|Q5|Q6|Q7,PENDING_FULLTEXT_ELIGIBILITY,,,PENDING,,
bib_d39feb62e02be0a7,10.1016/j.flora.2023.152418,Illegitimate flower visitors and pollinators are associated with different flower morphology: Evidence from five species of Penstemon (Plantaginaceae),2023,OpenAlex,Q4,KNOWN_DIRECT_CORPUS_MATCH,RodriguezPena_Wolfe_2023,NULL,KNOWN_ELIGIBLE_DIRECT,NULL,matched_by=DOI
bib_07f631202d307926,10.1016/j.gecco.2022.e02243,Urbanization driving changes in plant species and communities – A global view,2022,OpenAlex,Q4,PENDING_FULLTEXT_ELIGIBILITY,,,PENDING,,
bib_d49d69a1079cd11a,10.1016/j.isci.2026.114946,Yeast volatiles promote larceny in bumble bee behavior,2026,OpenAlex,Q5,PENDING_FULLTEXT_ELIGIBILITY,,,PENDING,,
bib_e4f4e6909f887990,10.1016/j.jinsphys.2020.104177,Floral tea polyphenols can improve honey bee memory retention and olfactory sensitivity,2020,OpenAlex,Q6,PENDING_FULLTEXT_ELIGIBILITY,,,PENDING,,
bib_c04f6fac30ea377b,10.1016/j.pld.2017.03.001,"Natural selection on floral traits of Caltha scaposa (Ranunculaceae), an alpine perennial with generalized pollination system from Northwest Yunnan",2017,OpenAlex,Q4,PENDING_FULLTEXT_ELIGIBILITY,,,PENDING,,
bib_d4f2f495b6b48df0,10.1016/j.pld.2022.11.002,Floral trait variation across individual plants within a population enhances defense capability to nectar robbing,2022,OpenAlex,Q1|Q2|Q3|Q4|Q6,KNOWN_DIRECT_CORPUS_MATCH,Tie_et_al_2023,POSITIVE,KNOWN_ELIGIBLE_DIRECT,POSITIVE,matched_by=DOI
bib_a7eb0f3c2bf2ed31,10.1016/j.rmb.2016.09.004,"Nectar robbing in Collaea cipoensis (Fabaceae), an endemic shrub of the Brazilian rupestrian grasslands",2016,OpenAlex,Q3|Q6,PENDING_FULLTEXT_ELIGIBILITY,,,PENDING,,
bib_3ec179c14b256d52,10.1016/j.sajb.2009.07.009,Pollination of Plectranthus spp. (Lamiaceae) with sigmoid flowers in southern Africa,2009,OpenAlex,Q3|Q6,PENDING_FULLTEXT_ELIGIBILITY,,,PENDING,,
bib_733265294f35ed1d,10.1016/j.sajb.2009.08.001,Hyper-specialization for long-billed bird pollination in a guild of South African plants: the Malachite Sunbird pollination syndrome,2009,OpenAlex,Q3|Q5|Q6,KNOWN_DIRECT_CORPUS_MATCH,Geerts_Pauw_2009,POSITIVE,KNOWN_ELIGIBLE_DIRECT,POSITIVE,matched_by=DOI
bib_8ba09bae25e7bb15,10.1016/j.sajb.2011.06.007,The cost of being specialized: Pollinator limitation in the endangered geophyte Brunsvigia litoralis (Amaryllidaceae) in the Cape Floristic Region of South Africa,2011,OpenAlex,Q3,PENDING_FULLTEXT_ELIGIBILITY,,,PENDING,,
bib_719c40e22626d7fe,10.1016/j.sajb.2011.11.003,Experimental evidence for bird pollination and corolla damage by ants in the short-tubed flowers of Erica halicacaba (Ericaceae),2011,OpenAlex,Q1|Q3|Q5,PENDING_FULLTEXT_ELIGIBILITY,,,PENDING,,
bib_c8da85c3e8b8d935,10.1016/j.sajb.2015.07.004,Sunbird-pollination in the geoflorous species Hyobanche sanguinea (Orobanchaceae) and Lachenalia luteola (Hyacinthaceae),2015,OpenAlex,Q1|Q3|Q5,PENDING_FULLTEXT_ELIGIBILITY,,,PENDING,,
bib_46b77f7b399b785a,10.1016/j.sajb.2018.06.011,The functional role of the keel crest in Polygala myrtifolia (Polygalaceae) and its effects on pollinator visitation success,2018,OpenAlex,Q3|Q5|Q6,PENDING_FULLTEXT_ELIGIBILITY,,,PENDING,,
bib_898dfaee1e2dae56,10.1016/j.sajb.2019.05.022,The breeding system of Watsonia knysnana (Iridaceae): an assessment of pollinator effectiveness,2019,OpenAlex,Q5|Q6,PENDING_FULLTEXT_ELIGIBILITY,,,PENDING,,
bib_084795c81b66fa0e,10.1016/j.tplants.2019.04.007,Ecology of Plastic Flowers,2019,OpenAlex,Q4|Q5,PENDING_FULLTEXT_ELIGIBILITY,,,PENDING,,
bib_fb2bf0a6fbfdc293,10.1016/j.ympev.2014.02.006,"Phylogenetics and diversification of tanagers (Passeriformes: Thraupidae), the largest radiation of Neotropical songbirds",2014,OpenAlex,Q6,PENDING_FULLTEXT_ELIGIBILITY,,,PENDING,,
bib_4d0dc72ad1b52ae2,10.1016/s1146-609x(00)01085-7,"Nectar robbing, forager efficiency and seed set: Bumblebees foraging on the self incompatible plant Linaria vulgaris (Scrophulariaceae)",2000,OpenAlex,Q7,KNOWN_DIRECT_CORPUS_MATCH,Stout_Allen_Goulson_2000,POSITIVE,KNOWN_ELIGIBLE_DIRECT,POSITIVE,matched_by=DOI
bib_40116bbe901f343f,10.1023/a:1011463520398,Reproductive biology and effect of nectar robbing on fruit production in Macleania bullata (Ericaceae),2001,OpenAlex,Q5,PENDING_FULLTEXT_ELIGIBILITY,,,PENDING,,
bib_96e3b158f425698b,10.1038/s41467-022-35353-8,A signal-like role for floral humidity in a nocturnal pollination system,2022,OpenAlex,Q6,PENDING_FULLTEXT_ELIGIBILITY,,,PENDING,,
bib_8e5acc9bddc4b419,10.1038/s41467-024-46841-4,Bee-pollination promotes rapid divergent evolution in plants growing in different soils,2024,OpenAlex,Q4,PENDING_FULLTEXT_ELIGIBILITY,,,PENDING,,
bib_c3400ff1e6e13c32,10.1038/s41586-024-07126-4,Bumblebees socially learn behaviour too complex to innovate alone,2024,OpenAlex,Q6,PENDING_FULLTEXT_ELIGIBILITY,,,PENDING,,
bib_54af473a612b03e1,10.1038/s41598-019-43753-y,A comparison of coffee floral traits under two different agricultural practices,2019,OpenAlex,Q3|Q4|Q5,PENDING_FULLTEXT_ELIGIBILITY,,,PENDING,,
bib_414332ac1df64877,10.1038/s41598-019-53355-3,Male flowers of Aconitum compensate for toxic pollen with increased floral signals and rewards for pollinators,2019,OpenAlex,Q1|Q2|Q6|Q7,PENDING_FULLTEXT_ELIGIBILITY,,,PENDING,,
bib_c372db92d92e8c29,10.1038/s41598-020-63997-3,Nectar mimicry: a new phenomenon,2020,OpenAlex,Q6,PENDING_FULLTEXT_ELIGIBILITY,,,PENDING,,
bib_4bb9e353942e25c9,10.1038/s41598-021-89012-x,Elevational and seasonal patterns of butterflies and hawkmoths in plant-pollinator networks in tropical rainforests of Mount Cameroon,2021,OpenAlex,Q3|Q6,PENDING_FULLTEXT_ELIGIBILITY,,,PENDING,,
bib_baf3b26d8c858b70,10.1038/s41598-022-15090-0,Periodically taken photographs reveal the effect of pollinator insects on seed set in lotus flowers,2022,OpenAlex,Q4|Q5,PENDING_FULLTEXT_ELIGIBILITY,,,PENDING,,
bib_9e2fb611f69a6ce5,10.1038/s41598-022-16237-9,The Campsis-Icterus association as a model system for avian nectar-robbery studies,2022,OpenAlex,Q1|Q2|Q4|Q5,PENDING_FULLTEXT_ELIGIBILITY,,,PENDING,,
bib_89c9388d9e390c46,10.1038/s41598-023-43215-6,"Neither sulfoxaflor, Crithidia bombi, nor their combination impact bumble bee colony development or field bean pollination",2023,OpenAlex,Q7,PENDING_FULLTEXT_ELIGIBILITY,,,PENDING,,
bib_569aa6dafcb2b6e7,10.1038/s41598-023-44822-z,The value of twinned pollinator-pollen metabarcoding: bumblebee pollination service is weakly partitioned within a UK grassland community,2023,OpenAlex,Q6|Q7,PENDING_FULLTEXT_ELIGIBILITY,,,PENDING,,
bib_def87a0868b826b0,10.1038/s41598-024-55344-7,"Lack of pollinators selects for increased selfing, restricted gene flow and resource allocation in the rare Mediterranean sage Salvia brachyodon",2024,OpenAlex,Q5,PENDING_FULLTEXT_ELIGIBILITY,,,PENDING,,
bib_58ebb9c6555b33c6,10.1038/s41598-025-20968-w,Interactions of flower visitors with bitter gourd (Momordica charantia L.) and effects of right target and wrong target flower visits on plant reproduction,2025,OpenAlex,Q4|Q5|Q6,PENDING_FULLTEXT_ELIGIBILITY,,,PENDING,,
bib_5e5baa1e5cc7380a,10.1038/srep07721,Asymmetrical disassortative pollination in a distylous primrose: the complementary roles of bumblebee nectar robbers and syrphid flies,2015,OpenAlex,Q3|Q5|Q6|Q7,PENDING_FULLTEXT_ELIGIBILITY,,,PENDING,,
bib_0973d353694d53bd,10.1038/srep22340,Tail-like anther crest aids pollination by manipulating pollinator’s behaviour in a wild ginger,2016,OpenAlex,Q6,PENDING_FULLTEXT_ELIGIBILITY,,,PENDING,,
bib_6138afb02c21d5f9,10.1039/c4np00159a,Improving our chemistry: challenges and opportunities in the interdisciplinary study of floral volatiles,2015,OpenAlex,Q2,PENDING_FULLTEXT_ELIGIBILITY,,,PENDING,,
bib_06fe8bc4b0e6a24a,10.1042/etls20190118,A primer of host-plant specialization in bees,2020,OpenAlex,Q5,PENDING_FULLTEXT_ELIGIBILITY,,,PENDING,,
bib_7d36bb6438bb79f6,10.1046/j.1095-8339.2002.00068.x,Floral scents in butterfly-pollinated plants: possible convergence in chemical composition,2002,OpenAlex,Q5,PENDING_FULLTEXT_ELIGIBILITY,,,PENDING,,
bib_aa3ba57128a646e0,10.1046/j.1365-2745.2001.00512.x,Variation in floral sex allocation and reproductive success within inflorescences of Corydalis ambigua (Fumariaceae): pollination efficiency or resource limitation?,2001,OpenAlex,Q4,PENDING_FULLTEXT_ELIGIBILITY,,,PENDING,,
bib_99513e9b650175c4,10.1046/j.1469-8137.2003.00919.x,Natural selection in Ipomopsis hybrid zones: implications for ecological speciation,2003,OpenAlex,Q1|Q4|Q5,PENDING_FULLTEXT_ELIGIBILITY,,,PENDING,,
bib_b10e9b456a404643,10.1051/apido:2004055,Foraging behavior and pollinating effectiveness of Osmia cornuta (Hymenoptera: Megachilidae) and Apis mellifera (Hymenoptera: Apidae) on ?Comice? pear,2004,OpenAlex,Q6,PENDING_FULLTEXT_ELIGIBILITY,,,PENDING,,
bib_fcae56bb368ff9eb,10.1051/apido:2006019,A century of advances in bumblebee domestication and the economic and environmental aspects of its commercialization for pollination,2006,OpenAlex,Q6,PENDING_FULLTEXT_ELIGIBILITY,,,PENDING,,
bib_d7a01c4121cab5cc,10.1080/0028825x.2001.9512759,"Pollinator limitation of seed set in Fuchsia perscandens (Onagraceae) on Banks Peninsula, South Island, New Zealand",2001,OpenAlex,Q7,PENDING_FULLTEXT_ELIGIBILITY,,,PENDING,,
bib_1994df68d9f5a2f2,10.1080/0028825x.2005.9512943,Progress in understanding pollination systems in New Zealand,2005,OpenAlex,Q7,PENDING_FULLTEXT_ELIGIBILITY,,,PENDING,,
bib_51164446c6d6fc89,10.1080/09064710.2019.1596301,Repellency of insecticides and the effect of thiacloprid on bumble bee colony development in red clover (Trifolium pratense L.) seed crops,2019,OpenAlex,Q7,PENDING_FULLTEXT_ELIGIBILITY,,,PENDING,,
bib_074f546350fb6059,10.1080/090647100750014402,Effects of Experimental Plant Density Reductions on Plant Choice and Foraging Behaviour of Bees (Hymenoptera:Apoidea),2000,OpenAlex,Q7,PENDING_FULLTEXT_ELIGIBILITY,,,PENDING,,
bib_6f828ea8435cd03c,10.1080/17429145.2021.2015466,A review of durian plant-bat pollinator interactions,2021,OpenAlex,Q5,PENDING_FULLTEXT_ELIGIBILITY,,,PENDING,,
bib_45121d601b97b836,10.1080/17550874.2019.1615146,"Nectar robbing does not affect female reproductive success of an endangered Antirrhinum species, Plantaginaceae",2019,OpenAlex,Q4,KNOWN_DIRECT_CORPUS_MATCH,Carrio_Guemes_2019,NULL,KNOWN_ELIGIBLE_DIRECT,NULL,matched_by=DOI
bib_e41fd68f880a12f8,10.1080/23818107.2017.1383307,Effects of local abundance on pollination and reproduction in Delphinium fissum subsp. sordidum (Ranunculaceae),2017,OpenAlex,Q5,PENDING_FULLTEXT_ELIGIBILITY,,,PENDING,,
bib_e8e3092bea1998d2,10.1086/705584,The Context Dependence of Pollinator-Mediated Selection in Natural Populations,2019,OpenAlex,Q1|Q2|Q4|Q5,PENDING_FULLTEXT_ELIGIBILITY,,,PENDING,,
bib_9addd3f67506cece,10.1093/ae/54.1.36,Nectar and Resin Robbing in Stingless Bees,2008,OpenAlex,Q1|Q2|Q6,PENDING_FULLTEXT_ELIGIBILITY,,,PENDING,,
bib_297efd7217c9dee9,10.1093/aob/mcaa103,Red flowers differ in shades between pollination systems and across continents,2020,OpenAlex,Q4,PENDING_FULLTEXT_ELIGIBILITY,,,PENDING,,
bib_3590e503c1cf4e53,10.1093/aob/mcad064,Floral volatiles evoke partially similar responses in both florivores and pollinators and are correlated with non-volatile reward chemicals,2023,OpenAlex,Q6,PENDING_FULLTEXT_ELIGIBILITY,,,PENDING,,
bib_71f89337aa8b4c66,10.1093/aob/mcad141,"The evolution of flower–pollinator trait matching, and why do some alpine gingers appear to be mismatched?",2023,OpenAlex,Q3|Q4|Q5|Q6|Q7,PENDING_FULLTEXT_ELIGIBILITY,,,PENDING,,
bib_2926b68ed30a91f9,10.1093/aob/mcae047,High toxin concentration in pollen may deter collection by bees in butterfly-pollinated Rhododendron molle,2024,OpenAlex,Q6,PENDING_FULLTEXT_ELIGIBILITY,,,PENDING,,
bib_924958cbd64b7264,10.1093/aob/mcae057,The effect of global change on the expression and evolution of floral traits,2024,OpenAlex,Q4|Q5|Q6,PENDING_FULLTEXT_ELIGIBILITY,,,PENDING,,
bib_12b0e92d9b4b02be,10.1093/aob/mcae118,Simulation of early season herbivory via mechanical damage affects flower production in pumpkin (Cucurbita pepo ssp. pepo),2024,OpenAlex,Q1|Q5,PENDING_FULLTEXT_ELIGIBILITY,,,PENDING,,
bib_3cae72a893201f2c,10.1093/aob/mcae155,Floral resource availability declines and florivory increases along an elevation gradient in a highly biodiverse community,2024,OpenAlex,Q4,PENDING_FULLTEXT_ELIGIBILITY,,,PENDING,,
bib_8465f3efa71f5e16,10.1093/aob/mcaf069,Tiny but significant: on the importance of thrips as pollinators,2025,OpenAlex,Q5,PENDING_FULLTEXT_ELIGIBILITY,,,PENDING,,
bib_8f5c5cc46550b26c,10.1093/aob/mch013,Pollination Ecology and Pollination System of Impatiens reptans (Balsaminaceae) Endemic to China,2004,OpenAlex,Q6,PENDING_FULLTEXT_ELIGIBILITY,,,PENDING,,
bib_63e875d9043a0a02,10.1093/aob/mcj012,Comparison of Pollen Transfer Dynamics by Multiple Floral Visitors: Experiments with Pollen and Fluorescent Dye,2005,OpenAlex,Q5,PENDING_FULLTEXT_ELIGIBILITY,,,PENDING,,
bib_17ca645a5f16f17e,10.1093/aob/mcm036,Floral Diversity and Pollen Transfer Mechanisms in Bird-pollinated Salvia Species,2007,OpenAlex,Q1|Q3|Q6,PENDING_FULLTEXT_ELIGIBILITY,,,PENDING,,
bib_eedc3fd4ef138a6e,10.1093/aob/mcn106,"Flower Morphology, Pollination Biology and Mating System of the Complex Flower of Vigna caracalla (Fabaceae: Papilionoideae)",2008,OpenAlex,Q5|Q6,PENDING_FULLTEXT_ELIGIBILITY,,,PENDING,,
bib_7229f03b404d2e58,10.1093/aob/mcn260,"A generalized pollination system in the tropics: bats, birds and Aphelandra acanthus",2009,OpenAlex,Q5,PENDING_FULLTEXT_ELIGIBILITY,,,PENDING,,
bib_5788a10be1bfb681,10.1093/aob/mcp027,Size-specific interaction patterns and size matching in a plant–pollinator interaction web,2009,OpenAlex,Q3|Q4|Q6|Q7,PENDING_FULLTEXT_ELIGIBILITY,,,PENDING,,
bib_545611ff24f3be38,10.1093/aob/mcr008,Reproductive biology of Abolboda pulchella and A. poarchon (Xyridaceae: Poales),2011,OpenAlex,Q5|Q6,PENDING_FULLTEXT_ELIGIBILITY,,,PENDING,,
bib_617ef8b26a5db051,10.1093/aob/mcr172,The natural history of pollination and mating in bird-pollinated Babiana (Iridaceae),2011,OpenAlex,Q3|Q4|Q5|Q6,PENDING_FULLTEXT_ELIGIBILITY,,,PENDING,,
bib_db09a44157fdfabf,10.1093/aob/mcr324,Floral traits mediate the vulnerability of aloes to pollen theft and inefficient pollination by bees,2012,OpenAlex,Q1|Q5,PENDING_FULLTEXT_ELIGIBILITY,,,PENDING,,
bib_84894207d8d54079,10.1093/aob/mct219,Floral adaptation to local pollinator guilds in a terrestrial orchid,2013,OpenAlex,Q1|Q4|Q5|Q6,PENDING_FULLTEXT_ELIGIBILITY,,,PENDING,,
bib_4dc517179b45367a,10.1093/aob/mcu204,Frequency-dependent pollinator discrimination acts against female plants in the gynodioecious Geranium maculatum,2014,OpenAlex,Q4,PENDING_FULLTEXT_ELIGIBILITY,,,PENDING,,
bib_c371756830d315a3,10.1093/aob/mcw097,Geographic consistency and variation in conflicting selection generated by pollinators and seed predators,2016,OpenAlex,Q1|Q3|Q4|Q5|Q6,PENDING_FULLTEXT_ELIGIBILITY,,,PENDING,,
bib_fb3c1090b71be87b,10.1093/aob/mcw285,"Nectar replenishment maintains the neutral effects of nectar robbing on female reproductive success of Salvia przewalskii (Lamiaceae), a plant pollinated and robbed by bumble bees",2016,OpenAlex,Q7,PENDING_FULLTEXT_ELIGIBILITY,,,PENDING,,
bib_80b8cadd7d34ab2b,10.1093/aob/mcx034,ContentSnapshots,2017,OpenAlex,Q7,PENDING_FULLTEXT_ELIGIBILITY,,,PENDING,,
bib_9e7100686cad5425,10.1093/aobpla/plaa046,Pollinators drive floral evolution in an Atlantic Forest genus,2020,OpenAlex,Q5,PENDING_FULLTEXT_ELIGIBILITY,,,PENDING,,
bib_dc4ce587c044f06a,10.1093/aobpla/plab006,Intraspecific relationships between floral signals and rewards with implications for plant fitness,2021,OpenAlex,Q4|Q5,PENDING_FULLTEXT_ELIGIBILITY,,,PENDING,,
bib_0510c4fc01a42923,10.1093/aobpla/plab029,Do flowers removed of either nectar or pollen attract fewer bumblebee pollinators? An experimental test in Impatiens oxyanthera,2021,OpenAlex,Q6,PENDING_FULLTEXT_ELIGIBILITY,,,PENDING,,
bib_3f642f107aa280db,10.1093/aobpla/plae065,Pollination effectiveness affects the level of generalisation of a plant species with phenotypically plastic flowers,2025,OpenAlex,Q3|Q5|Q6|Q7,PENDING_FULLTEXT_ELIGIBILITY,,,PENDING,,
bib_aab4dd4a71a53058,10.1093/aobpla/plaf046,Temporal dynamics of floral characteristics and reproduction output of Impatiens oxyanthera under warming,2025,OpenAlex,Q3|Q4|Q5,PENDING_FULLTEXT_ELIGIBILITY,,,PENDING,,
bib_901e657b81358ca7,10.1093/aobpla/plu003,"Floral specialization and angiosperm diversity: phenotypic divergence, fitness trade-offs and realized pollination accuracy",2014,OpenAlex,Q4|Q5|Q6|Q7,PENDING_FULLTEXT_ELIGIBILITY,,,PENDING,,
bib_5598740e52911d9e,10.1093/aobpla/plu031,Effects of pollination limitation and seed predation on female reproductive success of a deceptive orchid,2014,OpenAlex,Q4,PENDING_FULLTEXT_ELIGIBILITY,,,PENDING,,
bib_170717bae4c34f7a,10.1093/aobpla/plv019,Rainwater in cupulate bracts repels seed herbivores in a bumblebee-pollinated subalpine flower,2015,OpenAlex,Q4|Q5|Q6,PENDING_FULLTEXT_ELIGIBILITY,,,PENDING,,
bib_53d3d43804bcff5d,10.1093/aobpla/ply071,On the origin of orphan hybrids betweenAquilegia formosaandAquilegia flavescens,2018,OpenAlex,Q5|Q6,PENDING_FULLTEXT_ELIGIBILITY,,,PENDING,,
bib_9805966ea4e98972,10.1093/aobpla/plz078,Continuous variation in herkogamy enhances the reproductive response of Lonicera implexa to spatial variation in pollinator assemblages,2019,OpenAlex,Q1|Q3|Q4|Q5|Q6|Q7,PENDING_FULLTEXT_ELIGIBILITY,,,PENDING,,
bib_305688a8893116bc,10.1093/beheco/arae083,Learning to handle flowers increases pollen collection for bees but does not affect pollination success for plants,2024,OpenAlex,Q5|Q6,PENDING_FULLTEXT_ELIGIBILITY,,,PENDING,,
bib_ed824ca00feb5a64,10.1093/biolinnean/blad164,Mixed mating patterns in morphologically diverse bumblebee-pollinated Salvia species from China,2023,OpenAlex,Q1|Q3|Q5|Q6,PENDING_FULLTEXT_ELIGIBILITY,,,PENDING,,
bib_a2f232e15ad8209f,10.1093/biolinnean/blae013,Complex floral morphology and scent chemistry mediate hawkmoth pollination of an African orchid in the diverse Habenaria clade,2024,OpenAlex,Q5|Q6|Q7,PENDING_FULLTEXT_ELIGIBILITY,,,PENDING,,
bib_5fe4d69e4dc9d8f1,10.1093/biolinnean/blaf093,Improving allometric models to estimate the proboscis length of tropical bees,2025,OpenAlex,Q3|Q6|Q7,PENDING_FULLTEXT_ELIGIBILITY,,,PENDING,,
bib_10d0fae71ce3864a,10.1093/botlinnean/boy016,"Diversity of floral nectary secretions and structure, and implications for their evolution in Anacardiaceae",2018,OpenAlex,Q5,PENDING_FULLTEXT_ELIGIBILITY,,,PENDING,,
bib_089fdb1ba05cae9b,10.1093/cz/zoab015,Florivory by the occupants of phytotelmata in flower parts can decrease host plant fecundity,2021,OpenAlex,Q5,PENDING_FULLTEXT_ELIGIBILITY,,,PENDING,,
bib_3eb156844c99b5d1,10.1093/czoolo/57.4.468,Memory for location and visual cues in white-eared hummingbirds Hylocharis leucotis,2011,OpenAlex,Q1,PENDING_FULLTEXT_ELIGIBILITY,,,PENDING,,
bib_98cfb5f3b8b33f6a,10.1093/ee/nvae126,"Pacific Northwest native plants and native cultivars, part I: pollinator visitation",2025,OpenAlex,Q4|Q5,PENDING_FULLTEXT_ELIGIBILITY,,,PENDING,,
bib_fc7066ccdcc8bb07,10.1093/evolut/qpac056,The evolution of partner specificity in mutualisms,2022,OpenAlex,Q6,PENDING_FULLTEXT_ELIGIBILITY,,,PENDING,,
bib_98312003c844e839,10.1093/femsec/fix150,Solving the puzzle of yeast survival in ephemeral nectar systems: exponential growth is not enough,2017,OpenAlex,Q6,PENDING_FULLTEXT_ELIGIBILITY,,,PENDING,,
bib_1556cb9234749953,10.1093/jee/toaf242,"Historical agroeconomic analysis of the relationship between commercial pollinator use and Vaccinium angustifolium (Ericales: Ericaceae) yield in Quebec, Canada (2015–2021)",2025,OpenAlex,Q5|Q6,PENDING_FULLTEXT_ELIGIBILITY,,,PENDING,,
bib_a30ee4e8068f4d81,10.1093/jisesa/iead006,Morphological Variation in Bumblebees (Bombus terrestris) (Hymenoptera:Apidae) After Three Decades of an Island Invasion,2023,OpenAlex,Q3|Q6,PENDING_FULLTEXT_ELIGIBILITY,,,PENDING,,
bib_3bd4a200079a5d49,10.1093/jpe/rtaa023,The ultraviolet colour component enhances the attractiveness of red flowers of a bee-pollinated plant,2020,OpenAlex,Q4,PENDING_FULLTEXT_ELIGIBILITY,,,PENDING,,
bib_a6c6c77a5547900d,10.1093/jpe/rtaa089,Polyploidization and sexual dimorphism of floral traits in a subdioecious population of Dasiphora glabra,2020,OpenAlex,Q4,PENDING_FULLTEXT_ELIGIBILITY,,,PENDING,,
bib_d58b1908944ad958,10.1093/jpe/rtad036,The conspicuously large bracts influence reproductive success in Thunia alba (Orchidaceae),2023,OpenAlex,Q4,PENDING_FULLTEXT_ELIGIBILITY,,,PENDING,,
bib_7ffda312538d7516,10.1093/jpe/rtu012,How do belowground organisms influence plant-pollinator interactions?,2014,OpenAlex,Q4|Q5,PENDING_FULLTEXT_ELIGIBILITY,,,PENDING,,
bib_5f5e6d0dbfbbdb6d,10.1093/jpe/rtv020,Variation of nectar production in relation to plant characteristics in protandrous Aconitum gymnandrum,2015,OpenAlex,Q4|Q5,PENDING_FULLTEXT_ELIGIBILITY,,,PENDING,,
bib_3b822dbf8b4d71e2,10.1093/jxb/eraa549,Flower evolution in the presence of heterospecific gene flow and its contribution to lineage divergence,2020,OpenAlex,Q4|Q5|Q7,PENDING_FULLTEXT_ELIGIBILITY,,,PENDING,,
bib_048dc2278931f48c,10.1093/jxb/ert025,Control of flower size,2013,OpenAlex,Q3|Q4|Q5,PENDING_FULLTEXT_ELIGIBILITY,,,PENDING,,
bib_3376ac1b8bd2d311,10.1093/oso/9780199553068.003.0012,Bumblebees as Pollinators,2009,OpenAlex,Q7,PENDING_FULLTEXT_ELIGIBILITY,,,PENDING,,
bib_db402896056b7161,10.1098/rsbl.2024.0082,Zygomorphic flowers last longer: the evolution of floral symmetry and floral longevity,2024,OpenAlex,Q4,PENDING_FULLTEXT_ELIGIBILITY,,,PENDING,,
bib_f11ce9ebb277e5e7,10.1098/rspb.2012.1621,Diverse pollinator communities enhance plant reproductive success,2012,OpenAlex,Q4|Q7,PENDING_FULLTEXT_ELIGIBILITY,,,PENDING,,
bib_3f2dd6ed29955b68,10.1098/rspb.2013.2934,The evolution of signal–reward correlations in bee- and hummingbird-pollinated species of Salvia,2014,OpenAlex,Q4|Q5,PENDING_FULLTEXT_ELIGIBILITY,,,PENDING,,
bib_dfe1e4df00285b8b,10.1098/rspb.2018.0635,Linking pollinator efficiency to patterns of pollen limitation: small bees exploit the plant–pollinator mutualism,2018,OpenAlex,Q5,PENDING_FULLTEXT_ELIGIBILITY,,,PENDING,,
bib_d6bc9c3bc1ee369f,10.1098/rspb.2024.1279,Species morphology better predicts plant–hummingbird interactions across elevations than nectar traits,2024,OpenAlex,Q1|Q3|Q4|Q5|Q6,PENDING_FULLTEXT_ELIGIBILITY,,,PENDING,,
bib_899e06c1fb2be95c,10.1098/rstb.2019.0486,Noisy communities and signal detection: why do foragers visit rewardless flowers?,2020,OpenAlex,Q4,PENDING_FULLTEXT_ELIGIBILITY,,,PENDING,,
bib_79815198d6693b38,10.1100/2012/381575,Morphofunctional Traits and Pollination Mechanisms ofCoronilla emerusL. Flowers (Fabaceae),2012,OpenAlex,Q5|Q6,PENDING_FULLTEXT_ELIGIBILITY,,,PENDING,,
bib_3f8df5e41e9fbc92,10.1101/184382,Floral herbivory does not reduce pollination-mediated fitness in shelter rewarding Royal Irises,2017,OpenAlex,Q4,PENDING_FULLTEXT_ELIGIBILITY,,,PENDING,,
bib_5f16b1904a5f2a29,10.1101/2020.05.19.104968,Fungi are more dispersal limited than bacteria among flowers,2020,OpenAlex,Q1|Q3|Q5,PENDING_FULLTEXT_ELIGIBILITY,,,PENDING,,
bib_172833b541c798a2,10.1101/2020.06.10.143909,"Nectar larceny in the trainbearers ( Lesbia , Trochilidae)",2020,OpenAlex,Q6,PENDING_FULLTEXT_ELIGIBILITY,,,PENDING,,
bib_23cf813bc9bcbae5,10.1101/2021.02.16.431477,Role and patterns of butterflies and hawkmoths in plant-pollinator networks at different elevations and seasons in tropical rainforests of Mount Cameroon,2021,OpenAlex,Q3|Q6,PENDING_FULLTEXT_ELIGIBILITY,,,PENDING,,
bib_81406c0b9033af56,10.1101/2021.11.22.469544,The role of indirect effects in coevolution as mutualism transitions into antagonism,2021,OpenAlex,Q5,PENDING_FULLTEXT_ELIGIBILITY,,,PENDING,,
bib_0f713e866eb19135,10.1101/2021.12.10.472103,The evolution of partner specificity in mutualisms,2022,OpenAlex,Q6,PENDING_FULLTEXT_ELIGIBILITY,,,PENDING,,
bib_0d1aaad9db339538,10.1101/2022.02.24.481682,Tropical hummingbird pollination networks are resistant to short-term experimental removal of a common flowering plant,2022,OpenAlex,Q1,PENDING_FULLTEXT_ELIGIBILITY,,,PENDING,,
bib_32f41f09f857e20b,10.1101/2022.05.16.492032,Cheaters among pollinators: Floral traits drive spatiotemporal variation in nectar robbing and thieving in Afrotropical rainforests,2022,OpenAlex,Q3|Q4|Q6|Q8,PENDING_FULLTEXT_ELIGIBILITY,,,PENDING,,
bib_8d69e711b11067a3,10.1101/2022.05.19.492749,Age-specific and Sex-specific Nectar and Pollen Use by a Butterfly Pollinator,2022,OpenAlex,Q6,PENDING_FULLTEXT_ELIGIBILITY,,,PENDING,,
bib_8538d2d6f2f8f1f2,10.1101/2022.10.10.511574,The establishment and transmission of novel foraging techniques indicates a capacity for culture in bumblebees ( Bombus terrestris ),2022,OpenAlex,Q6,PENDING_FULLTEXT_ELIGIBILITY,,,PENDING,,
bib_0c9a5fb5001bb854,10.1101/2022.12.13.519978,Hyobanche hanekomii (Orobanchaceae) is pollinated by non-flying mammals and birds,2022,OpenAlex,Q1|Q6,PENDING_FULLTEXT_ELIGIBILITY,,,PENDING,,
bib_4b404a44bfaf95d1,10.1101/2023.02.13.528270,Floral volatiles evoke partially similar responses in both florivores and pollinators and are correlated with non-volatile reward chemicals,2023,OpenAlex,Q6,PENDING_FULLTEXT_ELIGIBILITY,,,PENDING,,
bib_fc08b9fd1da253e5,10.1101/2023.03.31.533549,When cheating turns into a stabilizing mechanism of mutualistic networks,2023,OpenAlex,Q1|Q3,PENDING_FULLTEXT_ELIGIBILITY,,,PENDING,,
bib_c0c66390923a3593,10.1101/2023.08.29.555358,Social learning of a challenging two-step action sequence fulfils key criteria of cumulative culture in an insect,2023,OpenAlex,Q6,PENDING_FULLTEXT_ELIGIBILITY,,,PENDING,,
bib_7f8e73af49cacddc,10.1101/2023.10.29.564637,Within-species floral evolution reveals convergence in adaptive walks during incipient pollinator shift,2023,OpenAlex,Q1|Q3|Q5,PENDING_FULLTEXT_ELIGIBILITY,,,PENDING,,
bib_99e53f7bf83230cb,10.1101/2024.02.22.581568,Genotypic variation in blueberry flower morphology and nectar reward content affects pollinator attraction in a diverse breeding population,2024,OpenAlex,Q1|Q2|Q4|Q5,PENDING_FULLTEXT_ELIGIBILITY,,,PENDING,,
bib_12852c2f74e2f976,10.1101/2024.04.25.591145,The Role of Similarity of Stimuli and Responses in Learning by Nectar-Foraging Bumble Bees: A Test of Osgood’s Model,2024,OpenAlex,Q5|Q6,PENDING_FULLTEXT_ELIGIBILITY,,,PENDING,,
bib_62c0bf14ac49f8fb,10.1101/2024.09.08.611921,Landscape-wide metabarcoding of the invasive bumblebee (Bombus terrestris) shows interactions among the gut microbiome and pollenbiome,2024,OpenAlex,Q6,PENDING_FULLTEXT_ELIGIBILITY,,,PENDING,,
bib_8e360ec5ab43ae03,10.1101/2025.03.03.641175,Bumblebee string-pulling skill spreads between colonies under open diffusion conditions,2025,OpenAlex,Q6,PENDING_FULLTEXT_ELIGIBILITY,,,PENDING,,
bib_b5ce4726dff91b7c,10.1101/2025.10.17.683152,Nectar yeast scent additions fail to impact overall bouquet composition and bumble bee visitation in a montane herb,2025,OpenAlex,Q6,PENDING_FULLTEXT_ELIGIBILITY,,,PENDING,,
bib_8f3d3144994dd96f,10.1101/370700,Conflict of evolutionary interests between plants and pollinators revealed through functional exploration of flower morphospace,2018,OpenAlex,Q3|Q5|Q6,PENDING_FULLTEXT_ELIGIBILITY,,,PENDING,,
bib_766f0e781e39c5b7,10.1101/507319,Flowers respond to pollinator sound within minutes by increasing nectar sugar concentration,2018,OpenAlex,Q4,PENDING_FULLTEXT_ELIGIBILITY,,,PENDING,,
bib_aedce1b1107eded8,10.1101/551523,"Honey bees, Apis mellifera , are important pollinators of the highbush blueberry variety Ventura despite the inability to sonicate",2019,OpenAlex,Q3|Q5,PENDING_FULLTEXT_ELIGIBILITY,,,PENDING,,
bib_8f058f659df848fb,10.1111/1365-2435.12751,"Direct interactions between invasive plants and native pollinators: evidence, impacts and approaches",2016,OpenAlex,Q7,PENDING_FULLTEXT_ELIGIBILITY,,,PENDING,,
bib_95c43f5770fec1dc,10.1111/1365-2435.12933,Nectar bacteria affect life history of a generalist aphid parasitoid by altering nectar chemistry,2017,OpenAlex,Q5,PENDING_FULLTEXT_ELIGIBILITY,,,PENDING,,
bib_57306107d0e922b0,10.1111/1365-2435.13581,To bee or not to bee: The ‘raison d'être’ of toxic secondary compounds in the pollen of Boraginaceae,2020,OpenAlex,Q5,PENDING_FULLTEXT_ELIGIBILITY,,,PENDING,,
bib_8ddbb8eade2ecb7b,10.1111/1365-2435.13886,"Evolutionary and ecological factors structure a plant–bumblebee network in a biodiversity hotspot, the Himalaya–Hengduan Mountains",2021,OpenAlex,Q3|Q5|Q6|Q7,PENDING_FULLTEXT_ELIGIBILITY,,,PENDING,,
bib_59b67f7647fcb339,10.1111/1365-2435.14210,Estimates of nectar productivity through a simulation approach differ from the nectar produced in 24 h,2022,OpenAlex,Q5,PENDING_FULLTEXT_ELIGIBILITY,,,PENDING,,
bib_eafc7aa9dbca938e,10.1111/1365-2435.14211,Integration of historic collections can shed light on patterns of change in plant–pollinator interactions and pollination service,2022,OpenAlex,Q6,PENDING_FULLTEXT_ELIGIBILITY,,,PENDING,,
bib_ad992ba87c75ef99,10.1111/1365-2435.70167,Functional generalism in plant–hummingbird interactions: Causes and consequences from a plant perspective,2025,OpenAlex,Q1|Q2|Q4|Q6,PENDING_FULLTEXT_ELIGIBILITY,,,PENDING,,
bib_c26999df92339326,10.1111/1365-2435.70276,Is bee‐avoidance by bird‐pollinated flowers driven by nectar robbing in Erica ?,2026,OpenAlex,Q1|Q4|Q5,KNOWN_DIRECT_CORPUS_MATCH,Coetzee_et_al_2026,OPPOSITE,KNOWN_ELIGIBLE_DIRECT,OPPOSITE,matched_by=DOI
bib_a89ebb0521328413,10.1111/1365-2435.70415,Bird extinctions shift bill–flower trait matching in Hawaiian lobelioids,2026,OpenAlex,Q6,PENDING_FULLTEXT_ELIGIBILITY,,,PENDING,,
bib_d075191666c5cd6e,10.1111/1365-2656.12161,Determination of temperate bird–flower interactions as entangled mutualistic and antagonistic sub‐networks: characterization at the network and species levels,2013,OpenAlex,Q1|Q4,PENDING_FULLTEXT_ELIGIBILITY,,,PENDING,,
bib_25b2582dbc9f686e,10.1111/1365-2664.12530,EDITOR'S CHOICE: REVIEW: Trait matching of flower visitors and crops predicts fruit set better than trait diversity,2015,OpenAlex,Q5|Q6,PENDING_FULLTEXT_ELIGIBILITY,,,PENDING,,
bib_9243f6eab2bfec1b,10.1111/1365-2664.13121,Coordinated species importation policies are needed to reduce serious invasions globally: The case of alien bumblebees in South America,2018,OpenAlex,Q7,PENDING_FULLTEXT_ELIGIBILITY,,,PENDING,,
bib_c525b9750b6f06a9,10.1111/1365-2745.12166,Nectar thieves influence reproductive fitness by altering behaviour of nectar robbers and legitimate pollinators in C orydalis ambigua ( F umariaceae),2013,OpenAlex,Q3|Q6,PENDING_FULLTEXT_ELIGIBILITY,,,PENDING,,
bib_e729d0666d6901f3,10.1111/1365-2745.13636,Rapid evolution of a floral trait following acquisition of novel pollinators,2021,OpenAlex,Q3|Q6|Q7,PENDING_FULLTEXT_ELIGIBILITY,,,PENDING,,
bib_f7925c1298800880,10.1111/1365-2745.13726,The role of plant–pollinator interactions in structuring nectar microbial communities,2021,OpenAlex,Q7,PENDING_FULLTEXT_ELIGIBILITY,,,PENDING,,
bib_54f0889ecf4471c5,10.1111/1365-2745.13805,Biological Flora of the British Isles: Salvia pratensis,2021,OpenAlex,Q6,PENDING_FULLTEXT_ELIGIBILITY,,,PENDING,,
bib_6cf4623e132aac1f,10.1111/1365-2745.13875,Comparative impacts of long‐term trends in snowmelt and species interactions on plant population dynamics,2022,OpenAlex,Q5,PENDING_FULLTEXT_ELIGIBILITY,,,PENDING,,
bib_82ccfe243d4def4b,10.1111/1365-2745.70067,Soil moisture influences nectar robbing and plant fitness in a primrose species,2025,OpenAlex,Q3|Q4|Q5|Q7,KNOWN_DIRECT_CORPUS_MATCH,Cha_Irwin_Wu_Ma_Shuang_Zhang_2025,POSITIVE,KNOWN_ELIGIBLE_DIRECT,POSITIVE,matched_by=DOI
bib_d8c50532d1af733d,10.1111/1442-1984.12399,Comparative nectar dynamics in four ornithophilous Melocactus (Cactaceae) species in a seasonally dry tropical forest,2023,OpenAlex,Q3|Q5,PENDING_FULLTEXT_ELIGIBILITY,,,PENDING,,
bib_5a7d8f9c9ca8c101,10.1111/1744-7917.13425,Intraspecific and interspecific resource partitioning between bumblebee workers and males related to nectar quantity and quality,2024,OpenAlex,Q6|Q7,PENDING_FULLTEXT_ELIGIBILITY,,,PENDING,,
bib_b46c4b7fbdf0146a,10.1111/aec.13591,Long corolla flowers in Tropical Andes favour nectar robbing by the Black Metaltail hummingbird: A study using citizen science and field observations,2024,OpenAlex,Q1|Q2|Q3|Q4|Q6,PENDING_FULLTEXT_ELIGIBILITY,,,PENDING,,
bib_452c10d036d563d7,10.1111/aec.70285,Pollinator Associations of Rare and Endangered Epacris Species (Ericaceae) in Lutruwita/Tasmania: Implications for Conservation,2026,OpenAlex,Q1|Q5,PENDING_FULLTEXT_ELIGIBILITY,,,PENDING,,
bib_7733e6754af71934,10.1111/aje.70062,The Structure of Sunbird Floral Visitation and Pollen Transport Networks From an Afrotropical Agricultural Landscape,2025,OpenAlex,Q3|Q5|Q6,PENDING_FULLTEXT_ELIGIBILITY,,,PENDING,,
bib_c2e6e8576f7ae5e8,10.1111/aje.70225,When Bigger Is not Better: Corolla Length Increases Nectar Robbing in Aloe secundiflora Engl. (Asphodelaceae),2026,OpenAlex,Q1|Q3|Q5|Q6,PENDING_FULLTEXT_ELIGIBILITY,,,PENDING,,
bib_6b890700f484111d,10.1111/boj.12236,The influence of nectar production and floral visitors on the female reproductive success ofInga(Fabaceae): a field experiment,2015,OpenAlex,Q1|Q3|Q5,PENDING_FULLTEXT_ELIGIBILITY,,,PENDING,,
bib_67247fcf2e57c48c,10.1111/brv.12828,"The evolution, ecology, and conservation of hummingbirds and their interactions with flowering plants",2022,OpenAlex,Q1|Q5|Q6,PENDING_FULLTEXT_ELIGIBILITY,,,PENDING,,
bib_8d96c52b6060d411,10.1111/brv.13060,Multifunctionality of angiosperm floral bracts: a review,2024,OpenAlex,Q5,PENDING_FULLTEXT_ELIGIBILITY,,,PENDING,,
bib_d8710edffb6b3461,10.1111/brv.13094,Macroevolution of the plant–hummingbird pollination system,2024,OpenAlex,Q1|Q5|Q6,PENDING_FULLTEXT_ELIGIBILITY,,,PENDING,,
bib_1956ded7f811729a,10.1111/btp.13290,Drivers of sunbird‐plant interactions on Mount Cameroon: Between neutrality and niche‐based processes,2023,OpenAlex,Q1|Q3|Q5|Q6,PENDING_FULLTEXT_ELIGIBILITY,,,PENDING,,
bib_18db290b71b0847e,10.1111/btp.13293,Pollination of Chamaepentas nobilis (Rubiaceae) by long‐proboscid hawkmoths in south‐central Africa: Trait mismatching and floral scent chemistry,2024,OpenAlex,Q3|Q5|Q6,PENDING_FULLTEXT_ELIGIBILITY,,,PENDING,,
bib_c3fbff0ec5cb4dd6,10.1111/btp.13342,Flower visitor networks: Reduced reproductive success driven by antagonists in a hummingbird‐pollinated species,2024,OpenAlex,Q4,PENDING_FULLTEXT_ELIGIBILITY,,,PENDING,,
bib_a36740335ef663f0,10.1111/btp.70132,Movement Strategies of Neotropical Nectarivorous Birds: Insights From High‐Andean Hummingbirds and Flowerpiercers,2025,OpenAlex,Q6,PENDING_FULLTEXT_ELIGIBILITY,,,PENDING,,
bib_ca075b05809775ba,10.1111/cobi.12193,Imperfect Replacement of Native Species by Non‐Native Species as Pollinators of Endemic Hawaiian Plants,2013,OpenAlex,Q1|Q4,PENDING_FULLTEXT_ELIGIBILITY,,,PENDING,,
bib_6098a2badbbba9b2,10.1111/ddi.12434,The integration of alien plants in mutualistic plant–hummingbird networks across the Americas: the importance of species traits and insularity,2016,OpenAlex,Q5|Q6,PENDING_FULLTEXT_ELIGIBILITY,,,PENDING,,
bib_1bc93686453e792f,10.1111/ecog.06735,Citizen science data reveal altitudinal movement and seasonal ecosystem use by hummingbirds in the Andes Mountains,2023,OpenAlex,Q5|Q6,PENDING_FULLTEXT_ELIGIBILITY,,,PENDING,,
bib_7e675957c2ed4ea2,10.1111/eea.12852,"Mosquito phytophagy – sources exploited, ecological function, and evolutionary transition to haematophagy",2019,OpenAlex,Q3|Q6,PENDING_FULLTEXT_ELIGIBILITY,,,PENDING,,
bib_054d0673f7e2b84e,10.1111/eea.13201,Bumblebee attraction toMatthiola lividaflowers is altered by combined water stress and insect herbivory,2022,OpenAlex,Q7,PENDING_FULLTEXT_ELIGIBILITY,,,PENDING,,
bib_6cf9d66c58ac6d8c,10.1111/een.12509,"Variation in composition of two bumble bee species across communities affects nectar robbing but maintains pollinator visitation rate to an alpine plant, Salvia przewalskii",2018,OpenAlex,Q6|Q7,PENDING_FULLTEXT_ELIGIBILITY,,,PENDING,,
bib_555b9a1177023cbc,10.1111/ele.12342,"The potential for indirect effects between co‐flowering plants via shared pollinators depends on resource abundance, accessibility and relatedness",2014,OpenAlex,Q3|Q5|Q6|Q7,PENDING_FULLTEXT_ELIGIBILITY,,,PENDING,,
bib_61d454dacd635433,10.1111/ele.13331,Flowers respond to pollinator sound within minutes by increasing nectar sugar concentration,2019,OpenAlex,Q4,PENDING_FULLTEXT_ELIGIBILITY,,,PENDING,,
bib_aa9b251e3f917a9b,10.1111/ele.70073,A Probabilistic View of Forbidden Links: Their Prevalence and Their Consequences for the Robustness of Plant–Hummingbird Communities,2025,OpenAlex,Q1|Q4|Q5|Q6,PENDING_FULLTEXT_ELIGIBILITY,,,PENDING,,
bib_ac7149445e750d31,10.1111/eth.70053,Dominance Hierarchy and Floral Trait Preference: Behavioural Strategies of Bee Community Foraging on Brinjal ( Solanum melongena ),2026,OpenAlex,Q4|Q6,PENDING_FULLTEXT_ELIGIBILITY,,,PENDING,,
bib_6df4be6739d33a76,10.1111/evo.12441,COMPETITION FOR HUMMINGBIRD POLLINATION SHAPES FLOWER COLOR VARIATION IN ANDEAN SOLANACEAE,2014,OpenAlex,Q1|Q3|Q4,PENDING_FULLTEXT_ELIGIBILITY,,,PENDING,,
bib_83c8100b2ff68fe4,10.1111/gcb.15386,Water stress and insect herbivory interactively reduce crop yield while the insect pollination benefit is conserved,2020,OpenAlex,Q6,PENDING_FULLTEXT_ELIGIBILITY,,,PENDING,,
bib_164cb2b592e4c0e1,10.1111/gcb.16145,"The effect of past defaunation on ranges, niches, and future biodiversity forecasts",2022,OpenAlex,Q1,PENDING_FULLTEXT_ELIGIBILITY,,,PENDING,,
bib_ffb448f1952c8df3,10.1111/gcbb.12080,Mass‐flowering crops increase richness of cavity‐nesting bees and wasps in modern agro‐ecosystems,2013,OpenAlex,Q3|Q7,PENDING_FULLTEXT_ELIGIBILITY,,,PENDING,,
bib_0b5b3e4fcfb1b80e,10.1111/geb.13753,Global change and plant–pollinator communities in Mediterranean biomes,2023,OpenAlex,Q6|Q7,PENDING_FULLTEXT_ELIGIBILITY,,,PENDING,,
bib_55434aee2b196131,10.1111/icad.12736,Resource gaps pose the greatest threat for bumblebees during the colony establishment phase,2024,OpenAlex,Q1|Q3|Q6|Q7,PENDING_FULLTEXT_ELIGIBILITY,,,PENDING,,
bib_15b9e75edd9f5be8,10.1111/j.0022-0477.2004.00952.x,Understanding mutualism when there is adaptation to the partner,2005,OpenAlex,Q1,PENDING_FULLTEXT_ELIGIBILITY,,,PENDING,,
bib_a62a68ce24918469,10.1111/j.0030-1299.2005.13884.x,Effects of nectar robbing on nectar dynamics and bumblebee foraging strategies in Linaria vulgaris (Scrophulariaceae),2005,OpenAlex,Q6|Q7,PENDING_FULLTEXT_ELIGIBILITY,,,PENDING,,
bib_5e7c49ed51081348,10.1111/j.1095-8312.2007.00890.x,Reproductive ecology of 21 coexisting Psychotria species (Rubiaceae): when is heterostyly lost?,2007,OpenAlex,Q5,PENDING_FULLTEXT_ELIGIBILITY,,,PENDING,,
bib_cf817e38208f7365,10.1111/j.1095-8312.2008.01146.x,Relationship between floral tube length and nectar robbing in Duranta erecta L. (Verbenaceae),2009,OpenAlex,Q3,KNOWN_DIRECT_CORPUS_MATCH,Navarro_Medel_2009,POSITIVE,KNOWN_ELIGIBLE_DIRECT,POSITIVE,matched_by=DOI
bib_366a3331b55e71f6,10.1111/j.1095-8339.2004.00329.x,Trends in floral scent chemistry in pollination syndromes: floral scent composition in hummingbird-pollinated taxa,2004,OpenAlex,Q4|Q5,PENDING_FULLTEXT_ELIGIBILITY,,,PENDING,,
bib_de4de25cd3d486f7,10.1111/j.1095-8339.2005.00388.x,"Diversity, flower visitation frequency and generalism of pollinators in temperate rain forests of Chiloé Island, Chile",2005,OpenAlex,Q5,PENDING_FULLTEXT_ELIGIBILITY,,,PENDING,,
bib_0994f5074c1dc696,10.1111/j.1365-2435.2007.01299.x,Allometry and functional constraints on proboscis lengths in butterflies,2007,OpenAlex,Q3|Q4|Q6,PENDING_FULLTEXT_ELIGIBILITY,,,PENDING,,
bib_d38488cd1245d244,10.1111/j.1365-2664.2009.01759.x,Oilseed rape crops distort plant–pollinator interactions,2009,OpenAlex,Q7,PENDING_FULLTEXT_ELIGIBILITY,,,PENDING,,
bib_eb691fbaef1d0b2d,10.1111/j.1365-2745.2010.01648.x,"Beyond biomass: measuring the effects of community‐level nitrogen enrichment on floral traits, pollinator visitation and plant reproduction",2010,OpenAlex,Q1|Q4|Q5,PENDING_FULLTEXT_ELIGIBILITY,,,PENDING,,
bib_f411c04b690f1e51,10.1111/j.1420-9101.2008.01669.x,Selective nectar robbing in a gynodioecious plant (Glechoma longituba) enhances female advantage,2008,OpenAlex,Q1|Q2|Q4|Q5,PENDING_FULLTEXT_ELIGIBILITY,,,PENDING,,
bib_bc5fcbaa90babcd4,10.1111/j.1442-1984.2000.00047.x,Reproductive biology of a North American subalpine plant: Corydalis caseana A. Gray ssp. brandegei (S. Watson) G. B. Ownbey,2000,OpenAlex,Q7,PENDING_FULLTEXT_ELIGIBILITY,,,PENDING,,
bib_f2012d84baac25cb,10.1111/j.1442-1984.2007.00179.x,Effect of Weigela hortensis (Caprifoliaceae) floral morphology on pollinator behavior,2007,OpenAlex,Q5|Q6,PENDING_FULLTEXT_ELIGIBILITY,,,PENDING,,
bib_b48f1ee5d633d547,10.1111/j.1442-9993.2009.01976.x,A test for Allee effects in the self‐incompatible wasp‐pollinated milkweedGomphocarpus physocarpus,2009,OpenAlex,Q5|Q7,PENDING_FULLTEXT_ELIGIBILITY,,,PENDING,,
bib_e4c068bb554dbd6b,10.1111/j.1442-9993.2011.02320.x,Differential effects of anthropogenic edges and gaps on the reproduction of a forest‐dwelling plant: The role of plant reproductive effort and nectar robbing by bumblebees,2011,OpenAlex,Q1|Q6,PENDING_FULLTEXT_ELIGIBILITY,,,PENDING,,
bib_327195a5c18ad509,10.1111/j.1469-8137.2006.01656.x,Pollination mutualisms in Caryophyllaceae,2006,OpenAlex,Q6,PENDING_FULLTEXT_ELIGIBILITY,,,PENDING,,
bib_e506a892157ee9f6,10.1111/j.1469-8137.2006.01864.x,The evolution of plant–insect mutualisms,2006,OpenAlex,Q1,PENDING_FULLTEXT_ELIGIBILITY,,,PENDING,,
bib_7551e37b18f432e5,10.1111/j.1469-8137.2009.02914.x,Darwin's beautiful contrivances: evolutionary and functional evidence for floral adaptation,2009,OpenAlex,Q3|Q4|Q5|Q6,PENDING_FULLTEXT_ELIGIBILITY,,,PENDING,,
bib_7f8f649207fd20bd,10.1111/j.1469-8137.2011.03785.x,Selective seed abortion induced by nectar robbing in the selfing plant Comastoma pulmonarium,2011,OpenAlex,Q1,PENDING_FULLTEXT_ELIGIBILITY,,,PENDING,,
bib_8d4f6b0f03aad526,10.1111/j.1469-8137.2011.04013.x,Pollinators cause stronger selection than herbivores on floral traits inLobelia cardinalis(Lobeliaceae),2012,OpenAlex,Q3|Q4|Q5,PENDING_FULLTEXT_ELIGIBILITY,,,PENDING,,
bib_2ad9ff3eec4e9c14,10.1111/j.1558-5646.2008.00327.x,THE ROLE OF POLLINATOR SHIFTS IN THE FLORAL DIVERSIFICATION OF IOCHROMA (SOLANACEAE),2008,OpenAlex,Q1|Q3|Q5,PENDING_FULLTEXT_ELIGIBILITY,,,PENDING,,
bib_04a30d99bfb1e35b,10.1111/j.1558-5646.2012.01796.x,ADAPTIVE DIVERGENCE IN DARWIN'S RACE: HOW COEVOLUTION CAN GENERATE TRAIT DIVERSITY IN A POLLINATION SYSTEM,2012,OpenAlex,Q3|Q5|Q6,PENDING_FULLTEXT_ELIGIBILITY,,,PENDING,,
bib_bced1e54ef9fa67b,10.1111/j.1574-6941.2011.01286.x,Nectar yeasts of two southern Spanish plants: the roles of immigration and physiological traits in community assembly,2012,OpenAlex,Q6,PENDING_FULLTEXT_ELIGIBILITY,,,PENDING,,
bib_2555e75789b428c2,10.1111/jeb.13657,"Floral trait differentiation inAnacamptis coriophora: Phenotypic selection on scents, but not on colour",2020,OpenAlex,Q3|Q4|Q5|Q6,PENDING_FULLTEXT_ELIGIBILITY,,,PENDING,,
bib_a5dbcc610314374f,10.1111/jeb.13670,Functional implications of the specialized staminal appendages in alpine ginger (Roscoeaspp.: Zingiberaceae),2020,OpenAlex,Q3|Q6|Q7,PENDING_FULLTEXT_ELIGIBILITY,,,PENDING,,
bib_c1cf17ee7dcd91aa,10.1111/jeb.13781,"Selfing rates vary with floral display, pollinator visitation and plant density in natural populations of Mimulus ringens",2021,OpenAlex,Q3|Q4|Q5,PENDING_FULLTEXT_ELIGIBILITY,,,PENDING,,
bib_850852b8f8bd6b20,10.1111/jipb.13731,Lethal effects of tea‐oil Camellia on honeybee larvae due to pollen toxicity,2024,OpenAlex,Q5,PENDING_FULLTEXT_ELIGIBILITY,,,PENDING,,
bib_d5e46fde96bfc531,10.1111/jvs.12127,Does competition for pollinators contribute to structuring Erica communities?,2013,OpenAlex,Q5,PENDING_FULLTEXT_ELIGIBILITY,,,PENDING,,
bib_7ed3ff2a1abfd62b,10.1111/nph.12924,When mutualism goes bad: density‐dependent impacts of introduced bees on plant reproduction,2014,OpenAlex,Q7,PENDING_FULLTEXT_ELIGIBILITY,,,PENDING,,
bib_fbacb5d10f1a45ee,10.1111/nph.14809,Nectar‐inhabiting microorganisms influence nectar volatile composition and attractiveness to a generalist pollinator,2017,OpenAlex,Q4|Q6,PENDING_FULLTEXT_ELIGIBILITY,,,PENDING,,
bib_72b801eac7681bfe,10.1111/nph.15743,Pollination effectiveness in a generalist plant: adding the genetic component,2019,OpenAlex,Q7,PENDING_FULLTEXT_ELIGIBILITY,,,PENDING,,
bib_acce9e8f3633e507,10.1111/nph.16119,A century of pollination success revealed by herbarium specimens of seed pods,2019,OpenAlex,Q4|Q5,PENDING_FULLTEXT_ELIGIBILITY,,,PENDING,,
bib_b6603be5d9e53621,10.1111/nph.70141,The developmental basis of floral nectary diversity and evolution,2025,OpenAlex,Q4,PENDING_FULLTEXT_ELIGIBILITY,,,PENDING,,
bib_1c0b534b34069cf7,10.1111/nph.70217,Nectar metabolomes contribute to pollination syndromes,2025,OpenAlex,Q5|Q7,PENDING_FULLTEXT_ELIGIBILITY,,,PENDING,,
bib_c7deffd66640a569,10.1111/oik.01439,"Species traits and abundances predict metrics of plant–pollinator network structure, but not pairwise interactions",2014,OpenAlex,Q5|Q6|Q7,PENDING_FULLTEXT_ELIGIBILITY,,,PENDING,,
bib_17920c5222396da0,10.1111/oik.02685,"Nectar robbing: a common phenomenon mainly determined by accessibility constraints, nectar volume and density of energy rewards",2015,OpenAlex,Q5|Q7,KNOWN_DIRECT_CORPUS_MATCH,RojasNossa_Sanchez_Navarro_2016,POSITIVE,KNOWN_ELIGIBLE_DIRECT,POSITIVE,matched_by=DOI
bib_7f1a7835a6c1d573,10.1111/oik.06988,Nectar robbers deter legitimate pollinators by mutilating flowers,2020,OpenAlex,Q5|Q7,PENDING_FULLTEXT_ELIGIBILITY,,,PENDING,,
bib_899d0c041d64ec36,10.1111/oik.2017.v126.i9,Foraging strategy predicts foraging economy in a facultative secondary nectar robber,2017,OpenAlex,Q6|Q7,PENDING_FULLTEXT_ELIGIBILITY,,,PENDING,,
bib_213defb84afa6c6b,10.1111/plb.12080,"The comparative reproductive biology of a tetraploid species, H edychium villosum, and its diploid progenitor H . tenuiflorum( Z ingiberaceae)",2013,OpenAlex,Q4|Q5,PENDING_FULLTEXT_ELIGIBILITY,,,PENDING,,
bib_b5f385b825d26ff8,10.1111/plb.12581,"Pollinators shift to nectar robbers when florivory occurs, with effects on reproductive success in Iris bulleyana (Iridaceae)",2017,OpenAlex,Q3|Q5|Q6|Q7,PENDING_FULLTEXT_ELIGIBILITY,,,PENDING,,
bib_30eb0aa7db0e993d,10.1111/plb.12889,"Social wasps, crickets and cockroaches contribute to pollination of the holoparasitic plantMitrastemon yamamotoi(Mitrastemonaceae) in southern Japan",2018,OpenAlex,Q5,PENDING_FULLTEXT_ELIGIBILITY,,,PENDING,,
bib_e70c813ee824d8d8,10.1111/plb.13575,Flower orientation and corolla length as reproductive barriers in the pollinator‐driven divergence of Erica shannonea and Erica ampullacea,2023,OpenAlex,Q1|Q3|Q6,PENDING_FULLTEXT_ELIGIBILITY,,,PENDING,,
bib_01ed5fa345d782a8,10.1111/plb.13607,"Specialized pollination by cecidomyiid flies and associated floral traits in Vincetoxicum sangyojarniae (Apocynaceae, Asclepiadoideae)",2024,OpenAlex,Q4|Q5|Q6,PENDING_FULLTEXT_ELIGIBILITY,,,PENDING,,
bib_fdb85ad48d4b67fc,10.1111/plb.70142,"Pollinator‐dependence and specialization in three sunbird‐pollinated, fire‐stimulated flowering species",2025,OpenAlex,Q3,PENDING_FULLTEXT_ELIGIBILITY,,,PENDING,,
bib_2a180b752b55c0f3,10.1111/plb.70153,Generalization for both diurnal and nocturnal pollination in the mass‐flowering desert geophyte Nerine laticoma (Amaryllidaceae),2025,OpenAlex,Q5|Q7,PENDING_FULLTEXT_ELIGIBILITY,,,PENDING,,
bib_5ba9d690bb2604fb,10.1128/aem.00323-26,Diversity and sources of floral microbial communities,2026,OpenAlex,Q5|Q7,PENDING_FULLTEXT_ELIGIBILITY,,,PENDING,,
bib_ccd96cdf8a355722,10.1134/s0013873818080079,"Nesting and Biology of Alastor mocsaryi (Hymenoptera, Vespidae: Eumeninae)",2018,OpenAlex,Q5,PENDING_FULLTEXT_ELIGIBILITY,,,PENDING,,
bib_54f8d65b9ae5e436,10.1139/cjb-2022-0091,Pollination systems and nectar rewards in four Andean species of Salvia (Lamiaceae),2023,OpenAlex,Q7,PENDING_FULLTEXT_ELIGIBILITY,,,PENDING,,
bib_08abd55c720f54d8,10.1146/annurev-ecolsys-011720-013401,"The Floral Microbiome: Plant, Pollinator, and Microbial Perspectives",2020,OpenAlex,Q5,PENDING_FULLTEXT_ELIGIBILITY,,,PENDING,,
bib_df6c28965a3a877d,10.1146/annurev-ento-120220-124357,Chemical Ecology of Floral Resources in Conservation Biological Control,2022,OpenAlex,Q5,PENDING_FULLTEXT_ELIGIBILITY,,,PENDING,,
bib_55fc8ff2d49bf055,10.1155/2010/201858,Impact of Bee Species and Plant Density on Alfalfa Pollination and Potential for Gene Flow,2010,OpenAlex,Q3|Q6|Q7,PENDING_FULLTEXT_ELIGIBILITY,,,PENDING,,
bib_db099e0ab7abf43a,10.1155/2010/536430,Ambient Air Temperature Does Not Predict whether Small or Large Workers Forage in Bumble Bees (Bombus impatiens),2010,OpenAlex,Q6,PENDING_FULLTEXT_ELIGIBILITY,,,PENDING,,
bib_1af162d92dce290a,10.1155/2010/927463,Large Carpenter Bees as Agricultural Pollinators,2010,OpenAlex,Q3,PENDING_FULLTEXT_ELIGIBILITY,,,PENDING,,
bib_79baa009fe33e473,10.1155/2015/610735,Florivory Modulates the Seed Number‐Seed Weight Relationship in Halenia elliptica (Gentianaceae),2015,OpenAlex,Q4,PENDING_FULLTEXT_ELIGIBILITY,,,PENDING,,
bib_2248662c0ce7d152,10.1155/2018/3904973,Some Unresolved Issues of Measuring the Efficiency of Pollinators: Experimentally Testing and Assessing the Predictive Power of Different Methods,2018,OpenAlex,Q4|Q5,PENDING_FULLTEXT_ELIGIBILITY,,,PENDING,,
bib_8eadb4bf0a7b1c93,10.11575/prism/26188,Floral Anthesis Rate and Pollen Limitation in Delphinium glaucum and their Consequences for Female Fitness,2016,OpenAlex,Q3|Q4|Q5|Q7,PENDING_FULLTEXT_ELIGIBILITY,,,PENDING,,
bib_af89d527672b8647,10.11575/prism/27709,Scaling of Density-Dependent Reproduction in Bee-Pollinated Forbs of Logged Forests,2015,OpenAlex,Q5,PENDING_FULLTEXT_ELIGIBILITY,,,PENDING,,
bib_bc92ecb6ab3c1288,10.11575/prism/38805,"Landscape composition and configuration affect nest founding but not success of bumble bee colonies in agroecosystems in the Lower Mainland of British Columbia, Canada.",2021,OpenAlex,Q5,PENDING_FULLTEXT_ELIGIBILITY,,,PENDING,,
bib_2b97f71f1cd223a0,10.11575/prism/5440,Genetics and evolution of ultraviolet reflectance in flowers,2018,OpenAlex,Q1|Q3|Q4|Q5,PENDING_FULLTEXT_ELIGIBILITY,,,PENDING,,
bib_daaebd59aaac48b7,10.11606/t.11.2011.tde-17032011-161557,"Diversidade genética, sistema de reprodução, estrutura genética espacial e fluxo gênico em Tabebuia aurea (Silva Manso) Benth. & Hook. f. ex S. Moore no Cerrado",2011,OpenAlex,Q6,PENDING_FULLTEXT_ELIGIBILITY,,,PENDING,,
bib_1187b53088700fc1,10.11606/t.41.2007.tde-20022008-134933,Densidade de recursos florais em múltiplas escalas espaciais: conseqüências para a interação planta-polinizador e demografia de Abutilon rufinerve (Malvaceae),2007,OpenAlex,Q5,PENDING_FULLTEXT_ELIGIBILITY,,,PENDING,,
bib_a1aa1171887e5dd1,10.11606/t.41.2017.tde-17082017-093329,Estrutura geográfica da interação entre abelhas coletoras de óleo e Krameria Loefl. (Krameriaceae): funcionalidade e integração fenotípica de caracteres florais,2017,OpenAlex,Q5,PENDING_FULLTEXT_ELIGIBILITY,,,PENDING,,
bib_faf7be66f6557bf0,10.11606/t.59.2020.tde-22122020-123707,Paisagem e redes de polinização: como manter a polinização na Mata Atlântica?,2020,OpenAlex,Q6,PENDING_FULLTEXT_ELIGIBILITY,,,PENDING,,
bib_5090c454fa8e0c75,10.11609/jott.2276.8.5.8777-8787,"Pollination ecology of Clerodendrum inerme (L.) Gaertn. (Lamiaceae) in Coringa mangrove ecosystem, Andhra Pradesh, India",2016,OpenAlex,Q5|Q6,PENDING_FULLTEXT_ELIGIBILITY,,,PENDING,,
bib_2e2527d589999889,10.11609/jott.3172.9.10.10757-10770,"Pollination ecology of Rhynchosia cana (Willd.) DC. (Fabaceae), an erect sub-shrub, in peninsular India",2017,OpenAlex,Q4,PENDING_FULLTEXT_ELIGIBILITY,,,PENDING,,
bib_1a82e18803d068fe,10.11609/jott.3201.10.1.11105-11125,On the reproductive ecology of Premna latifolia L. and Premna tomentosa Willd. (Lamiaceae),2018,OpenAlex,Q6|Q7,PENDING_FULLTEXT_ELIGIBILITY,,,PENDING,,
bib_78f11a1c078caf9f,10.11609/jott.5299.14.8.21660-21695,"Checklist of the orchids of Nokrek Biosphere Reserve, Meghalaya, India",2022,OpenAlex,Q4,PENDING_FULLTEXT_ELIGIBILITY,,,PENDING,,
bib_3d6b9dc3b803dfbe,10.11609/jott.7930.14.8.21642-21650,Zoophily and nectar-robbing by sunbirds in Gardenia latifolia Ait. (Rubiaceae),2022,OpenAlex,Q6|Q7,PENDING_FULLTEXT_ELIGIBILITY,,,PENDING,,
bib_8b84d59906c9a20f,10.11609/jott.8023.14.10.22001-22007,"Nectar robbing by bees on the flowers of Volkameria inermis (Lamiaceae) in Coringa Wildlife Sanctuary, Andhra Pradesh, India",2022,OpenAlex,Q5|Q6,PENDING_FULLTEXT_ELIGIBILITY,,,PENDING,,
bib_98665deda012888a,10.11609/jott.o2337.1432-6,Floral and reproductive biology of Sarpagandha Rauvolfia serpentina (Gentianales: Apocynaceae) in semi-arid environment of India,2011,OpenAlex,Q1|Q5,PENDING_FULLTEXT_ELIGIBILITY,,,PENDING,,
bib_cc4c9fdcc288052b,10.11609/jott.zpj.1042.1595-8,"The Hawkmoth, Macroglossum gyrans and its interaction with some plant species at Visakhapatnam",2004,OpenAlex,Q6|Q7,PENDING_FULLTEXT_ELIGIBILITY,,,PENDING,,
bib_f620e054a76e49f5,10.1186/s12862-024-02293-4,Functional trait mismatch between native and introduced bee pollinators servicing a global fruit crop,2024,OpenAlex,Q5|Q6|Q7,PENDING_FULLTEXT_ELIGIBILITY,,,PENDING,,
bib_886df6d2780c26d5,10.1186/s12862-024-02301-7,Trades-offs between pollinator attraction and florivore defense maximize reproductive success in the self-incompatible Rivea ornata (Convolvulaceae),2024,OpenAlex,Q5,PENDING_FULLTEXT_ELIGIBILITY,,,PENDING,,
bib_362b4bc68ea730ed,10.1186/s12862-025-02463-y,Habitat factors and traits shape plant-pollinator interactions in a semi-arid landscape,2025,OpenAlex,Q4|Q5,PENDING_FULLTEXT_ELIGIBILITY,,,PENDING,,
bib_c06c7e04ff5c66b0,10.1186/s12870-019-1972-y,Sex-differential reproduction success and selection on floral traits in gynodioecious Salvia pratensis,2019,OpenAlex,Q1|Q3|Q4|Q6,PENDING_FULLTEXT_ELIGIBILITY,,,PENDING,,
bib_2af08f21dd947e59,10.1186/s12870-024-05495-6,Genotypic variation in blueberry flower morphology and nectar reward content affects pollinator attraction in a diverse breeding population,2024,OpenAlex,Q1|Q2|Q4|Q5,PENDING_FULLTEXT_ELIGIBILITY,,,PENDING,,
bib_523a6492b220b674,10.1186/s12870-024-05867-y,Multiple insect pollination contributes to differential phenotypic selection on floral traits in Stellera chamaejasme,2024,OpenAlex,Q3|Q4|Q5|Q6,PENDING_FULLTEXT_ELIGIBILITY,,,PENDING,,
bib_9a94a000dc88f059,10.1186/s12870-025-06474-1,Pre-pollination isolation by pollinator specificity: settling moth versus hawkmoth pollination in two sympatric Habenaria species (Orchidaceae),2025,OpenAlex,Q3|Q5|Q6|Q7,PENDING_FULLTEXT_ELIGIBILITY,,,PENDING,,
bib_b5dba2b8b80afd6e,10.1186/s12898-015-0053-9,BMC Ecology Image Competition 2015: the winning images,2015,OpenAlex,Q6,PENDING_FULLTEXT_ELIGIBILITY,,,PENDING,,
bib_fe98bb97a0625290,10.1186/s12898-016-0090-z,BMC Ecology Image Competition 2016: the winning images,2016,OpenAlex,Q6|Q7,PENDING_FULLTEXT_ELIGIBILITY,,,PENDING,,
bib_b4401efcc1c502cc,10.1186/s40657-021-00256-7,The flowerpiercers interactions with a community of high Andean plants,2021,OpenAlex,Q1|Q2|Q3,KNOWN_DIRECT_CORPUS_MATCH,CutaPineda_AriasSosa_Pelayo_2021,POSITIVE,KNOWN_ELIGIBLE_DIRECT,POSITIVE,matched_by=DOI
bib_a43157a5f74fc793,10.1242/jeb.052688,Avoidance of achromatic colours by bees provides a private niche for hummingbirds,2011,OpenAlex,Q4,PENDING_FULLTEXT_ELIGIBILITY,,,PENDING,,
bib_2a1ad093dd329d70,10.1242/jeb.245074,"Nectar feeding beyond the tongue: hummingbirds drink using phase-shifted bill opening, flexible tongue flaps and wringing at the tips",2023,OpenAlex,Q1|Q4|Q6,PENDING_FULLTEXT_ELIGIBILITY,,,PENDING,,
bib_5512c3009082e387,10.1242/jeb.246156,Nectar cardenolides and floral volatiles mediate a specialized wasp pollination system,2024,OpenAlex,Q3|Q5|Q7,PENDING_FULLTEXT_ELIGIBILITY,,,PENDING,,
bib_5e1d9e73a76beec1,10.12657/denbio.085.0011,Passerine birds supporting cross pollination in Erythrina stricta Roxb.,2021,OpenAlex,Q6,PENDING_FULLTEXT_ELIGIBILITY,,,PENDING,,
bib_90173a7ea9eb6484,10.1303/aez.2010.101,"Bombus terrestris, pollinator, invasive and pest: An assessment of problems associated with its widespread introductions for commercial purposes",2010,OpenAlex,Q5|Q6|Q7,PENDING_FULLTEXT_ELIGIBILITY,,,PENDING,,
bib_32e7371de5da8acf,10.1303/aez.2010.37,Impacts of alien bees on native plant-pollinator relationships: A review with special emphasis on plant reproduction,2010,OpenAlex,Q2|Q5|Q6,PENDING_FULLTEXT_ELIGIBILITY,,,PENDING,,
bib_3356557fb2a934cb,10.1303/aez.2010.71,Is Bombus terrestris (Hymenoptera: Apidae) a stronger competitor against native Japanese species? A comparison of foraging efficiency,2010,OpenAlex,Q3|Q4|Q6|Q7,PENDING_FULLTEXT_ELIGIBILITY,,,PENDING,,
bib_320b5c5a1b71b6a2,10.1303/jjaez.2008.47,Ecological Risks of Commercialized Bumblebee and the Invasive Alien Species Act,2008,OpenAlex,Q1,PENDING_FULLTEXT_ELIGIBILITY,,,PENDING,,
bib_bceb6c6014d32983,10.13040/ijpsr.0975-8232.14(3).1071-75,[OpenAlex untitled work https://openalex.org/W4362735000],2023,OpenAlex,Q3,PENDING_FULLTEXT_ELIGIBILITY,,,PENDING,,
bib_4276b2265149faa2,10.13057/biodiv/d240608,Pollination ecology of an important medicinal plant Hellenia speciosa (J.Koenig) S.R.Dutta of Asiatic tropics,2023,OpenAlex,Q5,PENDING_FULLTEXT_ELIGIBILITY,,,PENDING,,
bib_b19dcfe5f47fac97,10.13102/sociobiology.v59i4.503,Bee Visitors of Quaresmeira Flowers (Tibouchina granulosa Cogn.) in the Region of Dourados (MS-Brasil),2014,OpenAlex,Q6,PENDING_FULLTEXT_ELIGIBILITY,,,PENDING,,
bib_9ab3ecf3a4824299,10.13102/sociobiology.v66i3.4345,Pollination of Grewia asiatica (Malvaceae) by Megachile cephalotes (Hymenoptera: Megachilidae): Male vs. Female Pollination,2019,OpenAlex,Q6,PENDING_FULLTEXT_ELIGIBILITY,,,PENDING,,
bib_b25d42c5f8f2ce8b,10.1360/biodiv.050161,Assessment of function area design in Dinghushan Biosphere Reserve using landscape ecology principles,2006,OpenAlex,Q5,PENDING_FULLTEXT_ELIGIBILITY,,,PENDING,,
bib_ebb3ef92aada9849,10.1371/journal.pbio.1002564,Associative Mechanisms Allow for Social Learning and Cultural Transmission of String Pulling in an Insect,2016,OpenAlex,Q6,PENDING_FULLTEXT_ELIGIBILITY,,,PENDING,,
bib_394e30509ef1c905,10.1371/journal.pbio.3002019,Bumblebees acquire alternative puzzle-box solutions via social learning,2023,OpenAlex,Q6,PENDING_FULLTEXT_ELIGIBILITY,,,PENDING,,
bib_67ca404fabed3975,10.1371/journal.pbio.3002434,When cheating turns into a stabilizing mechanism of plant–pollinator communities,2023,OpenAlex,Q1|Q3,PENDING_FULLTEXT_ELIGIBILITY,,,PENDING,,
bib_18de5721ef147d3e,10.1371/journal.pone.0002992,Resource Competition Triggers the Co-Evolution of Long Tongues and Deep Corolla Tubes,2008,OpenAlex,Q3|Q6|Q7,PENDING_FULLTEXT_ELIGIBILITY,,,PENDING,,
bib_ff4cacd684c21609,10.1371/journal.pone.0033803,Contribution of Pollinators to Seed Production as Revealed by Differential Pollinator Exclusion in Clerodendrum trichotomum (Lamiaceae),2012,OpenAlex,Q4|Q5,PENDING_FULLTEXT_ELIGIBILITY,,,PENDING,,
bib_00bf617fa3e243be,10.1371/journal.pone.0041121,"Total Control – Pollen Presentation and Floral Longevity in Loasaceae (Blazing Star Family) Are Modulated by Light, Temperature and Pollinator Visitation Rates",2012,OpenAlex,Q5|Q6|Q7,PENDING_FULLTEXT_ELIGIBILITY,,,PENDING,,
bib_846c49d03b0f589d,10.1371/journal.pone.0043869,Nectar Theft and Floral Ant-Repellence: A Link between Nectar Volume and Ant-Repellent Traits?,2012,OpenAlex,Q5,PENDING_FULLTEXT_ELIGIBILITY,,,PENDING,,
bib_b59b9917b1b1adce,10.1371/journal.pone.0055914,Floral Nectar Guide Patterns Discourage Nectar Robbing by Bumble Bees,2013,OpenAlex,Q3|Q6,PENDING_FULLTEXT_ELIGIBILITY,,,PENDING,,
bib_46c2bc2bc713051d,10.1371/journal.pone.0067556,Do Honeybees Shape the Bacterial Community Composition in Floral Nectar?,2013,OpenAlex,Q6,PENDING_FULLTEXT_ELIGIBILITY,,,PENDING,,
bib_b0d8b02abb852ee7,10.1371/journal.pone.0087689,"Comparison of Sugars, Iridoid Glycosides and Amino Acids in Nectar and Phloem Sap of Maurandya barclayana, Lophospermum erubescens, and Brassica napus",2014,OpenAlex,Q1|Q7,PENDING_FULLTEXT_ELIGIBILITY,,,PENDING,,
bib_ca85af3c31064878,10.1371/journal.pone.0090510,Intercropping with Shrub Species That Display a ‘Steady-State’ Flowering Phenology as a Strategy for Biodiversity Conservation in Tropical Agroecosystems,2014,OpenAlex,Q7,PENDING_FULLTEXT_ELIGIBILITY,,,PENDING,,
bib_bca713480d4cc242,10.1371/journal.pone.0093421,"Floral Reward, Advertisement and Attractiveness to Honey Bees in Dioecious Salix caprea",2014,OpenAlex,Q4|Q5,PENDING_FULLTEXT_ELIGIBILITY,,,PENDING,,
bib_387b623cce4008b3,10.1371/journal.pone.0095381,"Change of Floral Orientation within an Inflorescence Affects Pollinator Behavior and Pollination Efficiency in a Bee-Pollinated Plant, Corydalis sheareri",2014,OpenAlex,Q4,PENDING_FULLTEXT_ELIGIBILITY,,,PENDING,,
bib_701151337fe00936,10.1371/journal.pone.0097307,Bee Species Diversity Enhances Productivity and Stability in a Perennial Crop,2014,OpenAlex,Q5,PENDING_FULLTEXT_ELIGIBILITY,,,PENDING,,
bib_c9fe36160c99bc97,10.1371/journal.pone.0102325,Complex-to-Predict Generational Shift between Nested and Clustered Organization of Individual Prey Networks in Digger Wasps,2014,OpenAlex,Q6,PENDING_FULLTEXT_ELIGIBILITY,,,PENDING,,
bib_1e5be5d609df8cc1,10.1371/journal.pone.0102607,Nectar Robbing Positively Influences the Reproductive Success of Tecomella undulata (Bignoniaceae),2014,OpenAlex,Q5,PENDING_FULLTEXT_ELIGIBILITY,,,PENDING,,
bib_2dfe8319a8aee075,10.1371/journal.pone.0112013,"Gloss, Colour and Grip: Multifunctional Epidermal Cell Shapes in Bee- and Bird-Pollinated Flowers",2014,OpenAlex,Q4,PENDING_FULLTEXT_ELIGIBILITY,,,PENDING,,
bib_9abfd47d28b42c30,10.1371/journal.pone.0144585,Impact of Striped-Squirrel Nectar-Robbing Behaviour on Gender Fitness in Alpinia roxburghii Sweet (Zingiberaceae),2015,OpenAlex,Q5|Q7,PENDING_FULLTEXT_ELIGIBILITY,,,PENDING,,
bib_fb13ebfd4f28043b,10.1371/journal.pone.0150631,A New Species of Cleisostoma (Orchidaceae) from the Hon Ba Nature Reserve in Vietnam: A Multidisciplinary Assessment,2016,OpenAlex,Q4,PENDING_FULLTEXT_ELIGIBILITY,,,PENDING,,
bib_18129cc82604df7c,10.1371/journal.pone.0151482,The Allometry of Bee Proboscis Length and Its Uses in Ecology,2016,OpenAlex,Q6|Q7,PENDING_FULLTEXT_ELIGIBILITY,,,PENDING,,
bib_ebe4845806ce9320,10.1371/journal.pone.0154728,A Matter of Contrast: Yellow Flower Colour Constrains Style Length in Crocus species,2016,OpenAlex,Q6,PENDING_FULLTEXT_ELIGIBILITY,,,PENDING,,
bib_8db59f5b001fbd6e,10.1371/journal.pone.0175160,Nutrient enrichment is associated with altered nectar and pollen chemical composition in Succisa pratensis Moench and increased larval mortality of its pollinator Bombus terrestris L.,2017,OpenAlex,Q7,PENDING_FULLTEXT_ELIGIBILITY,,,PENDING,,
bib_2d74772dd3c4dc53,10.1371/journal.pone.0179273,Flight of the bumble bee: Buzzes predict pollination services,2017,OpenAlex,Q6|Q7,PENDING_FULLTEXT_ELIGIBILITY,,,PENDING,,
bib_02c879814187af0b,10.1371/journal.pone.0185683,Are pollinating hawk moths declining in the Northeastern United States? An analysis of collection records,2017,OpenAlex,Q2|Q6,PENDING_FULLTEXT_ELIGIBILITY,,,PENDING,,
bib_f41cd20a06ddaed8,10.1371/journal.pone.0189268,Do managed bees have negative effects on wild bees?: A systematic review of the literature,2017,OpenAlex,Q6,PENDING_FULLTEXT_ELIGIBILITY,,,PENDING,,
bib_77b3011e6040e794,10.1371/journal.pone.0217839,The allometry of proboscis length in Melittidae (Hymenoptera: Apoidae) and an estimate of their foraging distance using museum collections,2019,OpenAlex,Q3|Q6|Q7,PENDING_FULLTEXT_ELIGIBILITY,,,PENDING,,
bib_0b3208c353cefdd2,10.1371/journal.pone.0225252,I’ve been robbed! – Can changes in floral traits discourage bee pollination?,2019,OpenAlex,Q6|Q7,PENDING_FULLTEXT_ELIGIBILITY,,,PENDING,,
bib_42b5e778c237a9b2,10.1371/journal.pone.0237561,"Characterizing the nectar microbiome of the non-native tropical milkweed, Asclepias curassavica, in an urban environment",2020,OpenAlex,Q6,PENDING_FULLTEXT_ELIGIBILITY,,,PENDING,,
bib_8e8c3ee9ccba19a0,10.1371/journal.pone.0300398,Floral visitors of sesame (Sesamum indicum L.): Elucidating their nectar-robbing behaviour and impacts on the plant reproduction,2024,OpenAlex,Q1|Q2|Q3|Q6|Q8,KNOWN_DIRECT_CORPUS_MATCH,Bhandari_Das_Karmakar_2024,POSITIVE,KNOWN_ELIGIBLE_DIRECT,POSITIVE,matched_by=DOI
bib_37032fe1400e10a8,10.1371/journal.pone.0312143,Socioecological drivers of mutualistic and antagonistic plant-insect interactions and interaction outcomes in suburban landscapes,2024,OpenAlex,Q1|Q2|Q4,PENDING_FULLTEXT_ELIGIBILITY,,,PENDING,,
bib_4834f8c2dbbb4790,10.1387/ijdb.190166ks,Developmental biology of dispersed pollen grains,2020,OpenAlex,Q3,PENDING_FULLTEXT_ELIGIBILITY,,,PENDING,,
bib_25d765d12d963be6,10.14288/1.0071648,The evolution of bird pollination in Macaronesian Lotus section Rhyncholotus (Leguminosae),2011,OpenAlex,Q4|Q5,PENDING_FULLTEXT_ELIGIBILITY,,,PENDING,,
bib_71959a0c24367da4,10.14288/1.0300154,An investigation of highbush blueberry floral biology and reproductive success in British Columbia,2016,OpenAlex,Q1|Q4|Q5|Q6,PENDING_FULLTEXT_ELIGIBILITY,,,PENDING,,
bib_c2ca6481cc6c728a,10.14393/ufu.te.2017.43,Efeitos da assimetria floral e das interações formigas-plantas nas interações plantas-visitantes florais,2017,OpenAlex,Q5,PENDING_FULLTEXT_ELIGIBILITY,,,PENDING,,
bib_4ed95eb405b3f56a,10.14393/ufu.te.2024.5508,Os beija-flores e as pessoas: desvendando a contribuição da ciência cidadã e o efeito da urbanização nas interações com as flores,2024,OpenAlex,Q6,PENDING_FULLTEXT_ELIGIBILITY,,,PENDING,,
bib_cd07f5bf88f6a9d4,10.14719/pst.5850,Pollination ecology and flowering rhythm of Gloriosa superba L.: Behavioural insights into principal pollinators,2025,OpenAlex,Q5,PENDING_FULLTEXT_ELIGIBILITY,,,PENDING,,
bib_aa91ed79ad808de1,10.14943/doctoral.k8187,Pollen Morphology and Its Systematic Significance in the Ericaceae,2007,OpenAlex,Q5,PENDING_FULLTEXT_ELIGIBILITY,,,PENDING,,
bib_dcc6462f0422b8f2,10.15083/00004303,"Assessing ecological impacts of Bombus terrestris (L.) naturalized in Hokkaido, northern Japan",2008,OpenAlex,Q6,PENDING_FULLTEXT_ELIGIBILITY,,,PENDING,,
bib_0118e7642f168f62,10.1515/opag-2025-0449,Influence of flowering plants in maize crop on the interaction network of Tetragonula laeviceps colonies,2025,OpenAlex,Q3,PENDING_FULLTEXT_ELIGIBILITY,,,PENDING,,
bib_8af6ec298959e1eb,10.1515/trser-2015-0092,"Reproductive Biology of Mangrove PlantsClerodendrum inerme, Derris trifoliata, Suaeda maritima, Suaeda monoica, Suaeda nudiflora",2016,OpenAlex,Q3|Q5|Q6|Q7,PENDING_FULLTEXT_ELIGIBILITY,,,PENDING,,
bib_5ababed106b2f3b6,10.15381/rpb.v32i3.30866,Nectar robbery in Campsidium valdivianum: observations on floral morphology and the role of bumblebees and birds in southern Chile,2025,OpenAlex,Q2|Q5,KNOWN_DIRECT_CORPUS_MATCH,Valdivia_Orellana_Gantz_2025,NULL,KNOWN_ELIGIBLE_DIRECT,NULL,matched_by=DOI
bib_30d72a8f74eaf47d,10.15517/lank.vi.7934,Observations on the effect of nectar-robbery on the reproductive succes of Aeranthes arachnitis (Orchidaceae),2007,OpenAlex,Q6,PENDING_FULLTEXT_ELIGIBILITY,,,PENDING,,
bib_9467f85e738c3d92,10.1556/034.64.2022.1-2.7,Pollination ecology and breeding system of Ecbolium Ligustrinum (Acanthaceae): a transition from autogamy to xenogamy through specialised plant-pollinator interactions,2022,OpenAlex,Q3|Q6,PENDING_FULLTEXT_ELIGIBILITY,,,PENDING,,
bib_dd2780adbdf574c5,10.15560/11.3.1620,"New records reveal rapid geographic expansion of Bombus terrestris Linnaeus, 1758 (Hymenoptera: Apidae), an invasive species in Argentina",2015,OpenAlex,Q7,PENDING_FULLTEXT_ELIGIBILITY,,,PENDING,,
bib_0d0c8cfccad7705c,10.15575/biodjati.v5i2.7480,The Selection of Ornamental Plant for Landscape Design of Pollination Garden at Bogor Botanic Gardens,2020,OpenAlex,Q5|Q6,PENDING_FULLTEXT_ELIGIBILITY,,,PENDING,,
bib_6e120288ff51e282,10.15760/etd.3423,Symbiosis with Nitrogen-fixing Rhizobia Influences Plant Defense Strategy and Plant-predator Interactions,2017,OpenAlex,Q4,PENDING_FULLTEXT_ELIGIBILITY,,,PENDING,,
bib_4bffe9ca5e43b967,10.15760/etd.5528,Symbiosis with Nitrogen-fixing Rhizobia Influences Plant Defense Strategy and Plant-predator Interactions,2000,OpenAlex,Q4,PENDING_FULLTEXT_ELIGIBILITY,,,PENDING,,
bib_9e79f71007ce9d3c,10.1590/0001-3765201520140349,Plant-hummingbird interactions and temporal nectar availability in arestinga from Brazil,2015,OpenAlex,Q1|Q2|Q5|Q6,PENDING_FULLTEXT_ELIGIBILITY,,,PENDING,,
bib_29f20e4a5fce1445,10.1590/0001-3765202120191446,Rethinking the pollination syndromes in Hymenaea (Leguminosae): the role of anthesis in the diversification,2021,OpenAlex,Q4|Q5|Q6,PENDING_FULLTEXT_ELIGIBILITY,,,PENDING,,
bib_d5c2e7b730b5363a,10.1590/0001-3765202320220460,"The iconic cactus of the Caatinga dry forest, Cereus jamacaru (Cactaceae) has high sphingophily specialization and pollinator dependence",2023,OpenAlex,Q5|Q6,PENDING_FULLTEXT_ELIGIBILITY,,,PENDING,,
bib_004697fcae0e0153,10.1590/0102-33062017abb0083,"The influence of El Niño and edge effects on the reproductive phenology and floral visitors of Eschweilera tetrapetala Mori (Lecythidaceae), an endemic species of the Atlantic Forest of northeastern Brazil",2017,OpenAlex,Q6,PENDING_FULLTEXT_ELIGIBILITY,,,PENDING,,
bib_f0818b22ac077dab,10.1590/0102-33062017abb0102,"Floral and reproductive biology of Alcantarea nahoumii (Bromeliaceae), a vulnerable endemic species of the Atlantic Forest",2017,OpenAlex,Q3,PENDING_FULLTEXT_ELIGIBILITY,,,PENDING,,
bib_99bad9d014bbe6c5,10.1590/0102-33062020abb0408,Safe sex: ant defense does not interfere with pollination in passion flowers,2021,OpenAlex,Q4,PENDING_FULLTEXT_ELIGIBILITY,,,PENDING,,
bib_112a07126a96edf5,10.1590/0102-33062021abb0299,Determining factors of flower coloration,2022,OpenAlex,Q5,PENDING_FULLTEXT_ELIGIBILITY,,,PENDING,,
bib_b33a7b719f8e1703,10.1590/1809-4392201703932,Biting the hand that feeds you: wedge-billed hummingbird is a nectar robber of a sicklebill-adapted Andean bellflower,2018,OpenAlex,Q5,PENDING_FULLTEXT_ELIGIBILITY,,,PENDING,,
bib_b7943f39c4922833,10.1590/2175-7860201566204,An overview on pollination of the Neotropical Poales,2015,OpenAlex,Q5,PENDING_FULLTEXT_ELIGIBILITY,,,PENDING,,
bib_22c6eff7752937cf,10.1590/2175-7860201667202,Quando um visitante floral é um polinizador?,2016,OpenAlex,Q6,PENDING_FULLTEXT_ELIGIBILITY,,,PENDING,,
bib_28ad005928b94f4c,10.1590/2236-8906-53/2017,Reproductive ecology of two pioneer legumes in a coastal plain degraded by sand mining,2018,OpenAlex,Q5,PENDING_FULLTEXT_ELIGIBILITY,,,PENDING,,
bib_e95f1f59bc69cc60,10.1590/s0001-37652010000400006,"Flowering phenology and pollination of ornithophilous species in two habitats of Serra da Bodoquena, Mato Grosso do Sul, Brazil",2010,OpenAlex,Q4|Q6,PENDING_FULLTEXT_ELIGIBILITY,,,PENDING,,
bib_3f2a58afed2b829e,10.1590/s0001-37652010000400010,"Contrasting bee pollination in two co-occurring distylic species of Cordia (Cordiaceae, Boraginales) in the Brazilian semi-arid Caatinga: generalist in C. globosa vs. specialist in C. leucocephala",2010,OpenAlex,Q6,PENDING_FULLTEXT_ELIGIBILITY,,,PENDING,,
bib_a1d490628b347451,10.1590/s0085-56262011005000023,"First record of the behavior of latex drainage by Trigona spinipes (Fabricius) (Hymenoptera, Apidae) in laticiferous flowers",2011,OpenAlex,Q6,PENDING_FULLTEXT_ELIGIBILITY,,,PENDING,,
bib_2695c45a9651105c,10.1590/s0100-84042011000200008,"Fenologia reprodutiva, biologia floral e polinização de Allamanda blanchetii, uma Apocynaceae endêmica da Caatinga",2011,OpenAlex,Q5|Q6,PENDING_FULLTEXT_ELIGIBILITY,,,PENDING,,
bib_4dd647d3c8bdf8f3,10.1590/s0101-81752005000100007,"Beija-flores (Aves, Trochilidae) e seus recursos florais em uma área urbana do Sul do Brasil",2005,OpenAlex,Q6,PENDING_FULLTEXT_ELIGIBILITY,,,PENDING,,
bib_c9579e00acb9cf10,10.1590/s0101-81752006000100002,"Feeding behavior of hummingbirds and perching birds on Erythrina speciosa Andrews (Fabaceae) flowers in an urban area, Londrina, Paraná, Brazil",2006,OpenAlex,Q1|Q6,PENDING_FULLTEXT_ELIGIBILITY,,,PENDING,,
bib_feaf660b49cb97f1,10.1590/s0102-33062005000300010,Biologia floral e polinização de Arrabidaea conjugata (Vell.) Mart. (Bignoniaceae),2005,OpenAlex,Q6,PENDING_FULLTEXT_ELIGIBILITY,,,PENDING,,
bib_125291f5b6ac8d5e,10.1590/s0102-33062010000400012,Pollination biology of Paliavana tenuiflora (Gesneriaceae: Sinningeae) in Northeastern Brazil,2010,OpenAlex,Q1,PENDING_FULLTEXT_ELIGIBILITY,,,PENDING,,
bib_b198c686339da2b0,10.1590/s1519-69842006000400019,Effect of nectar secretion rate on pollination success of Passiflora coccinea (Passifloraceae) in the Central Amazon,2006,OpenAlex,Q4,PENDING_FULLTEXT_ELIGIBILITY,,,PENDING,,
bib_e192117138c4c859,10.1590/s1676-06032012000400010,Pollination of Pagamea duckei Standl. (Rubiaceae): a functionally dioecious species,2012,OpenAlex,Q5,PENDING_FULLTEXT_ELIGIBILITY,,,PENDING,,
bib_e69c5d4922998afe,10.1614/ws-d-14-00067.1,The Role of Ground Beetles (Coleoptera: Carabidae) in Weed Seed Consumption: A Review,2015,OpenAlex,Q7,PENDING_FULLTEXT_ELIGIBILITY,,,PENDING,,
bib_a58ea0f94a1ecac9,10.17129/botsci.3807,Zoopollination of Pulque agave crop (Agave salmiana) in the central valleys of Mexico,2026,OpenAlex,Q3|Q5|Q6,PENDING_FULLTEXT_ELIGIBILITY,,,PENDING,,
bib_80efd3f8157b1939,10.17161/jom.v0i6.4467,Maria Guiomar Nates-Parra: biographical sketch and summary of contributions to the melittological knowledge of Colombia,2013,OpenAlex,Q7,PENDING_FULLTEXT_ELIGIBILITY,,,PENDING,,
bib_0cb8433923b48e76,10.17161/jom.vi139.24640,"Ecuadorian bumble bees (Apidae: Bombus): Species diversity, distribution, and floral associations",2025,OpenAlex,Q6|Q7,PENDING_FULLTEXT_ELIGIBILITY,,,PENDING,,
bib_7100d1a82fc8e222,10.17520/biods.2015102,Effects of nectar robbing on pollinator behavior and pollination success in facultative selfing Incarvillea sinensis var. sinensis,2015,OpenAlex,Q3,PENDING_FULLTEXT_ELIGIBILITY,,,PENDING,,
bib_cf766d8ee5368778,10.17520/biods.2017163,Comparative study on reproductive success of Corydalis sheareri (Papaveraceae) between alkaline limestone soil and red soil habitats in a karst area,2017,OpenAlex,Q4,PENDING_FULLTEXT_ELIGIBILITY,,,PENDING,,
bib_932d00f4790b2a56,10.17521/cjpe.2019.0296,Processes on reproductive ecology of plant species in the Qinghai-Xizang Plateau and adjacent highlands,2020,OpenAlex,Q4,PENDING_FULLTEXT_ELIGIBILITY,,,PENDING,,
bib_e3e494224c1f5a0e,10.17521/cjpe.2021.0169,Effect of pollen source on reproductive success of Impatiens oxyanthera under warming conditions,2022,OpenAlex,Q4,PENDING_FULLTEXT_ELIGIBILITY,,,PENDING,,
bib_0e60f49efca34d97,10.17635/lancaster/thesis/1021,Using species traits to understand the mechanisms driving pollination and pest control ecosystem services,2020,OpenAlex,Q7,PENDING_FULLTEXT_ELIGIBILITY,,,PENDING,,
bib_c3fa4909a44ad366,10.17863/cam.48560,Effects of plant viral pathogens on plant-pollinator relationships,2020,OpenAlex,Q3|Q4|Q5|Q7,PENDING_FULLTEXT_ELIGIBILITY,,,PENDING,,
bib_e07bdc7c6d0bebd7,10.17864/1947.83,Measures of cross-pollination and yield production of faba bean (Vicia faba L.) in response to heat stress and insect pollination treatments,2017,OpenAlex,Q7,PENDING_FULLTEXT_ELIGIBILITY,,,PENDING,,
bib_b0cd549cb8a86b22,10.17921/1415-6938.2025v29n2p487-504,Generalization versus Specialization in Plant Pollination Systems: What do Floral Visitors Tell us?,2025,OpenAlex,Q7,PENDING_FULLTEXT_ELIGIBILITY,,,PENDING,,
bib_786309c27cbe3a11,10.18130/v38w2h,The role of sex ratio as a context for selection in Silene vulgaris,2016,OpenAlex,Q4,PENDING_FULLTEXT_ELIGIBILITY,,,PENDING,,
bib_9adc782065d7dba3,10.18174/135233,Savanna aliens,2010,OpenAlex,Q3,PENDING_FULLTEXT_ELIGIBILITY,,,PENDING,,
bib_5d448783bd9760db,10.18174/472043,Caught between friends and foes : plant-mediated interactions between herbivores and flower visitors,2019,OpenAlex,Q5|Q6,PENDING_FULLTEXT_ELIGIBILITY,,,PENDING,,
bib_715e231c6d33cb0c,10.18476/sbna.v9.a14,Review of the Icelandic bee fauna (Hymenoptera: Apoidea: Anthophila),2016,OpenAlex,Q6,PENDING_FULLTEXT_ELIGIBILITY,,,PENDING,,
bib_ca71ea01c1455e78,10.1890/0012-9658(2006)87[2709:dbnfaa]2.0.co;2,"DARK, BITTER-TASTING NECTAR FUNCTIONS AS A FILTER OF FLOWER VISITORS IN A BIRD-POLLINATED PLANT",2006,OpenAlex,Q3|Q6,PENDING_FULLTEXT_ELIGIBILITY,,,PENDING,,
bib_52f19083c8946643,10.1890/03-0409,ATTRACTING ANTAGONISTS: DOES FLORAL NECTAR INCREASE LEAF HERBIVORY?,2004,OpenAlex,Q5,PENDING_FULLTEXT_ELIGIBILITY,,,PENDING,,
bib_c8cea98b13386101,10.1890/07-1491.1,ALIEN BUMBLE BEE AFFECTS NATIVE PLANT REPRODUCTION THROUGH INTERACTIONS WITH NATIVE BUMBLE BEES,2008,OpenAlex,Q3|Q5|Q6,PENDING_FULLTEXT_ELIGIBILITY,,,PENDING,,
bib_8abbb9622efeebc9,10.1890/08-2278.1,Benefit and cost curves for typical pollination mutualisms,2010,OpenAlex,Q7,PENDING_FULLTEXT_ELIGIBILITY,,,PENDING,,
bib_c6dfedceb07568be,10.1890/12-2003.1,Early onset of spring increases the phenological mismatch between plants and pollinators,2013,OpenAlex,Q7,PENDING_FULLTEXT_ELIGIBILITY,,,PENDING,,
bib_f40e29efec0c5977,10.1890/15-0546,Effects of habitat composition and landscape structure on worker foraging distances of five bumble bee species,2016,OpenAlex,Q6|Q7,PENDING_FULLTEXT_ELIGIBILITY,,,PENDING,,
bib_01f8d50b93a83f40,10.18960/seitai.64.2_101,共生関係にひそむ第三者 : 花蜜を利用する酵母・細菌が変える植物-送粉者相互作用,2014,OpenAlex,Q3|Q5,PENDING_FULLTEXT_ELIGIBILITY,,,PENDING,,
bib_53707735eb86136b,10.20381/ruor-23532,"Adaptation and Diversification in Bluebells (Mertensia spp., Boraginaceae)",2019,OpenAlex,Q1|Q3|Q4|Q5,PENDING_FULLTEXT_ELIGIBILITY,,,PENDING,,
bib_c188bfec7306e519,10.20381/ruor-25437,"The Effects of Impervious Surface Area, Tree Canopy Cover, and Floral Richness on Bee Abundance, Richness, and Diversity Across an Urban Landscape",2020,OpenAlex,Q3|Q4|Q5|Q6,PENDING_FULLTEXT_ELIGIBILITY,,,PENDING,,
bib_37a7a79327cdb88c,10.20868/upm.thesis.32621,Habitat management for conservation of pollinators in agro-ecosystems of Central Spain,2014,OpenAlex,Q3|Q4|Q5|Q7,PENDING_FULLTEXT_ELIGIBILITY,,,PENDING,,
bib_c23816cb58cf7df4,10.2111/1551-501x-33.3.20,The Hidden Benefits of Pollinator Diversity for the Rangelands of the Great Plains: Western Prairie Fringed Orchids as a Case Study,2011,OpenAlex,Q7,PENDING_FULLTEXT_ELIGIBILITY,,,PENDING,,
bib_137fd568063e1dc4,10.21203/rs.3.rs-1652058/v1,Hold tight or loosen up? Functional consequences of a shift in anther architecture depend substantially on bee body size,2022,OpenAlex,Q6,PENDING_FULLTEXT_ELIGIBILITY,,,PENDING,,
bib_3c992099c61bb577,10.21203/rs.3.rs-1992118/v1,Variation in sexual size dimorphism and fit to Rensch's rule in 45 species of Costa Rican hummingbirds,2022,OpenAlex,Q1|Q6,PENDING_FULLTEXT_ELIGIBILITY,,,PENDING,,
bib_6f812d8bdf985ff0,10.21203/rs.3.rs-2154595/v1,Spatial and temporal variation of floral visitors and their visitation pattern on Acanthus ilicifolius L.: A case study from the Indian Sundarbans,2022,OpenAlex,Q5,PENDING_FULLTEXT_ELIGIBILITY,,,PENDING,,
bib_7f9a80d3f5ecf048,10.21203/rs.3.rs-21597/v1,Floral biology and reproductive effort of andromonoecious Aesculus indica Wall. ex Camb. Hook (Hippocastanaceae),2020,OpenAlex,Q3|Q5,PENDING_FULLTEXT_ELIGIBILITY,,,PENDING,,
bib_46ae86386387581c,10.21203/rs.3.rs-2298499/v1,Floral Specialization: what do floral attributes and floral visitors tell us?,2022,OpenAlex,Q7,PENDING_FULLTEXT_ELIGIBILITY,,,PENDING,,
bib_661204233c8645b7,10.21203/rs.3.rs-2871656/v1,Honey bees rob flowers after observing conspecifics and carpenter bees,2023,OpenAlex,Q8,PENDING_FULLTEXT_ELIGIBILITY,,,PENDING,,
bib_d958e2f98cf4c456,10.21203/rs.3.rs-3325754/v1,"First report on floral morphology, pollen release dynamics and behavioral biology of Xylocopa (Neoxylocopa) frontalis (Olivier, 1789) in Crotalaria juncea L. (Leguminosae, Papilionoideae)",2023,OpenAlex,Q5,PENDING_FULLTEXT_ELIGIBILITY,,,PENDING,,
bib_8b0f10f7a9b9d23a,10.21203/rs.3.rs-3610291/v1,Overfertilization alters the ecological interactions and floral morphology in peri-urban environment,2023,OpenAlex,Q5,PENDING_FULLTEXT_ELIGIBILITY,,,PENDING,,
bib_9823e07a94137837,10.21203/rs.3.rs-3973961/v1,"WITHDRAWN: Floral biology, pollinators and reproductive success of Abutilon grandifolium in urban green spaces of Ciudad Autónoma de Buenos Aires",2024,OpenAlex,Q5|Q6,PENDING_FULLTEXT_ELIGIBILITY,,,PENDING,,
bib_79723ffefc66c045,10.21203/rs.3.rs-7190180/v1,Variation in sexual size dimorphism and fit to Rensch's rule in Costa Rican hummingbirds,2025,OpenAlex,Q1|Q6|Q7,PENDING_FULLTEXT_ELIGIBILITY,,,PENDING,,
bib_5a22e5774ba9ad36,10.21203/rs.3.rs-7301999/v1,Diurnal variation in plant-pollinator interactions in Bumblebee-pollinated Impatiens oxyanthera at two altitudes,2025,OpenAlex,Q3|Q6|Q7,PENDING_FULLTEXT_ELIGIBILITY,,,PENDING,,
bib_18cf2cd3c3abca45,10.21273/hortsci.48.2.136,"Blueberry Floral Attributes and Their Effect on the Pollination Efficiency of an Oligolectic Bee, Osmia ribifloris Cockerell (Megachilidae: Apoidea)",2013,OpenAlex,Q2|Q4|Q5|Q6,PENDING_FULLTEXT_ELIGIBILITY,,,PENDING,,
bib_ec661f8009fc756d,10.21273/hortsci10934-16,Honey Bee Activity in Northern Highbush Blueberry Differs across Growing Regions in Washington State,2016,OpenAlex,Q5,PENDING_FULLTEXT_ELIGIBILITY,,,PENDING,,
bib_b94d82e972f3f812,10.21273/hortsci12644-17,Increasing Honey Bee Hive Densities Promotes Pollination and Yield Components of Highbush Blueberry in Western Washington,2018,OpenAlex,Q6,PENDING_FULLTEXT_ELIGIBILITY,,,PENDING,,
bib_5c88ea248334cd03,10.21273/hortsci15714-21,Differences in Pollination Efficiency Among Three Bee Species in a Greenhouse and Their Effects on Yield and Fruit Quality of Northern Highbush ‘Bluecrop’ Blueberry,2021,OpenAlex,Q6,PENDING_FULLTEXT_ELIGIBILITY,,,PENDING,,
bib_46baffe8f24e9929,10.21273/horttech04735-20,"Pollination, Crop Productivity, and Arthropod and Bird Communities Are Marginally Impacted by Border Vegetation in Highbush Blueberry Production",2020,OpenAlex,Q5,PENDING_FULLTEXT_ELIGIBILITY,,,PENDING,,
bib_f14cf7ced7d253c5,10.21726/abc.v10i4.2199,Plantas intensamente forrageadas por abelhas em uma floresta estacional semidecidual: caracterização dos atributos florais,2023,OpenAlex,Q3|Q5,PENDING_FULLTEXT_ELIGIBILITY,,,PENDING,,
bib_7beb0d9c17ed539e,10.2174/1874213001003040001,How Foraging Behaviour and Resource Partitioning Can Drive the Evolution of Flowers and the Structure of Pollination Networks,2010,OpenAlex,Q1|Q3|Q4|Q5|Q6|Q7,PENDING_FULLTEXT_ELIGIBILITY,,,PENDING,,
bib_44bd81c8e7ae0ddf,10.21826/2446-82312021v76e2021004,"Pollination and breeding system in two sympatric Fuchsia (Onagraceae) species at the Parque Nacional do Itatiaia (Brazil): Hummingbirds, insects and facultative self-pollination",2021,OpenAlex,Q5,PENDING_FULLTEXT_ELIGIBILITY,,,PENDING,,
bib_636668ee11e4a05b,10.21829/abm71.2005.991,¿Polinización por medio de alas de abejas en Mexacanthus (Acanthaceae)?,2005,OpenAlex,Q6,PENDING_FULLTEXT_ELIGIBILITY,,,PENDING,,
bib_bea091be9c4536fd,10.22271/2582-3744.2021.jun,[OpenAlex untitled work https://openalex.org/W4229709670],2021,OpenAlex,Q4,PENDING_FULLTEXT_ELIGIBILITY,,,PENDING,,
bib_81050284587d9133,10.22271/2582-3744.2021.jun.30,"Nectar secretion of Callistemon citrinus (Curtis) Skeels, Myrtaceae: Potential for honey production",2021,OpenAlex,Q4,PENDING_FULLTEXT_ELIGIBILITY,,,PENDING,,
bib_298db4f50f089d8d,10.22271/j.ento.2022.v10.i1a.8919,"Pollination efficiency of Apis mellifera(Hymenoptera: Apidae) on Lantana camara(Verbenaceae) flowers at Dang (Ngaoundéré, Cameroon)",2022,OpenAlex,Q6,PENDING_FULLTEXT_ELIGIBILITY,,,PENDING,,
bib_0b0ffe0c831d72ba,10.22533/at.ed.437230504,Ecologia: Entre a ciência e a ideologia de uma época,2023,OpenAlex,Q4,PENDING_FULLTEXT_ELIGIBILITY,,,PENDING,,
bib_a5dc943fb3f2463c,10.22533/at.ed.4372305043,CONSUMO DE FRUTOS DE Commiphora leptophloeos (BURSERACEAE) POR AVES EM UMA ÁREA DE CAATINGA,2023,OpenAlex,Q4,PENDING_FULLTEXT_ELIGIBILITY,,,PENDING,,
bib_2a06db4a6858d6b4,10.22541/au.158255685.58825883,Competition for floral resources drives the differentiation of foraging strategy among three dominant bumble bees in an eastern Himalayan meadow,2020,OpenAlex,Q3|Q6,PENDING_FULLTEXT_ELIGIBILITY,,,PENDING,,
bib_fe504c39713ca6f9,10.22541/au.159769404.44553763,Pollinators and herbivores interactively shape selection on strawberry defence and attraction,2020,OpenAlex,Q4,PENDING_FULLTEXT_ELIGIBILITY,,,PENDING,,
bib_618d4abeb7c595d4,10.22541/au.159863406.66720089,Plants and pollinators: will natural selection cause an imbalance between nectar supply and demand?,2020,OpenAlex,Q4,PENDING_FULLTEXT_ELIGIBILITY,,,PENDING,,
bib_e6984f7839bcbfd5,10.22541/au.160071226.62094623,Variability in species abundance can drive flower diversification and specialization,2020,OpenAlex,Q5,PENDING_FULLTEXT_ELIGIBILITY,,,PENDING,,
bib_be1a4b1532143bef,10.22541/au.162028592.24138518/v1,Novel nectar robbing negatively affects reproduction in Digitalis purpurea,2021,OpenAlex,Q3|Q6|Q7,PENDING_FULLTEXT_ELIGIBILITY,,,PENDING,,
bib_80de09fb5a0e6a99,10.22541/au.163251461.10020997/v1,High insect pest damage increases faba bean ( Vicia faba ) yield components but only in the absence of insect pollination,2021,OpenAlex,Q6|Q7,PENDING_FULLTEXT_ELIGIBILITY,,,PENDING,,
bib_f2577ec500e81b01,10.22541/au.170361388.82743885/v1,"NECTAR ROBBING BY THE RED-TAILED COMET ( SAPPHO SPARGANURUS , TROCHILIDAE): THE VALUE OF CITIZEN SCIENCE TO DOCUMENT INFREQUENT BEHAVIOR IN BIRDS",2023,OpenAlex,Q1|Q2,PENDING_FULLTEXT_ELIGIBILITY,,,PENDING,,
bib_fc58412d18ca54ed,10.22541/au.176355585.59209734/v1,Integrating spatial ecology into mutualisms,2025,OpenAlex,Q1|Q6,PENDING_FULLTEXT_ELIGIBILITY,,,PENDING,,
bib_76ec97e668605484,10.22541/au.176636716.65953569/v1,Ontogenetic shifts in prey selection by flower-dwelling spiders: implications for spiderling predation on floral exploiters,2025,OpenAlex,Q4,PENDING_FULLTEXT_ELIGIBILITY,,,PENDING,,
bib_3e9bb9659f2dd253,10.22541/au.177376725.55038841/v1,Community-level trait matching between flowers and bees across Europe,2026,OpenAlex,Q3|Q6|Q7,PENDING_FULLTEXT_ELIGIBILITY,,,PENDING,,
bib_1cda39692237d634,10.22543/0090-0222.1328,A Local Replacement of Bombus Ternarius by Bombus Terricola in Northern Wisconsin (Hymenoptera: Apidae),2017,OpenAlex,Q6|Q7,PENDING_FULLTEXT_ELIGIBILITY,,,PENDING,,
bib_0a562b7cb6983534,10.23860/thesis-tucker-sara-2018,CARPENTER BEE NECTAR ROBBERY EFFECTS ON FRUIT QUALITY AND NESTING PROVISIONS IN RHODE ISLAND,2018,OpenAlex,Q1|Q2,PENDING_FULLTEXT_ELIGIBILITY,,,PENDING,,
bib_5e99b898e5d59c2c,10.23885/1814-3326-2016-12-1-161-165,Duration of visits of several insect species to Geranium palustre flowers,2016,OpenAlex,Q5|Q6,PENDING_FULLTEXT_ELIGIBILITY,,,PENDING,,
bib_482a8d018a31e56b,10.24039/rtb2019171300,"PALINOMORFOS IDENTIFICADOS EN CARGAS POLÍNICAS TRANSPORTADAS POR SEIS ESPECIES DE COLIBRÍES DEL NORESTE DE VENEZUELA Y FACTORES ANATOMOFLORALES, BIOMÉTRICOS Y FENOLÓGICOS ASOCIADOS A SU PRESENCIA",2019,OpenAlex,Q4|Q6,PENDING_FULLTEXT_ELIGIBILITY,,,PENDING,,
bib_3f4131f27c1c9d67,10.24294/th.v4i1.1804,Non-pollinating floral visitors of the Cucurbita genus plants and their relationship with the presence of pollinating bees,2021,OpenAlex,Q5,PENDING_FULLTEXT_ELIGIBILITY,,,PENDING,,
bib_5f5284aa8dba24b2,10.24382/639,Patterns and Process: Biodiversity and Ecosystem Function Response to Changes in the Arable Landscape,2018,OpenAlex,Q7,PENDING_FULLTEXT_ELIGIBILITY,,,PENDING,,
bib_c51c1a43e7b8eff2,10.2458/azu_rangelands_v33i3_travers,The Hidden Benefits of Pollinator Diversity for the Rangelands of the Great Plains: Western Prairie Fringed Orchids as a Case Study,2011,OpenAlex,Q7,PENDING_FULLTEXT_ELIGIBILITY,,,PENDING,,
bib_28c5f98ba6a8509a,10.2478/eko-2022-0006,Temporal Variation in Pollinators’ Visitation of Lantana camara in a Tropical Urban Landscape: Does Butterfly Abundance and Richness Drive the Fruit Set?,2022,OpenAlex,Q3|Q6,PENDING_FULLTEXT_ELIGIBILITY,,,PENDING,,
bib_c2661549aabf3b2c,10.25100/peu.97,Los muertos vivientes,2012,OpenAlex,Q6,PENDING_FULLTEXT_ELIGIBILITY,,,PENDING,,
bib_f30836c30f5c878d,10.25148/etd.fi14052571,Linking herbivory and pollination : costs and selection implications in Centrosema virginianum Bentham (Fabaceae: papilionoideae),2004,OpenAlex,Q4,PENDING_FULLTEXT_ELIGIBILITY,,,PENDING,,
bib_b9ceec5d14fd0a32,10.25148/etd.fi15032131,"Pollination, Herbivory, and Habitat Fragmentation: Their Effects on the Reproductive Fitness of Angadenia berteroi, a Native Perennial Plant of the South Florida Pine Rocklands",2015,OpenAlex,Q3|Q4|Q5|Q6,PENDING_FULLTEXT_ELIGIBILITY,,,PENDING,,
bib_41784e8587a25d89,10.25221/fee.427.1,"Two new Nearctic genera in the tribe Odynerini s. str. revealed on the bionomics and morphology, with a comment on the cocoons of the eumenine wasps (Hymenoptera: Vespidae: Eumeninae)",2021,OpenAlex,Q6,PENDING_FULLTEXT_ELIGIBILITY,,,PENDING,,
bib_1ac9e3116a782a92,10.25358/openscience-2617,Evolutionary tendencies in African Marantaceae,2008,OpenAlex,Q3|Q4|Q5|Q6|Q7,PENDING_FULLTEXT_ELIGIBILITY,,,PENDING,,
bib_bb8294a5ee1ba241,10.25675/3.026443,"Prairie dogs, plants, and pollinators: tri-trophic interactions affect plant-insect floral visitor webs in shortgrass steppe",2006,OpenAlex,Q6,PENDING_FULLTEXT_ELIGIBILITY,,,PENDING,,
bib_7070604f261736dd,10.25926/6g0b-mg73,Regulation der Nektarzusammensetzung bei Bromeliaceen,2019,OpenAlex,Q3|Q5|Q6,PENDING_FULLTEXT_ELIGIBILITY,,,PENDING,,
bib_e9552700f0bc2bde,10.25959/23225840,Pollination ecology and evolution of Epacrids,2012,OpenAlex,Q1|Q4|Q5|Q6|Q7,PENDING_FULLTEXT_ELIGIBILITY,,,PENDING,,
bib_712e294e5010c8dc,10.26021/8261,Mechanisms of pollination : quantifying insect and plant contributions.,2017,OpenAlex,Q4,PENDING_FULLTEXT_ELIGIBILITY,,,PENDING,,
bib_afaa230e0be57136,10.26786/1920-7603(2015)18,Pollination ecology and floral visitor spectrum of turtlehead (Chelone glabra L.; Plantaginaceae),2015,OpenAlex,Q1|Q5,PENDING_FULLTEXT_ELIGIBILITY,,,PENDING,,
bib_203b1a7fbea2eb52,10.26786/1920-7603(2017)421,"Contrasting pollination efficiency and effectiveness among flower visitors of Malva sylvestris, Borago officinalis and Onobrychis viciifolia",2017,OpenAlex,Q5|Q6|Q7,PENDING_FULLTEXT_ELIGIBILITY,,,PENDING,,
bib_c387ddf77039da44,10.26786/1920-7603(2018)11,False-colour photography: a novel digital approach to visualize the bee view of flowers,2018,OpenAlex,Q6,PENDING_FULLTEXT_ELIGIBILITY,,,PENDING,,
bib_7151da8c38e691ef,10.26786/1920-7603(2019)532,Plant-pollinator interactions in East Asia: a review,2019,OpenAlex,Q3|Q4|Q5|Q6|Q7,PENDING_FULLTEXT_ELIGIBILITY,,,PENDING,,
bib_6f8253572abc644c,10.26786/1920-7603(2019)541,Patterns of Nectar Production in Asclepias curassavica (Apocynaceae)),2019,OpenAlex,Q5|Q6,PENDING_FULLTEXT_ELIGIBILITY,,,PENDING,,
bib_a6c4ffd3ff7db596,10.26786/1920-7603(2020)619,Exploitation of Strobilanthes ixiocephala (Acanthaceae) flower buds by bees,2021,OpenAlex,Q5|Q6|Q7,PENDING_FULLTEXT_ELIGIBILITY,,,PENDING,,
bib_3694dc149007f0ee,10.26786/1920-7603(2021)620,Catching the thief: Nectar robbing behaviour by bumblebees on naturalised Fuchsia magellanica in Ireland,2021,OpenAlex,Q3|Q4|Q5|Q6|Q7,KNOWN_DIRECT_CORPUS_MATCH,Stanley_Cosnett_2021,POSITIVE,KNOWN_ELIGIBLE_DIRECT,POSITIVE,matched_by=DOI
bib_d84fed937eac24c7,10.26786/1920-7603(2021)630,Consequences of the high abundance of Bombus terrestris on the pollination of Vicia faba,2021,OpenAlex,Q7,PENDING_FULLTEXT_ELIGIBILITY,,,PENDING,,
bib_6d913e416a986d49,10.26786/1920-7603(2021)640,Pollination and nectar larceny by birds and bees in novel forests of the Hawaiian Islands,2021,OpenAlex,Q1|Q3|Q4|Q6|Q7,PENDING_FULLTEXT_ELIGIBILITY,,,PENDING,,
bib_83798f19521fb8aa,10.26786/1920-7603(2022)663,What are the plant reproductive consequences of losing a nectar robber?,2022,OpenAlex,Q7,PENDING_FULLTEXT_ELIGIBILITY,,,PENDING,,
bib_7d976fdb88bc9d17,10.26786/1920-7603(2022)685,"Hawaiian Endemic Honeycreepers (Drepanidinae) are Nectar Robbers of the Invasive Banana Poka (Passiflora tarminiana, Passifloraceae)",2022,OpenAlex,Q6,PENDING_FULLTEXT_ELIGIBILITY,,,PENDING,,
bib_cf0690f679d3279d,10.26786/1920-7603(2023)735,Using functional traits to predict pollination services: A review,2023,OpenAlex,Q6|Q7,PENDING_FULLTEXT_ELIGIBILITY,,,PENDING,,
bib_ea67ebf4f5da85b0,10.26786/1920-7603(2023)746,Crop and landscape factors affecting variation in composition and behaviour of the pollinator community in field bean crops,2023,OpenAlex,Q6|Q7,PENDING_FULLTEXT_ELIGIBILITY,,,PENDING,,
bib_fd8eab112474f0b8,10.26786/1920-7603(2025)813,Differences in visitation of honeybees and bumblebees to ornamental plant varieties can be explained by floral traits,2025,OpenAlex,Q1|Q3|Q4|Q5|Q6,PENDING_FULLTEXT_ELIGIBILITY,,,PENDING,,
bib_77e37ef3e82fa490,10.26786/1920-7603(2025)894,Getting hooked? Testing the function of anther spurs in Vaccinium myrtillus,2025,OpenAlex,Q4|Q5|Q6,PENDING_FULLTEXT_ELIGIBILITY,,,PENDING,,
bib_8a628c7e27cc2c51,10.26786/1920-7603(2026)909,Reproductive ecology of the aromatic plant Agastache mexicana (Lamiaceae): A valuable species to be used in urban pollinator gardens,2026,OpenAlex,Q1|Q4|Q5,PENDING_FULLTEXT_ELIGIBILITY,,,PENDING,,
bib_815c5c719f184570,10.26786/1920-7603(2026)914,"Reproductive system, floral biology and pollinators of Abutilon grandifolium in urban green spaces of Ciudad Autónoma de Buenos Aires.",2026,OpenAlex,Q5|Q6,PENDING_FULLTEXT_ELIGIBILITY,,,PENDING,,
bib_81edcd2881336866,10.26807/remcb.v42i2.911,"The Plant Family Ericaceae (“Blueberries”) in Ecuador: Ecology, Diversity, Economic Importance, and Conservation",2021,OpenAlex,Q1,PENDING_FULLTEXT_ELIGIBILITY,,,PENDING,,
bib_0d7cc28803312622,10.3120/0024-9637-57.3.161,"Do Native Ants Play a Significant Role in the Reproductive Success of the Rare San Fernando Valley Spineflower, Chorizanthe parryi var. fernandina (Polygonaceae)?",2010,OpenAlex,Q5,PENDING_FULLTEXT_ELIGIBILITY,,,PENDING,,
bib_40c8e97b230b39c6,10.31357/jtfe.v9i2.4470,Insect Flower Visitors and their Role in Mangrove Pollination: A Study from East Coast of India,2019,OpenAlex,Q5,PENDING_FULLTEXT_ELIGIBILITY,,,PENDING,,
bib_397ba0f4e2ea8637,10.31390/gradschool_dissertations.1813,"Floral traits, pollinator behavior, and plant reproduction: tests of natural and sexual selection in the hummingbird-pollinated herb Chrysothemis friedrichsthaliana",2007,OpenAlex,Q4|Q5|Q6|Q7,PENDING_FULLTEXT_ELIGIBILITY,,,PENDING,,
bib_7e07921746f5fe93,10.31390/gradschool_theses.2246,Patterns and mechanisms of the exploitation of mutualisms,2010,OpenAlex,Q6,PENDING_FULLTEXT_ELIGIBILITY,,,PENDING,,
bib_e1cd2644edd3e8a7,10.32873/unl.dc.tnas.42.1,"Western Prairie Fringed Orchid Management, Ecology, and Decline at Mormon Island",2022,OpenAlex,Q5|Q6,PENDING_FULLTEXT_ELIGIBILITY,,,PENDING,,
bib_9de039078251bb1c,10.32942/x2bq0z,Fitness landscapes of biotic interactions shape the ecological and evolutionary dynamics of biodiversity,2025,OpenAlex,Q3|Q6,PENDING_FULLTEXT_ELIGIBILITY,,,PENDING,,
bib_6c35e006d0594f44,10.32942/x2f312,When the day ends: Shedding light on the role of nocturnal moths as pollinators in tropical ecosystems,2023,OpenAlex,Q3|Q6|Q7,PENDING_FULLTEXT_ELIGIBILITY,,,PENDING,,
bib_ffb71d3ff0181490,10.32942/x2j645,"A comprehensive dataset on pollinator diversity, visitation rates, individual-based traits, and pollination success across four plant species in an urban garden experiment",2025,OpenAlex,Q5|Q6,PENDING_FULLTEXT_ELIGIBILITY,,,PENDING,,
bib_7851f3397b78cd22,10.32942/x2j679,Incorporating traits into consumer-resource models for a mechanistic trait ecology,2026,OpenAlex,Q6,PENDING_FULLTEXT_ELIGIBILITY,,,PENDING,,
bib_815458487329028a,10.33545/27080013.2026.v7.i1a.294,Exploring the role of symbiotic relationships between insects and plants in pollination: a global perspective,2026,OpenAlex,Q5|Q6,PENDING_FULLTEXT_ELIGIBILITY,,,PENDING,,
bib_68ce87a59acf0163,10.3375/22-2,Floral Resources Used by the Endangered Rusty Patched Bumble Bee (Bombus affinis) in the Midwestern United States,2022,OpenAlex,Q7,PENDING_FULLTEXT_ELIGIBILITY,,,PENDING,,
bib_a50c08cfd6a469c6,10.3375/22-3,Demographic Analysis of the Endangered Plant Pectis imberbis Highlights Tradeoffs between Deer Browse and Interspecific Competition,2022,OpenAlex,Q6,PENDING_FULLTEXT_ELIGIBILITY,,,PENDING,,
bib_3e9b381f29ca789c,10.3389/fevo.2021.618709,Gene Flow in Phaseolus Beans and Its Role as a Plausible Driver of Ecological Fitness and Expansion of Cultigens,2021,OpenAlex,Q4|Q5|Q6,PENDING_FULLTEXT_ELIGIBILITY,,,PENDING,,
bib_312e7ba820d9a497,10.3389/fevo.2021.680463,Variation in Manduca sexta Pollination-Related Floral Traits and Reproduction in a Wild Tobacco Plant,2021,OpenAlex,Q3|Q5|Q6,PENDING_FULLTEXT_ELIGIBILITY,,,PENDING,,
bib_c1f1ba6718a0a987,10.3389/fevo.2021.698137,The Sensory and Cognitive Ecology of Nectar Robbing,2021,OpenAlex,Q7|Q8,PENDING_FULLTEXT_ELIGIBILITY,,,PENDING,,
bib_80ced03670522619,10.3389/fevo.2021.709876,Low Pollinator Sharing Between Coexisting Native and Non-native Plant Pairs: The Effect of Corolla Length and Flower Abundance,2021,OpenAlex,Q1|Q5,PENDING_FULLTEXT_ELIGIBILITY,,,PENDING,,
bib_8e6a5154756a3a85,10.3389/fevo.2022.1101114,Editorial: Sensory ecology of plant-pollinator interactions,2022,OpenAlex,Q4,PENDING_FULLTEXT_ELIGIBILITY,,,PENDING,,
bib_b73ec914da6e381c,10.3389/fevo.2025.1594599,Conservation of animal–plant mutualistic networks is essential to prevent functional extinction of the narrow endemic morning glory Ipomoea cavalcantei in Amazon canga ecosystems,2025,OpenAlex,Q7,PENDING_FULLTEXT_ELIGIBILITY,,,PENDING,,
bib_a84829624ed9f836,10.3389/fevo.2026.1932299,How animals shape plant evolution: an ecological and evolutionary synthesis,2026,OpenAlex,Q3|Q4|Q5,PENDING_FULLTEXT_ELIGIBILITY,,,PENDING,,
bib_f78a8a77452846e9,10.3389/fgene.2018.00223,Equipped for Migrations Across High Latitude Regions? Reduced Spur Length and Outcrossing Rate in a Biennial Halenia elliptica (Gentianaceae) With Mixed Mating System Along a Latitude Gradient,2018,OpenAlex,Q4,PENDING_FULLTEXT_ELIGIBILITY,,,PENDING,,
bib_6fa73992cef9536b,10.3389/finsc.2023.1145761,Ants are more than just curious bystanders to some flowers—they act as significant pollinators,2023,OpenAlex,Q4|Q5,PENDING_FULLTEXT_ELIGIBILITY,,,PENDING,,
bib_dc9b094a5013ed8f,10.3389/fnbeh.2012.00057,Social learning in insects: a higher-order capacity?,2012,OpenAlex,Q6,PENDING_FULLTEXT_ELIGIBILITY,,,PENDING,,
bib_a54c323097991e2e,10.3389/fpls.2018.01063,Nectar in Plant–Insect Mutualistic Relationships: From Food Reward to Partner Manipulation,2018,OpenAlex,Q6,PENDING_FULLTEXT_ELIGIBILITY,,,PENDING,,
bib_1566bbdda4602b17,10.3389/fpls.2020.00516,"A Comparative Study of Food Source Selection in Stingless Bees and Honeybees: Scent Marks, Location, or Color",2020,OpenAlex,Q6,PENDING_FULLTEXT_ELIGIBILITY,,,PENDING,,
bib_2818cedd1a53e0d3,10.3389/fpls.2020.00945,Macroevolution of Flower Color Patterning: Biased Transition Rates and Correlated Evolution with Flower Size,2020,OpenAlex,Q4,PENDING_FULLTEXT_ELIGIBILITY,,,PENDING,,
bib_04319419e55cd154,10.3389/fpls.2020.558684,Flower Conspicuousness to Bees Across Pollination Systems: A Generalized Test of the Bee-Avoidance Hypothesis,2020,OpenAlex,Q3|Q4|Q5,PENDING_FULLTEXT_ELIGIBILITY,,,PENDING,,
bib_f962213d90560ff3,10.3389/fpls.2021.727957,Herbivore-Mediated Selection on Floral Display Covaries Nonlinearly With Plant-Antagonistic Interaction Intensity Among Primrose Populations,2021,OpenAlex,Q4,PENDING_FULLTEXT_ELIGIBILITY,,,PENDING,,
bib_f65e7d7c948ba7e4,10.3389/fpls.2021.767725,Breeding System and Response of the Pollinator to Floral Larceny and Florivory Define the Reproductive Success in Aerides odorata,2022,OpenAlex,Q5|Q6,PENDING_FULLTEXT_ELIGIBILITY,,,PENDING,,
bib_3739d0e4a4168b05,10.3389/fpls.2022.699645,"Reproductive Biology of Rheum webbianum Royle, a Vulnerable Medicinal Herb From Alpines of North-Western Himalaya",2022,OpenAlex,Q4,PENDING_FULLTEXT_ELIGIBILITY,,,PENDING,,
bib_b82167a60a0bcecb,10.3389/fpls.2022.813418,Florivory and Pollination Intersection: Changes in Floral Trait Expression Do Not Discourage Hummingbird Pollination,2022,OpenAlex,Q3,PENDING_FULLTEXT_ELIGIBILITY,,,PENDING,,
bib_cd11d9bf8e7c77d7,10.3389/fpls.2023.1237665,Chasmogamy and entomophily in Burmannia disticha (Burmanniaceae),2023,OpenAlex,Q5|Q6,PENDING_FULLTEXT_ELIGIBILITY,,,PENDING,,
bib_4638cfdd5d989b10,10.3389/fpls.2025.1539875,Nectar traits of New Zealand trees vary across climatic zones,2025,OpenAlex,Q1|Q4|Q6,PENDING_FULLTEXT_ELIGIBILITY,,,PENDING,,
bib_39c41170031750ee,10.3389/fpsyg.2013.00939,Brain and behavioral lateralization in invertebrates,2013,OpenAlex,Q6,PENDING_FULLTEXT_ELIGIBILITY,,,PENDING,,
bib_fbd862a66f86e6e7,10.3389/fpsyg.2016.00417,Learning in Plants: Lessons from Mimosa pudica,2016,OpenAlex,Q6,PENDING_FULLTEXT_ELIGIBILITY,,,PENDING,,
bib_22d4b741e20b15b3,10.3389/fsufs.2022.1006201,Toward evidence-based decision support systems to optimize pollination and yields in highbush blueberry,2022,OpenAlex,Q3|Q4|Q5,PENDING_FULLTEXT_ELIGIBILITY,,,PENDING,,
bib_d1e2eb1b39f9c059,10.3389/fsufs.2022.847003,Wild Bee Nutritional Ecology: Integrative Strategies to Assess Foraging Preferences and Nutritional Requirements,2022,OpenAlex,Q7,PENDING_FULLTEXT_ELIGIBILITY,,,PENDING,,
bib_0fb2d3339946cfba,10.3390/agriculture14050668,Nectar Production and Three Main Sugars in Nectar of Salvia pratensis and Salvia glutinosa in Correlation with Abiotic Factors,2024,OpenAlex,Q4,PENDING_FULLTEXT_ELIGIBILITY,,,PENDING,,
bib_3f22ae23861d174f,10.3390/biology10090903,Corolla Abscission Triggered by Nectar Robbers Positively Affects Reproduction by Enhancing Self-Pollination in Symphytum officinale (Boraginaceae),2021,OpenAlex,Q3|Q5|Q7,PENDING_FULLTEXT_ELIGIBILITY,,,PENDING,,
bib_94e64e0ef15a0c2f,10.3390/biology11081203,A Decrease in the Staminode-Mediated Visitor Screening Mechanism in Response to Nectar Robbers Positively Affects Reproduction in Delphinium caeruleum Jacq. ex Camb. (Ranunculaceae),2022,OpenAlex,Q3|Q5,PENDING_FULLTEXT_ELIGIBILITY,,,PENDING,,
bib_d5807675f01ff435,10.3390/biology12010031,"Biology, Genetic Diversity, and Conservation of Wild Bees in Tree Fruit Orchards",2022,OpenAlex,Q1|Q2,PENDING_FULLTEXT_ELIGIBILITY,,,PENDING,,
bib_448799a3951db36d,10.3390/biology13121009,Do Larger Pollinators Have Higher Pollination Efficiency for the Generalized Pollination Plant Hibiscus mutabilis?,2024,OpenAlex,Q5|Q6,PENDING_FULLTEXT_ELIGIBILITY,,,PENDING,,
bib_c58abecacd6b9775,10.3390/d16080469,"Effect of Abiotic Factors on Nectar Quality and Secretion of Two Early Spring Species, Galanthus nivalis L. and Helleborus niger L.",2024,OpenAlex,Q4,PENDING_FULLTEXT_ELIGIBILITY,,,PENDING,,
bib_f8180f93aaa2f7ed,10.3390/ecologies4030039,The Relation between Flower Traits of Bitter Vetch Landraces and Potential Insect Pollinators’ Visitation,2023,OpenAlex,Q3|Q4|Q5|Q6,PENDING_FULLTEXT_ELIGIBILITY,,,PENDING,,
bib_eb228b322e2279c1,10.3390/ecologies7030063,"Effects of Time of Day, Inflorescence Height, and Light–Shade Conditions on Plant–Pollinator Interactions in Lychee (Litchi chinensis Sonn.) in West Bengal, India",2026,OpenAlex,Q6,PENDING_FULLTEXT_ELIGIBILITY,,,PENDING,,
bib_db23821cc9396c44,10.3390/f12040452,Pollination Contribution Differs among Insects Visiting Cardiocrinum cordatum Flowers,2021,OpenAlex,Q3|Q5|Q6|Q7,PENDING_FULLTEXT_ELIGIBILITY,,,PENDING,,
bib_ecd4276d9328cae3,10.3390/horticulturae11050453,Reproductive and Pollination Characteristics of Three Understory Impatiens Species,2025,OpenAlex,Q4|Q5|Q6|Q7,PENDING_FULLTEXT_ELIGIBILITY,,,PENDING,,
bib_9189b13ad27b2051,10.3390/ijms24054276,Does Reproductive Success in Natural and Anthropogenic Populations of Generalist Epipactis helleborine Depend on Flower Morphology and Nectar Composition?,2023,OpenAlex,Q3|Q5|Q7,PENDING_FULLTEXT_ELIGIBILITY,,,PENDING,,
bib_2e8f909b201b3fb3,10.3390/insects11030163,Characteristics of the Two Asian Bumblebee Species Bombus friseanus and Bombus breviceps (Hymenoptera: Apidae),2020,OpenAlex,Q3|Q6,PENDING_FULLTEXT_ELIGIBILITY,,,PENDING,,
bib_fe84cb784a076aab,10.3390/insects11100692,The Bacterium Pantoea ananatis Modifies Behavioral Responses to Sugar Solutions in Honeybees,2020,OpenAlex,Q6,PENDING_FULLTEXT_ELIGIBILITY,,,PENDING,,
bib_36765c427530f4e6,10.3390/insects12060488,Foraging Behavior and Pollen Transport by Flower Visitors of the Madeira Island Endemic Echium candicans,2021,OpenAlex,Q6|Q7,PENDING_FULLTEXT_ELIGIBILITY,,,PENDING,,
bib_0b8d3834820a12ad,10.3390/insects13090816,Earlier Morning Arrival to Pollen-Rewarding Flowers May Enable Feral Bumble Bees to Successfully Compete with Local Bee Species and Expand Their Distribution Range in a Mediterranean Habitat,2022,OpenAlex,Q4|Q6,PENDING_FULLTEXT_ELIGIBILITY,,,PENDING,,
bib_b68e1eb3e4ba6f1a,10.3390/insects14020208,Do Patches of Flowering Plants Enhance Insect Pollinators in Apple Orchards?,2023,OpenAlex,Q4|Q6|Q7,PENDING_FULLTEXT_ELIGIBILITY,,,PENDING,,
bib_05221cb1f2fdd354,10.3390/insects14050408,"Foraging Behavior of Two Pollen Wasp Species of the Genus Celonites Latreille, 1802 (Hymenoptera: Vespidae: Masarinae), from the Altai Mountains",2023,OpenAlex,Q6,PENDING_FULLTEXT_ELIGIBILITY,,,PENDING,,
bib_0853c43ac58aa91f,10.3390/insects5010120,The Bee as a Model to Investigate Brain and Behavioural Asymmetries,2014,OpenAlex,Q6,PENDING_FULLTEXT_ELIGIBILITY,,,PENDING,,
bib_c4ce682ce2a2b819,10.3390/molecules24152818,Floral Scent Variation in the Heterostylous Species Gelsemium sempervirens,2019,OpenAlex,Q3,PENDING_FULLTEXT_ELIGIBILITY,,,PENDING,,
bib_dc415d59d595057d,10.3390/plants10040815,Phloem-Feeding Herbivores Affect Floral Development and Reproduction in the Etruscan Honeysuckle (Lonicera etrusca Santi),2021,OpenAlex,Q1|Q3|Q5,PENDING_FULLTEXT_ELIGIBILITY,,,PENDING,,
bib_eddc7beea330303c,10.3390/plants10112315,Floral Nectar Chemistry in Orchids: A Short Review and Meta-Analysis,2021,OpenAlex,Q5,PENDING_FULLTEXT_ELIGIBILITY,,,PENDING,,
bib_56c615adf43fed75,10.3390/plants11111488,"Phenotypic Selection in Halenia elliptica D. Don (Gentianaceae), an Alpine Biennial with Mixed Mating System",2022,OpenAlex,Q3|Q4|Q5,PENDING_FULLTEXT_ELIGIBILITY,,,PENDING,,
bib_44e4178c54f4c007,10.3390/plants12030550,Secondary Metabolites in Nectar-Mediated Plant-Pollinator Relationships,2023,OpenAlex,Q6,PENDING_FULLTEXT_ELIGIBILITY,,,PENDING,,
bib_48533177f9f39a93,10.3390/plants12183270,The Patterns of Intraspecific Variations in Mass of Nectar Sugar along a Phylogeny Distinguish Native from Non-Native Plants in Urban Greenspaces in Southern England,2023,OpenAlex,Q1|Q4,PENDING_FULLTEXT_ELIGIBILITY,,,PENDING,,
bib_2e4e3a8b2e84d22e,10.3390/plants13020183,Effect of Crown Layers on Reproductive Effort and Success in Andromonoecious Aesculus indica (Wall. ex Camb.) Hook (Sapindaceae) in a Temperate Forest of Garhwal Himalaya,2024,OpenAlex,Q3|Q5,PENDING_FULLTEXT_ELIGIBILITY,,,PENDING,,
bib_31c9a3599bb72584,10.3390/plants13030391,"Visual-, Olfactory-, and Nectar-Taste-Based Flower Aposematism",2024,OpenAlex,Q4|Q7,PENDING_FULLTEXT_ELIGIBILITY,,,PENDING,,
bib_c911b765256fa53a,10.3390/plants13162249,Weed Role for Pollinator in the Agroecosystem: Plant–Insect Interactions and Agronomic Strategies for Biodiversity Conservation,2024,OpenAlex,Q5|Q6|Q7,PENDING_FULLTEXT_ELIGIBILITY,,,PENDING,,
bib_695336d6607a5182,10.3390/plants13172507,The Hole Truth: Why Do Bumble Bees Rob Flowers More Than Once?,2024,OpenAlex,Q6|Q7,PENDING_FULLTEXT_ELIGIBILITY,,,PENDING,,
bib_bf5c36a20bd7f43e,10.3390/plants14152266,Spatiotemporal Variations in Nectar Robbing and Its Effects on Reproduction in Salvia castanea Diels (Lamiaceae),2025,OpenAlex,Q3|Q5|Q6,PENDING_FULLTEXT_ELIGIBILITY,,,PENDING,,
bib_3c4bded55c9e8b98,10.3390/plants15040595,Multifunctional Roles of Extrafloral Nectaries in Shaping Plant–Insect Interactions,2026,OpenAlex,Q5,PENDING_FULLTEXT_ELIGIBILITY,,,PENDING,,
bib_069d3975978425aa,10.3390/plants9121645,"Tools to Tie: Flower Characteristics, VOC Emission Profile, and Glandular Trichomes of Two Mexican Salvia Species to Attract Bees",2020,OpenAlex,Q3|Q4|Q5|Q6,PENDING_FULLTEXT_ELIGIBILITY,,,PENDING,,
bib_c6906fa00609e2ff,10.3390/toxins4040228,Plant Insecticidal Toxins in Ecological Networks,2012,OpenAlex,Q7,PENDING_FULLTEXT_ELIGIBILITY,,,PENDING,,
bib_720b6020d941a047,10.3410/f.736170435.793563235,Faculty Opinions recommendation of Flowers respond to pollinator sound within minutes by increasing nectar sugar concentration.,2019,OpenAlex,Q4,PENDING_FULLTEXT_ELIGIBILITY,,,PENDING,,
bib_e70ae4d66c476a53,10.36838/ijhsr88.8,Pollination Behavior in Bees: What Wolbachia Studies in Drosophila Can Teach Us,2026,OpenAlex,Q6,PENDING_FULLTEXT_ELIGIBILITY,,,PENDING,,
bib_66bc6e63213f70e3,10.3732/ajb.1000450,"Soil fungal effects on floral signals, rewards, and aboveground interactions in an alpine pollination web",2011,OpenAlex,Q4,PENDING_FULLTEXT_ELIGIBILITY,,,PENDING,,
bib_f27f9f9964a562a2,10.3732/ajb.1100295,The effect of mammalian herbivory on inflorescence architecture in ornithophilous Babiana (Iridaceae): Implications for the evolution of a bird perch,2012,OpenAlex,Q5,PENDING_FULLTEXT_ELIGIBILITY,,,PENDING,,
bib_d2d672825d37b40f,10.3732/ajb.1600114,Geographic variation in resistance to nectar robbing and consequences for pollination,2016,OpenAlex,Q1,KNOWN_DIRECT_CORPUS_MATCH,Adler_Leege_Irwin_2016,NULL,KNOWN_ELIGIBLE_DIRECT,NULL,matched_by=DOI
bib_c8258e0252c95563,10.3732/ajb.1700040,Learning in two butterfly species when using flowers of the tropical milkweed Asclepias curassavica: No benefits for pollination,2017,OpenAlex,Q6,PENDING_FULLTEXT_ELIGIBILITY,,,PENDING,,
bib_524ac19ffa39cc96,10.3732/ajb.2007329,How does secondary pollen presentation affect the fitness of Polygala vayredae (Polygalaceae)?,2008,OpenAlex,Q1,PENDING_FULLTEXT_ELIGIBILITY,,,PENDING,,
bib_af1c49f0054c76ef,10.3732/ajb.93.1.64,Correlations among traits associated with herbivore resistance and pollination: implications for pollination and nectar robbing in a distylous plant,2006,OpenAlex,Q1|Q4|Q5,KNOWN_DIRECT_CORPUS_MATCH,Irwin_Adler_2006,NULL,KNOWN_ELIGIBLE_DIRECT,NULL,matched_by=DOI
bib_0d2ce98dd2bf012d,10.3732/ajb.94.2.249,Colored floral organs influence pollinator behavior and pollen transfer in Commelina communis (Commelinaceae),2007,OpenAlex,Q6,PENDING_FULLTEXT_ELIGIBILITY,,,PENDING,,
bib_028ca0a8c3d94d5c,10.37711/desafios.2026.17.1.1,Análisis de las cinco versiones sobre la especie de ave pilco del escudo de Huánuco,2026,OpenAlex,Q6,PENDING_FULLTEXT_ELIGIBILITY,,,PENDING,,
bib_89032de33936f617,10.38059/biodiversity.814617,A review for the pollinators of Papilionaceous flowers,2021,OpenAlex,Q4|Q5|Q7,PENDING_FULLTEXT_ELIGIBILITY,,,PENDING,,
bib_d6177c82ac4eec59,10.38211/joarps.2023.04.01.44,"The Effect of Substrate, Growth Condition and Nutrient Application Methods in Morphological and Commercial Attributes of Hybrid Rose (Rosa indica L.) Cv. Kardinal",2023,OpenAlex,Q4,PENDING_FULLTEXT_ELIGIBILITY,,,PENDING,,
bib_d6a14e9f1805d195,10.3838/jjo.49.185,Nectar Robbing by the Purple-rumped Sunbird Nectarinia zeylonica from Introduced Flowers in Sri Lanka.,2000,OpenAlex,Q7,PENDING_FULLTEXT_ELIGIBILITY,,,PENDING,,
bib_c33fd078b7d58985,10.3838/jjo.60.228,"Nectar robbing from Hibiscus flowers by White-eyes on an oceanic island, Chichi-jima, Bonin Islands",2011,OpenAlex,Q4,PENDING_FULLTEXT_ELIGIBILITY,,,PENDING,,
bib_f71c89797e6f4b7f,10.3897/arphapreprints.e203160,Temporal dynamics and central species in a plant-hummingbird interaction network in an inter-Andean valley in the southern Peruvian Andes,2026,OpenAlex,Q1|Q5,PENDING_FULLTEXT_ELIGIBILITY,,,PENDING,,
bib_0e6fd06703d8aa45,10.3897/jhr.95.98260,"Morphological specialisation for primary nectar robbing in a pollen specialist mining bee (Hymenoptera, Andrenidae)",2023,OpenAlex,Q6,PENDING_FULLTEXT_ELIGIBILITY,,,PENDING,,
bib_fcf7f0f04e34163f,10.3897/neotropical.21.e202837,Temporal dynamics and central species in a plant-hummingbird interaction network in an inter-Andean valley in the southern Peruvian Andes,2026,OpenAlex,Q1|Q5|Q6,PENDING_FULLTEXT_ELIGIBILITY,,,PENDING,,
bib_712f36113092dc07,10.3897/phytokeys.244.107288,Pollen transfer efficiency in Erica depends on type of pollinator,2024,OpenAlex,Q1|Q5|Q7,PENDING_FULLTEXT_ELIGIBILITY,,,PENDING,,
bib_9b385ce2e3a986eb,10.3897/phytokeys.246.126310,Evidence for moth pollination in a rhinomyiophilous Erica species from the Cape Floristic Region of South Africa,2024,OpenAlex,Q1|Q3|Q5|Q6|Q7,PENDING_FULLTEXT_ELIGIBILITY,,,PENDING,,
bib_a55e92c7061e9cb1,10.3897/phytokeys.274.184429,"Two new species of Rhipidoglossum (Orchidaceae, Angraecinae) from Central Africa, probably pollinated by settling moths",2026,OpenAlex,Q4|Q5|Q6|Q7,PENDING_FULLTEXT_ELIGIBILITY,,,PENDING,,
bib_8dd62df676847897,10.3897/phytokeys.275.192014,A multiverse of trophic networks and coevolutionary trajectories among holoparasitic Orobanchaceae and their animal associates: a global perspective,2026,OpenAlex,Q4|Q5|Q6|Q7,PENDING_FULLTEXT_ELIGIBILITY,,,PENDING,,
bib_d6bd9f940759602d,10.3929/ethz-a-003910510,"Genetic variation, mating system, and nectar robbery in Aconitum lycoctonum (Ranunculaceae)",2000,OpenAlex,Q7,PENDING_FULLTEXT_ELIGIBILITY,,,PENDING,,
bib_56902576b335ba8c,10.4025/actascibiolsci.v44i1.58568,Foraging Oxaea flavescens bees as a function of the dynamics of abiotic factors and food resource availability from Styrax camporum flowers,2022,OpenAlex,Q6,PENDING_FULLTEXT_ELIGIBILITY,,,PENDING,,
bib_d5d0334a62079830,10.4081/eb.2012.e4,The role of epigenetics in plant adaptation,2012,OpenAlex,Q4,PENDING_FULLTEXT_ELIGIBILITY,,,PENDING,,
bib_ede1eb7ee4fc3b00,10.4161/psb.4.9.9393,Nectar chemistry is tailored for both attraction of mutualists and protection from exploiters,2009,OpenAlex,Q7,PENDING_FULLTEXT_ELIGIBILITY,,,PENDING,,
bib_007a15a9588ac025,10.4236/ajps.2015.613209,Elevational Floral Size Variation in Prunella vulgaris,2015,OpenAlex,Q1|Q3|Q4|Q6,PENDING_FULLTEXT_ELIGIBILITY,,,PENDING,,
bib_a909070feb69926e,10.4236/ajps.2015.65079,"Geographic Variation in Flower Size and Flower-Visitor Composition of Two Bumblebee-Pollinated, Spring-Flowering Herbs, Lamium album L. var. barbatum (Lamiaceae) and Meehania urticifolia (Lamiaceae)",2015,OpenAlex,Q1|Q3|Q4|Q6|Q7,PENDING_FULLTEXT_ELIGIBILITY,,,PENDING,,
bib_13163e1964e1e1f9,10.4257/oeco.2010.1401.03,BEYOND HUMMINGBIRD-FLOWERS: THE OTHER SIDE OF ORNITHOPHILY IN THE NEOTROPICS,2010,OpenAlex,Q1|Q4|Q5,PENDING_FULLTEXT_ELIGIBILITY,,,PENDING,,
bib_babeb592c9cdd313,10.4257/oeco.2010.1401.05,BIOLOGIA REPRODUTIVA DE Passiflora cincinnata MAST. (PASSIFLORACEAE) NA REGIÃO DE PETROLINA-PE,2010,OpenAlex,Q6,PENDING_FULLTEXT_ELIGIBILITY,,,PENDING,,
bib_ea89add7e3b46e49,10.4257/oeco.2018.2204.03,COMO AS ABELHAS PERCEBEM AS FLORES E POR QUE ISTO É IMPORTANTE?,2018,OpenAlex,Q3|Q4|Q5|Q6,PENDING_FULLTEXT_ELIGIBILITY,,,PENDING,,
bib_b96210d86a3eef41,10.4257/oeco.2018.2204.04,ENTRE FLORES E VISITANTES: ESTRATÉGIAS DE DISPONIBILIZAÇÃO E COLETA DE RECURSOS FLORAIS,2018,OpenAlex,Q5|Q6,PENDING_FULLTEXT_ELIGIBILITY,,,PENDING,,
bib_d92b6f2ed0dc16d1,10.4314/jab.v62i0.86070,Insect assemblage and the pollination system in cocoa ecosystems,2013,OpenAlex,Q4,PENDING_FULLTEXT_ELIGIBILITY,,,PENDING,,
bib_24429435b0eaf531,10.46551/ruc.v26n2a4,Pollination ecology in Centrosema brasilianum (L.) Benth. (Fabaceae: Papilionoideae): bee size influences pollen deposition,2024,OpenAlex,Q4|Q5|Q6|Q7,PENDING_FULLTEXT_ELIGIBILITY,,,PENDING,,
bib_d47afbc04c82295d,10.46754/umtjur.v2i1.106,Observation of Flower Visitors to Determine their Potential Role as Pollinators of Ixora coccinae and Ruellia simplex,2020,OpenAlex,Q6,PENDING_FULLTEXT_ELIGIBILITY,,,PENDING,,
bib_282db123a37a9efb,10.46754/umtjur.v3i3.216,FLORAL TRAITS AND POLLINATION OF SPANISH CHERRY (Mimusops elengi Linn.) IN UNIVERSITI MALAYSIA TERENGGANU CAMPUS,2021,OpenAlex,Q4,PENDING_FULLTEXT_ELIGIBILITY,,,PENDING,,
bib_0593349c5cc6c7ae,10.46867/ijcp.2015.28.01.07,What Associative Learning in Insects Tells Us about the Evolution of Learned and Fixed Behavior,2015,OpenAlex,Q6,PENDING_FULLTEXT_ELIGIBILITY,,,PENDING,,
bib_c009c9533a043034,10.47446/osmia12.2,"First observations of Eucera (Cubitalia) breviceps (Friese, 1911) in Italy and France, with updated information on the distribution and ecology of the species (Hymenoptera: Anthophila: Apidae)",2024,OpenAlex,Q6,PENDING_FULLTEXT_ELIGIBILITY,,,PENDING,,
bib_52cf9dbbad4cae4f,10.47749/t/unicamp.2003.288126,Auto-incompatibilidade de ação tardia e outros sistemas reprodutivos em Biognoniaceae,2003,OpenAlex,Q5,PENDING_FULLTEXT_ELIGIBILITY,,,PENDING,,
bib_591d82f011f9daea,10.48016/xivenccultgt2,Diversidade de polinizadores e grãos de pólen na Caatinga,2025,OpenAlex,Q6,PENDING_FULLTEXT_ELIGIBILITY,,,PENDING,,
bib_b39a072e62becfa3,10.5061/dryad.6djh9w1gz,Data from: Is bee-avoidance by bird-pollinated flowers driven by nectar robbing in Erica?,2026,OpenAlex,Q1,PENDING_FULLTEXT_ELIGIBILITY,,,PENDING,,
bib_c8830e3b1a73110a,10.5061/dryad.rn8pk0pqx,Trait matching affects the probability of nectar robbing in plant-pollinator networks,2025,OpenAlex,Q3,PENDING_FULLTEXT_ELIGIBILITY,,,PENDING,,
bib_051700fd6e545868,10.5061/dryad.sj3tx96kr,Data from: Bird extinctions shift bill-flower trait matching in Hawaiian lobelioids,2026,OpenAlex,Q6,PENDING_FULLTEXT_ELIGIBILITY,,,PENDING,,
bib_9a2bd37da5309000,10.5091/plecevo.2021.1823,"Taxonomic description and pollination ecology of Cyrtorchis okuensis (Orchidaceae, Angraecinae), a new species endemic to the Cameroon Volcanic Line",2021,OpenAlex,Q3|Q6,PENDING_FULLTEXT_ELIGIBILITY,,,PENDING,,
bib_dcea2eaa21242a01,10.5091/plecevo.84464,Reproductive biology and flower-visitor interactions of two bromeliad species from the Brazilian Atlantic Forest,2022,OpenAlex,Q1|Q5|Q6,PENDING_FULLTEXT_ELIGIBILITY,,,PENDING,,
bib_2226fdcd152ad406,10.51189/ii-econline/11777,ATRIBUTOS FLORAIS DE ESPÉCIES VEGETAIS VISITADAS POR ABELHAS EM UMA FLORESTA ESTACIONAL SEMIDECIDUAL,2023,OpenAlex,Q5,PENDING_FULLTEXT_ELIGIBILITY,,,PENDING,,
bib_394be6f54ea734c6,10.5167/uzh-163565,"Ecology, evolution, and conservation of plant-animal interactions in islands",2006,OpenAlex,Q1|Q5,PENDING_FULLTEXT_ELIGIBILITY,,,PENDING,,
bib_861be4d7a3fde84d,10.5194/we-26-83-2026,Blueberry floral morphology influences pollinator visitation and behavioural patterns,2026,OpenAlex,Q1|Q2|Q3|Q4|Q5|Q6|Q7,PENDING_FULLTEXT_ELIGIBILITY,,,PENDING,,
bib_c2519253f5020a78,10.5281/zenodo.4730394,Robo de néctar en Guettarda clarensis (Rubiaceae): ¿importa el vecindario floral?,2021,OpenAlex,Q1|Q2|Q3|Q4,PENDING_FULLTEXT_ELIGIBILITY,,,PENDING,,
bib_0d6baf34a385ff7d,10.5281/zenodo.5109989,The SBE meeting 2021's Book of Abstracts,2021,OpenAlex,Q5,PENDING_FULLTEXT_ELIGIBILITY,,,PENDING,,
bib_140c730a1f020aa4,10.5281/zenodo.6470899,"Robo de néctar en plantas ornamentales en Santa Clara, Cuba Nectar robbing in ornamental plants in Santa Clara, Cuba",2021,OpenAlex,Q3,PENDING_FULLTEXT_ELIGIBILITY,,,PENDING,,
bib_ab1473f0b34aa734,10.5281/zenodo.6624946,"Robo de néctar en plantas ornamentales en Santa Clara, Cuba Nectar robbing in ornamental plants in Santa Clara, Cuba",2021,OpenAlex,Q3,PENDING_FULLTEXT_ELIGIBILITY,,,PENDING,,
bib_6364c19739bdead6,10.53346/wjapls.2025.8.2.0028,Insect pollinator diversity and pollination mechanisms among mangrove species: A systematic review,2025,OpenAlex,Q5,PENDING_FULLTEXT_ELIGIBILITY,,,PENDING,,
bib_944f5b1f76cb8644,10.53846/goediss-10476,The importance of reproductive traits and pollinators for increased use of heterosis in faba bean (Vicia faba L.),2024,OpenAlex,Q4|Q5|Q6|Q7,PENDING_FULLTEXT_ELIGIBILITY,,,PENDING,,
bib_f2a43262ef895d35,10.53846/goediss-11131,Conservation of wild bees in agricultural landscapes through intercropping and habitat management,2025,OpenAlex,Q7,PENDING_FULLTEXT_ELIGIBILITY,,,PENDING,,
bib_bb540e825b85967f,10.53846/goediss-8987,The effect of diversified crop rotations with faba beans (Vicia faba L.) on pollinators and pollination services,2021,OpenAlex,Q6|Q7,PENDING_FULLTEXT_ELIGIBILITY,,,PENDING,,
bib_1be7caa786f59b45,10.54905/disssi.v24i74.e87s1601,"The exotic perennial invasive weed, Lantana camara L. (Verbenaceae), a potential source of nectar for butterflies",2023,OpenAlex,Q6,PENDING_FULLTEXT_ELIGIBILITY,,,PENDING,,
bib_cbaefe910fa9e38b,10.55362/ijecol/2026/0106,Ecological Roles of Indian Palm Squirrels ( spp.) as Floral Funambulus Visitors Across Five Indian States: First Comprehensive Account,2026,OpenAlex,Q5,PENDING_FULLTEXT_ELIGIBILITY,,,PENDING,,
bib_3f07c0abb292dae6,10.55525/tjst.1705635,"Functional Ecology of Floral Traits and Plant Pollinator Interactions in Two Endemic Scrophularia L. Species from Erzincan, Türkiye",2025,OpenAlex,Q4|Q5|Q6,PENDING_FULLTEXT_ELIGIBILITY,,,PENDING,,
bib_00f671046e194e09,10.55627/pbulletin.002.01.0408,Effectiveness of Native Insect Pollinators in Mungra (Raphanus sativus) Seed Production,2023,OpenAlex,Q3|Q4|Q5|Q6|Q7,PENDING_FULLTEXT_ELIGIBILITY,,,PENDING,,
bib_d6333f7611db4996,10.55730/1300-008x.2793,"On the border of extinction and speciation, Polygala seyfegoluensis (Polygalaceae), a new species from marshy habitat, Central Türkiye: Under the threat of climate change, water retreat, and subsequent degradation",2024,OpenAlex,Q4|Q5,PENDING_FULLTEXT_ELIGIBILITY,,,PENDING,,
bib_ff279c54a8188fd1,10.55779/nsb17312227,"Bee-pollinator-plant connections: A review of wild bee diversity and plant associations in West Bengal, India",2025,OpenAlex,Q4|Q5|Q7,PENDING_FULLTEXT_ELIGIBILITY,,,PENDING,,
bib_40ff47ab287e6cd5,10.5586/aa.2014.020,"Flowering, pollen production and insect visitation in two Aconitum species (Ranunculaceae)",2014,OpenAlex,Q5,PENDING_FULLTEXT_ELIGIBILITY,,,PENDING,,
bib_7b7b5e0b2fe926e1,10.5586/asbp.3489,"Pollination biology of the urban populations of an ancient forest, spring ephemeral plant",2016,OpenAlex,Q5,PENDING_FULLTEXT_ELIGIBILITY,,,PENDING,,
bib_bb0187a90bd94687,10.55905/rdelosv16.n42-026,Reproductive success and production of nectar in Mandevilla funiformis (Apocynaceae): accessibility to visitors and effect of floral stage,2023,OpenAlex,Q5|Q6|Q7,PENDING_FULLTEXT_ELIGIBILITY,,,PENDING,,
bib_7549335d71a300a4,10.56093/aaz.v59i1-2.103046,Influence of Annual Ornamental Flowers (Asteraceae) on the Relative Abundance of Honey Bee Species in the Hot Semi-arid Environment,2020,OpenAlex,Q3|Q4|Q5|Q6,PENDING_FULLTEXT_ELIGIBILITY,,,PENDING,,
bib_062b1404bb63aea2,10.56238/edimpacto2025.061-001,ECOSYSTEM SERVICES PROVIDED BY BEES: THEORETICAL BASIS AND PRACTICAL APPLICATIONS,2025,OpenAlex,Q5|Q6,PENDING_FULLTEXT_ELIGIBILITY,,,PENDING,,
bib_59c87202207ebf23,10.56810/jpbm.004.03.0231,"Sesame (Sesamum indicum L.) Under Stress: A Multidisciplinary Review of Pathogens, Climate Adaptation, CRISPR Genome Editing, and High Throughput Phenotyping",2026,OpenAlex,Q5,PENDING_FULLTEXT_ELIGIBILITY,,,PENDING,,
bib_46a1c94e45f06d4f,10.5751/es-04758-170227,Urbanization Drives a Reduction in Functional Diversity in a Guild of Nectar-feeding Birds,2012,OpenAlex,Q6,PENDING_FULLTEXT_ELIGIBILITY,,,PENDING,,
bib_8f15d6c0a55c4038,10.5772/23906,"Yeasts Biodiversity and Its Significance: Case Studies in Natural and Human-Related Environments, Ex Situ Preservation, Applications and Challenges",2011,OpenAlex,Q6,PENDING_FULLTEXT_ELIGIBILITY,,,PENDING,,
bib_0329658ba2d40c62,10.5772/36272,Honeybee Communication and Pollination,2012,OpenAlex,Q6,PENDING_FULLTEXT_ELIGIBILITY,,,PENDING,,
bib_28da2cb744bb920f,10.58088/s3r1-j861,Considering a role for native plant cultivars in ecological landscaping: an experiment evaluating insect preferences and nectar forage values of Phlox species vs. its cultivars,2025,OpenAlex,Q1|Q3|Q5|Q6,PENDING_FULLTEXT_ELIGIBILITY,,,PENDING,,
bib_f9d561b68ffcd878,10.5852/ejt.2023.892.2283,"Bumblebees with big teeth: revising the subgenus Alpigenobombus with the good, the bad and the ugly of numts (Hymenoptera: Apidae)",2023,OpenAlex,Q7,PENDING_FULLTEXT_ELIGIBILITY,,,PENDING,,
bib_2e5a086fe1a918bd,10.58837/tnh.16.1.103070,"Flower-visiting Arthropods of the Invasive Weed, Lantana camara L.",2016,OpenAlex,Q6,PENDING_FULLTEXT_ELIGIBILITY,,,PENDING,,
bib_46125c08460f585c,10.58843/ornneo.v35i1.1287,NECTAR ROBBING BY THE RED-TAILED COMET SAPPHO SPARGANURUS: THE VALUE OF CITIZEN SCIENCE TO DOCUMENT INFREQUENT BEHAVIOR IN BIRDS,2024,OpenAlex,Q1|Q2,PENDING_FULLTEXT_ELIGIBILITY,,,PENDING,,
bib_4d7149eb68ec03d8,10.5935/ambiencia.2017.03.11,Pollination ecology of Ipomoea longistaminea O'Donell (Convolvulaceae) in the semi-arid area of Bahia,2017,OpenAlex,Q6,PENDING_FULLTEXT_ELIGIBILITY,,,PENDING,,
bib_e42cb15570676c2d,10.59517/oc.e138,Estrategias de extracción de néctar por pinchaflores (Aves: Diglossa y Diglossopis) y sus efectos sobre la polinización de plantas de los altos Andes,2021,OpenAlex,Q6,PENDING_FULLTEXT_ELIGIBILITY,,,PENDING,,
bib_77eb61456f263039,10.5962/p.420272,Observations of native bees and native plants,2021,OpenAlex,Q6,PENDING_FULLTEXT_ELIGIBILITY,,,PENDING,,
bib_4ab50a9da08db867,10.6018/analesbio.0.34.11,"Biología floral y polinización de Ipomoea murucoides Roem. and Schult. (Convolvulaceae) en Ixtapan del Oro, Estado de México (México)",2012,OpenAlex,Q3|Q5,PENDING_FULLTEXT_ELIGIBILITY,,,PENDING,,
bib_2d659c3c343c24a1,10.6018/analesbio.43.20,"Reciprocal intercompatibility between Byrsonima Rich. exKunth species (Malpighiaceae), in an urban ecotonal fragment of Semi-Deciduous Seasonal Forest and Cerrado",2021,OpenAlex,Q5,PENDING_FULLTEXT_ELIGIBILITY,,,PENDING,,
bib_3bb123dbab5986d5,10.6084/m9.figshare.31986552,Nectar robber-mediated selection on calyx length in Salvia castanea,2026,OpenAlex,Q3,PENDING_FULLTEXT_ELIGIBILITY,,,PENDING,,
bib_0988fb9c95703ec8,10.6084/m9.figshare.31986552.v1,Nectar robber-mediated selection on calyx length in Salvia castanea,2026,OpenAlex,Q3,PENDING_FULLTEXT_ELIGIBILITY,,,PENDING,,
bib_88d404e8aedb2a2e,10.6084/m9.figshare.32325837,Data from: Blueberry floral morphology influences pollinator visitation and behavioural patterns,2026,OpenAlex,Q5|Q6,PENDING_FULLTEXT_ELIGIBILITY,,,PENDING,,
bib_4fec8b096c8077c4,10.6084/m9.figshare.32325837.v1,Data from: Blueberry floral morphology influences pollinator visitation and behavioural patterns,2026,OpenAlex,Q5|Q6,PENDING_FULLTEXT_ELIGIBILITY,,,PENDING,,
bib_5162be4d5f2786d9,10.6084/m9.figshare.8174591,"Nectar robbing does not affect female reproductive success of an endangered Antirrhinum species, Plantaginaceae",2019,OpenAlex,Q4,PENDING_FULLTEXT_ELIGIBILITY,,,PENDING,,
bib_929901301972e41b,10.6092/unibo/amsdottorato/7562,Exploring Plant-Pollinator interactions: critical studies for the safeguard of wild Apoidea and spontaneous plant populations,2016,OpenAlex,Q6,PENDING_FULLTEXT_ELIGIBILITY,,,PENDING,,
bib_f4e13f0eb2420584,10.64898/2026.05.26.727296,Comparative nectar metabolomics reveals sucrose-nitrogen tradeoffs and chemical drivers of microbial growth in floral nectar,2026,OpenAlex,Q5,PENDING_FULLTEXT_ELIGIBILITY,,,PENDING,,
bib_966e141760cca5a2,10.70675/084bc3abzfc31z4244za1b3z747a9766eeb4,Stratégies de diversification végétale et interactions entre insectes bénéfiques floricoles : quels impacts sur les communautés d’ennemis naturels et de pollinisateurs et sur le contrôle biologique des phytophages ?,2020,OpenAlex,Q7,PENDING_FULLTEXT_ELIGIBILITY,,,PENDING,,
bib_10682021e215e10d,10.70675/3d990d41z253fz4230z96f3z2690e8a89181,Ecologie et Evolution des odeurs florales chez Antirrhinum Majus,2010,OpenAlex,Q5,PENDING_FULLTEXT_ELIGIBILITY,,,PENDING,,
bib_cbb254daac89eb5b,10.71548/6930,Evidence of Pollinator-Mediated Selection for Floral Display Height,2006,OpenAlex,Q3|Q4|Q5|Q6,PENDING_FULLTEXT_ELIGIBILITY,,,PENDING,,
bib_f40cf5ddb079e74d,10.7282/t361120h,Flower Morphology Influences Pollinator Community with Implications for Cross-Pollination: Observations in Rabbiteye Blueberry (Vaccinium ashei Reade),2014,OpenAlex,Q5,PENDING_FULLTEXT_ELIGIBILITY,,,PENDING,,
bib_1d70a041da495acc,10.7282/t3kw5g8m,Evolution and systematics of Chelonanthus (Gentianaceae),2009,OpenAlex,Q1,PENDING_FULLTEXT_ELIGIBILITY,,,PENDING,,
bib_4bd60846c3608fea,10.7287/peerj.10102v0.2/reviews/2,"Peer Review #2 of ""Insect pollination is important in a smallholder bean farming system (v0.2)""",2020,OpenAlex,Q7,PENDING_FULLTEXT_ELIGIBILITY,,,PENDING,,
bib_0b8d7c814a7a7345,10.7287/peerj.11634v0.1/reviews/1,"Peer Review #1 of ""Honey bee (Apis mellifera) colony strength and its effects on pollination and yield in highbush blueberries (Vaccinium corymbosum) (v0.1)""",2021,OpenAlex,Q5,PENDING_FULLTEXT_ELIGIBILITY,,,PENDING,,
bib_ee5e970b038a4074,10.7287/peerj.2789v0.2/reviews/2,"Peer Review #2 of ""Species interactions in an Andean bird–flowering plant network: phenology is more important than abundance or morphology (v0.2)""",2016,OpenAlex,Q1|Q2|Q5|Q6|Q7,PENDING_FULLTEXT_ELIGIBILITY,,,PENDING,,
bib_d9f9481042fe113b,10.7287/peerj.8836v0.1/reviews/2,"Peer Review #2 of ""Temporal changes in the most effective pollinator of a bromeliad pollinated by bees and hummingbirds (v0.1)""",2020,OpenAlex,Q3,PENDING_FULLTEXT_ELIGIBILITY,,,PENDING,,
bib_ef8b2e2b1ec5bf98,10.7287/peerj.9049v0.2/reviews/2,"Peer Review #2 of ""A systematic review of the direct and indirect effects of herbivory on plant reproduction mediated by pollination (v0.2)""",2020,OpenAlex,Q1|Q4|Q5,PENDING_FULLTEXT_ELIGIBILITY,,,PENDING,,
bib_330024f0c7b430f2,10.7302/3062,Bee-Plant Interactions in Coffee Agroecosystems: Management and Matrix Effects on Mutualistic and Antagonistic Relationships,2021,OpenAlex,Q4,PENDING_FULLTEXT_ELIGIBILITY,,,PENDING,,
bib_177f90969bc7ebc5,10.7554/elife.31262,"The diversity of floral temperature patterns, and their use by pollinators",2017,OpenAlex,Q4|Q5|Q6|Q7,PENDING_FULLTEXT_ELIGIBILITY,,,PENDING,,
bib_c8e492cea810081e,10.7818/ecos.1433,The role of pollinators in floral evolution: a Mediterranean perspective,2018,OpenAlex,Q3|Q5|Q7,PENDING_FULLTEXT_ELIGIBILITY,,,PENDING,,
bib_17f6d67a128991f6,10.7818/ecos.2013.22-2.16,Asociación entre el robo de néctar y las características florales en una comunidad montana de los Andes colombianos,2013,OpenAlex,Q1|Q3,PENDING_FULLTEXT_ELIGIBILITY,,,PENDING,,
bib_9c213224dba52ecf,,A multifaceted approach to identify unknown enzymes of pyrrolizidine alkaloid biosynthesis,2017,OpenAlex,Q7,PENDING_FULLTEXT_ELIGIBILITY,,,PENDING,,
bib_d14a57810ac19faf,,"Agresión y forrajeo de néctar en colibríes (Aves: Trochilidae) en comederos artificiales cerca de Fusagasugá, Colombia",2018,OpenAlex,Q4|Q6,PENDING_FULLTEXT_ELIGIBILITY,,,PENDING,,
bib_611316f2233b01fa,,An empirical test of the mutualism disruption hypothesis: Impacts of an allelopathic invader on the ecophysiology of a native forest herb,2012,OpenAlex,Q4|Q5,PENDING_FULLTEXT_ELIGIBILITY,,,PENDING,,
bib_cf1d1d5d1607f123,,Ants as Flower Visitors and their Effects on Pollinator Behavior and Plant Reproduction,2013,OpenAlex,Q6,PENDING_FULLTEXT_ELIGIBILITY,,,PENDING,,
bib_fa651835bd33b60b,,"Autogenous tensor fascia lata and dermal graft for gap repair of superficial digital flexor tendon in bovines: Clinical, radiological and histopathological study",2000,OpenAlex,Q5,PENDING_FULLTEXT_ELIGIBILITY,,,PENDING,,
bib_977f829d9e7295bc,,"Balsaminaceae in Southeast Asia: systematics, evolution, and pollination biology",2018,OpenAlex,Q5|Q6,PENDING_FULLTEXT_ELIGIBILITY,,,PENDING,,
bib_5e47887e8ff4e103,,Bee-crossed lovers and a forbidden Castilleja romance: Cross-breeding between C. hispida and endangered C. levisecta in prairie restoration sites,2015,OpenAlex,Q4|Q6,PENDING_FULLTEXT_ELIGIBILITY,,,PENDING,,
bib_8f282c51daeee352,,Behaviour of Foraging Bumble Bees Across Morphological and Environmental Contexts,2019,OpenAlex,Q4|Q6,PENDING_FULLTEXT_ELIGIBILITY,,,PENDING,,
bib_c7a0fe8a118ce08e,,Behavioural Flexibility in Bumblebees (Bombus impatiens),2018,OpenAlex,Q6|Q7,PENDING_FULLTEXT_ELIGIBILITY,,,PENDING,,
bib_a127e7b2b2a65bf8,,Behavioural responses of rodents to the scent and taste of compounds associated with sugar and protein degradation : implications for the evolution of chemical signals in rodent-pollinated flowers.,2015,OpenAlex,Q4,PENDING_FULLTEXT_ELIGIBILITY,,,PENDING,,
bib_c5e827c304865df7,,Biology of Thai honeybees: Natural history and threats,2012,OpenAlex,Q6,PENDING_FULLTEXT_ELIGIBILITY,,,PENDING,,
bib_4710e4b64898fa2b,,Biología reproductiva y conservación del endemismo Polygala vayredae,2009,OpenAlex,Q4,PENDING_FULLTEXT_ELIGIBILITY,,,PENDING,,
bib_b975eeb26ebb8bc3,,"Breeding systems and reproduction of indigenous shrubs in fragmented ecosystems : Breeding systems and reproduction of indigenous shrubs in fragmented ecosystems :|ba thesis submitted in partial fulfilment of the requirements for the degree of Doctor of Philosophy in Plant Ecology at Massey University, Palmerston North, New Zealand",2006,OpenAlex,Q4|Q5,PENDING_FULLTEXT_ELIGIBILITY,,,PENDING,,
bib_2c6d7a128680d4c5,,Bumblebees' Bombus impatiens (Cresson) Learning: An Ecological Context,2014,OpenAlex,Q6|Q7,PENDING_FULLTEXT_ELIGIBILITY,,,PENDING,,
bib_69d898fc0b4b8110,,Call Me Loyal: Investigation of Bumble Bee (Bombus terrestris) Flower Constancy in a Semi-Field Environment,2020,OpenAlex,Q4|Q5|Q6,PENDING_FULLTEXT_ELIGIBILITY,,,PENDING,,
bib_7cf7185e2e742a9d,,Color-mediated foraging by pollinators: A comparative study of two passionflower butterflies at Lantana camara,2016,OpenAlex,Q6,PENDING_FULLTEXT_ELIGIBILITY,,,PENDING,,
bib_4b90e640ac4e5193,,Colored floral organs influence pollinator behavior and pollen transfer in Commelina communis (Commelinaceae),2007,OpenAlex,Q6,PENDING_FULLTEXT_ELIGIBILITY,,,PENDING,,
bib_27dded66dd1d4356,,Crypsis in non-flying mammal pollinated Proteaceae: novel adaptations and evidence of nectarivorous bird avoidance,2019,OpenAlex,Q3|Q6,PENDING_FULLTEXT_ELIGIBILITY,,,PENDING,,
bib_f3e852769719146b,,Density Effects on Competition for Pollination between Two Wetland Plants,2014,OpenAlex,Q3|Q5|Q6|Q7,PENDING_FULLTEXT_ELIGIBILITY,,,PENDING,,
bib_5aaa2ec27a312c31,,"Differences in Pollen Resource Usage and Foraging Periods between the Exotic Bumblebee Bombus terrestris and the Native B. pseudobaicalensis and B. hypocrita sapporoensis in Hokkaido, Japan",2014,OpenAlex,Q7,PENDING_FULLTEXT_ELIGIBILITY,,,PENDING,,
bib_5c5b075c74186c25,,Discerning Patterns of Floral Sugar-Feeding: Dynamics of the Mosquito Culex antillummagnorum in Puerto Rico,2026,OpenAlex,Q5|Q6,PENDING_FULLTEXT_ELIGIBILITY,,,PENDING,,
bib_b70baa190409de35,,Distinguishing pollination from visitation : the value of a pollinator effectiveness and pollinator importance network,2018,OpenAlex,Q5|Q6|Q7,PENDING_FULLTEXT_ELIGIBILITY,,,PENDING,,
bib_26503be1786f50a5,,Diversidad y especialización de las interacciones colibrí–planta en un gradiente de transformación de hábitats y del paisaje en la región cafetera de Colombia,2024,OpenAlex,Q6,PENDING_FULLTEXT_ELIGIBILITY,,,PENDING,,
bib_26236df680e14a31,,"Diversidade funcional de abelhas e de plantas em áreas restauradas na parte sul da floresta atlântica, no município de Antonina (PR)",2018,OpenAlex,Q5|Q6,PENDING_FULLTEXT_ELIGIBILITY,,,PENDING,,
bib_910db04a3e3751a0,,"Diversiteit van Planten, Bestuivers en hun interacties in gefragmenteerde Duinpannen Een Metabarcoding-benadering",2025,OpenAlex,Q5|Q6,PENDING_FULLTEXT_ELIGIBILITY,,,PENDING,,
bib_dc1660efc7b0df70,,Dynamics of an intestinal pathogen within and between bumble bee hosts,2007,OpenAlex,Q6,PENDING_FULLTEXT_ELIGIBILITY,,,PENDING,,
bib_46c64ae3bfc18a92,,Dynamique évolutive de la gynodioécie chez Silene nutans et conditions de son maintien en populations,2013,OpenAlex,Q4,PENDING_FULLTEXT_ELIGIBILITY,,,PENDING,,
bib_edcc26ef19db60fb,,Ecological and evolutionary implications of nectar robbery,2015,OpenAlex,Q1|Q2|Q3|Q4|Q5|Q6|Q7,PENDING_FULLTEXT_ELIGIBILITY,,,PENDING,,
bib_23a5492166c6537a,,Ecological Divergence and Reproductive Isolation in an Amazonian Tropical Tree: Protium subserratum (Burseraceae),2014,OpenAlex,Q5,PENDING_FULLTEXT_ELIGIBILITY,,,PENDING,,
bib_3deaf87cdba64f67,,Ecology and evolution of the specialized hemipepsis-wasp (Hymenoptera : Pompilidae) pollination guild in South Africa.,2013,OpenAlex,Q5,PENDING_FULLTEXT_ELIGIBILITY,,,PENDING,,
bib_3a68ca5a2a3839f6,,Ecology and management of crop pollination and pest control,2013,OpenAlex,Q3|Q6|Q7,PENDING_FULLTEXT_ELIGIBILITY,,,PENDING,,
bib_2128187a7683e016,,"Ecology of pollinators, pests and natural enemies in agricultural landscapes",2019,OpenAlex,Q3|Q6|Q7,PENDING_FULLTEXT_ELIGIBILITY,,,PENDING,,
bib_5d17e004b2af9105,,"Effects of insect herbivory on plant architecture, flowering phenology, flower visitors’ activity and reproduction success in Cirsium Altissimum L.",2013,OpenAlex,Q5,PENDING_FULLTEXT_ELIGIBILITY,,,PENDING,,
bib_b91d2349671f1d5d,,Effects of pollination on pod distribution in faba bean (Vicia faba L.),2018,OpenAlex,Q1|Q6|Q7,PENDING_FULLTEXT_ELIGIBILITY,,,PENDING,,
bib_56f4a41bf66841c9,,Effects of the availability of floral resources on plant-pollinator interactions and the implications for the long-term survival of plant populations,2018,OpenAlex,Q5|Q6,PENDING_FULLTEXT_ELIGIBILITY,,,PENDING,,
bib_860007bd63dca281,,Evolution of sex-limited mimicry in swallowtail butterflies,2008,OpenAlex,Q6,PENDING_FULLTEXT_ELIGIBILITY,,,PENDING,,
bib_689b97242001f33c,,"Floral Biology and Breeding System of Garcinia Imberti Bourd.-A Critically Endangered Tree Species of Western Ghats, Kerala, India",2015,OpenAlex,Q4|Q5,PENDING_FULLTEXT_ELIGIBILITY,,,PENDING,,
bib_1f8c1ebcc0235152,,"Floral trait evolution and pollination ecology in the Hawaiian lobeliad genus, clermontia (campanulaceae)",2013,OpenAlex,Q1|Q3|Q4|Q5|Q6,PENDING_FULLTEXT_ELIGIBILITY,,,PENDING,,
bib_a09f2470b2f7860d,,Floral Traits and Pollination of Solidago altissima : Mechanisms of Local Adaptation Among and Within Biomes,2013,OpenAlex,Q3|Q4|Q5|Q6,PENDING_FULLTEXT_ELIGIBILITY,,,PENDING,,
bib_1ecd1a3e25320dc9,,"Floral volatiles in Mimulus: chemical ecology, insect olfaction, genetics, and reproductive isolation",2014,OpenAlex,Q1|Q3|Q4|Q5|Q7,PENDING_FULLTEXT_ELIGIBILITY,,,PENDING,,
bib_2a2a77069e36ad26,,Flower selection of Xylocopa violacea: aromatic and ornamental plants as resources in a botanic garden,2019,OpenAlex,Q5,PENDING_FULLTEXT_ELIGIBILITY,,,PENDING,,
bib_fd341cce256b76b7,,Flowerpiercers and hummingbirds: A comparative study of nectar feeding strategies in birds,2003,OpenAlex,Q1,PENDING_FULLTEXT_ELIGIBILITY,,,PENDING,,
bib_23a1a0b249f150f9,,"Functional diversity of bees and plants in restored areas in the southern atlantic forest, in Antonina (PR)",2018,OpenAlex,Q5|Q6,PENDING_FULLTEXT_ELIGIBILITY,,,PENDING,,
bib_8d9c2612afb287c3,,Haitallisen vieraslajin komealupiinin (Lupinus polyphyllus Lind.) ja alkuperäislaji hiirenvirnan (Vicia cracca L.) välinen kilpailu pölyttäjistä,2011,OpenAlex,Q5,PENDING_FULLTEXT_ELIGIBILITY,,,PENDING,,
bib_a3eab8cb096779c6,,HERBIVORE RESISTANCE AND POLLINATION: IMPLICATIONS FOR POLLINATION AND NECTAR ROBBING IN A DISTYLOUS PLANT',2006,OpenAlex,Q5,PENDING_FULLTEXT_ELIGIBILITY,,,PENDING,,
bib_49113f42a2132ffe,,Hidden conflict in pollination and its implications for diversification,2018,OpenAlex,Q3|Q5|Q6,PENDING_FULLTEXT_ELIGIBILITY,,,PENDING,,
bib_d934c15c7f2e7c08,,Implicaciones ecológicas y evolutivas del robo de néctar en ecosistemas neotropicales venezolanos,2017,OpenAlex,Q7,PENDING_FULLTEXT_ELIGIBILITY,,,PENDING,,
bib_4e09c52a8398b669,,Implicacións ecolóxicas e evolutivas do roubo de néctar en ecosistemas neotropicais venezolanos,2017,OpenAlex,Q1|Q2|Q3|Q5|Q7,PENDING_FULLTEXT_ELIGIBILITY,,,PENDING,,
bib_ef4e6fff6b2c1876,,Importance of bumble bee community evenness for crop pollination,2018,OpenAlex,Q3|Q6|Q7,PENDING_FULLTEXT_ELIGIBILITY,,,PENDING,,
bib_e92356b1befec043,,Interaction between Bombus terrestris and honeybees in red clover fields reduces abundance of other bumblebees and red clover yield,2016,OpenAlex,Q6|Q7,PENDING_FULLTEXT_ELIGIBILITY,,,PENDING,,
bib_f964290255eebb3a,,Investigating the combined role of the introduced honeybee (Apis mellifera) and magnet plants on the pollination of both native and exotic plants in Australian ecosystems,2017,OpenAlex,Q5,PENDING_FULLTEXT_ELIGIBILITY,,,PENDING,,
bib_ad2055db1e79fd59,,Investigations into host-specific interactions and local adaptation in the mycorrhizal symbiosis,2014,OpenAlex,Q1|Q4,PENDING_FULLTEXT_ELIGIBILITY,,,PENDING,,
bib_b573d1273826075f,,Is bee‐avoidance by bird‐pollinated flowers driven by nectar robbing in Erica?,2025,OpenAlex,Q1|Q4|Q5,PENDING_FULLTEXT_ELIGIBILITY,,,PENDING,,
bib_e8cbfb432982d57a,,Keanekaragaman Makrozoobenthos Di Kawasan Perairan Kuala Tanjung Kecamatan Medang Deras Kabupaten Batubara,2011,OpenAlex,Q3|Q5,PENDING_FULLTEXT_ELIGIBILITY,,,PENDING,,
bib_d870d18c2c1c9662,,"Limiting factors of five rare plant species in mesic forests, Hawai`i Volcanoes National Park",2010,OpenAlex,Q5|Q6,PENDING_FULLTEXT_ELIGIBILITY,,,PENDING,,
bib_d526274f7520ac8e,,Microsatellites to identify the impact of genetic parameters on bumblebee decline and genes associated with foraging,2015,OpenAlex,Q3|Q6,PENDING_FULLTEXT_ELIGIBILITY,,,PENDING,,
bib_ec086f6b25d243ce,,"Morphological constraints and nectar robbing in three Andean bumble bee species (Hymenoptera, Apidae, Bombini)",2006,OpenAlex,Q5|Q6|Q7,KNOWN_DIRECT_CORPUS_MATCH,Riveros_Hernandez_NatesParra_2006,POSITIVE,KNOWN_ELIGIBLE_DIRECT,POSITIVE,matched_by=TITLE_YEAR_ALIAS
bib_530b98813660638a,,Morphology and Function of the Drinking Apparatus in Hummingbirds,2014,OpenAlex,Q1|Q6|Q7,PENDING_FULLTEXT_ELIGIBILITY,,,PENDING,,
bib_8a64f038ca1ae924,,"Moth pollination, low seed set, and vestigialization of attractive floral traits in Abronia umbellata (Nyctaginaceae)",2012,OpenAlex,Q3|Q4|Q5|Q6,PENDING_FULLTEXT_ELIGIBILITY,,,PENDING,,
bib_94cac85567b81c6d,,Nectarivore-aided Hybridization and its Exploitation for Productivity Enhancement in Pigeonpea,2016,OpenAlex,Q5|Q6,PENDING_FULLTEXT_ELIGIBILITY,,,PENDING,,
bib_1f29705abf87f4d1,,Nutritional resources for pollinators from mass-flowering crop cultivars,2017,OpenAlex,Q4,PENDING_FULLTEXT_ELIGIBILITY,,,PENDING,,
bib_90ae42a449f98247,,OPTIMIZATION OF POLLINATION AND FRUIT SET IN NORTHERN HIGHBUSH BLUEBERRY,2017,OpenAlex,Q1|Q3|Q4|Q5|Q6|Q7,PENDING_FULLTEXT_ELIGIBILITY,,,PENDING,,
bib_147daf9ff54e43fa,,Organizational Change: Evidence of Mergers and Acquisitions : An Empirical case study of Pan Nordic Logistics AB,2010,OpenAlex,Q6,PENDING_FULLTEXT_ELIGIBILITY,,,PENDING,,
bib_305763e4b06241f1,,Ornithophilous understory plant species and their interactions with hummingbirds,2014,OpenAlex,Q3|Q5|Q6,PENDING_FULLTEXT_ELIGIBILITY,,,PENDING,,
bib_69ece913367c0af1,,Plant-pollinator Interactions in a Changing Climate,2011,OpenAlex,Q1|Q5|Q7,PENDING_FULLTEXT_ELIGIBILITY,,,PENDING,,
bib_22b1ddf442f05161,,Plant-Pollinator Interactions in an Ecological and Evolutionary Context: The Promising Role of 3D-Printing Technology and Mathematical Modeling,2017,OpenAlex,Q5|Q6,PENDING_FULLTEXT_ELIGIBILITY,,,PENDING,,
bib_8d90fd962c8a5612,,Pollination biology of Hawaiian Scaevola (Goodeniaceae),2008,OpenAlex,Q3|Q5|Q7,PENDING_FULLTEXT_ELIGIBILITY,,,PENDING,,
bib_43333183ae765711,,Pollination Ecology and Demography of a Deceptive Orchid,2013,OpenAlex,Q4,PENDING_FULLTEXT_ELIGIBILITY,,,PENDING,,
bib_3f1660412c55f559,,"Pollination ecology of Agave palmeri in New Mexico, and landscape use of Leptonycteris nivalis in relation to Agaves",2012,OpenAlex,Q5,PENDING_FULLTEXT_ELIGIBILITY,,,PENDING,,
bib_e14968ddf41343f3,,Pollination Ecology of Highbush Blueberry Agroecosystems.,2012,OpenAlex,Q4|Q6|Q7,PENDING_FULLTEXT_ELIGIBILITY,,,PENDING,,
bib_b9ba5ee368f1aaf4,,Pollination of Plectranthus L'Her. (Lamiaceae) along the Eastern seaboard of southern Africa.,2009,OpenAlex,Q3|Q5|Q6|Q7|Q8,PENDING_FULLTEXT_ELIGIBILITY,,,PENDING,,
bib_5c5aa811ab557d4e,,Pollinator community and function: in oilseed rape fields and in drought-stressed grassland.,2016,OpenAlex,Q4,PENDING_FULLTEXT_ELIGIBILITY,,,PENDING,,
bib_a8fc7d347ec141f2,,Pollinator visitation preference on native and non-native congeneric plants,2005,OpenAlex,Q4|Q5|Q6,PENDING_FULLTEXT_ELIGIBILITY,,,PENDING,,
bib_273fedb2c1dfd43c,,Pollinators of slender white prairieclover,2008,OpenAlex,Q4,PENDING_FULLTEXT_ELIGIBILITY,,,PENDING,,
bib_e21c625f28dc19da,,"Population Genetics, Distributions and Phenology of Bombus Latreille, 1802 and Xylocopa Latreille, 1802 (Hymenoptera: Apidae)",2014,OpenAlex,Q1|Q2|Q3|Q6,PENDING_FULLTEXT_ELIGIBILITY,,,PENDING,,
bib_9129bee4e43f71f9,,"QUANTIFYING CONTEXT-DEPENDENT OUTCOMES OF THE INTERACTION BETWEEN SILENE STELLATA (CARYOPHYLLACEAE) AND ITS POLLINATING SEED PREDATOR, HADENA ECTYPA (NOCTUIDAE), A POTENTIAL MUTUALIST",2012,OpenAlex,Q3|Q4,PENDING_FULLTEXT_ELIGIBILITY,,,PENDING,,
bib_78d619cf798a16c8,,Reproduction and genetics in fragmented plant populations,2001,OpenAlex,Q3|Q4|Q5,PENDING_FULLTEXT_ELIGIBILITY,,,PENDING,,
bib_e575d55d8590d6c7,,"Reproductive Biology of the invasive plant Elaeagnus umbellata: breeding system, pollinators, and implications for invasive spread",2013,OpenAlex,Q3|Q5|Q6|Q7,PENDING_FULLTEXT_ELIGIBILITY,,,PENDING,,
bib_211da22e0352f04e,,Reproductive ecology and population genetics of myco-heterotrophic plant species in the Monotropoideae (Ericaceae),2008,OpenAlex,Q4,PENDING_FULLTEXT_ELIGIBILITY,,,PENDING,,
bib_747e1e4303458523,,Reproductive ecology of Psychotria poeppigiana (Rubiaceae): a comparative analysis between long-styled and short-styled plants.,2009,OpenAlex,Q3|Q5|Q6,PENDING_FULLTEXT_ELIGIBILITY,,,PENDING,,
bib_1c80fa089b80c777,,Resource Quality and Defense: Feeding Behaviors and Female Territoriality in Two Species of Tropical Hummingbird,2016,OpenAlex,Q1,PENDING_FULLTEXT_ELIGIBILITY,,,PENDING,,
bib_8676020bcfa1fe54,,Sistemas de polinização nos biomas brasileiros com ênfase nas interações entre abelhas e flores polinizadas por vibração,2023,OpenAlex,Q5,PENDING_FULLTEXT_ELIGIBILITY,,,PENDING,,
bib_102e12ed52ce7157,,Some effects of variability in nectar renewal-rates on the hummingbird-foraging/plant-pollination mutualism,2000,OpenAlex,Q1,PENDING_FULLTEXT_ELIGIBILITY,,,PENDING,,
bib_8fc78916b3933b8d,,Stratégies de diversification végétale et interactions entre insectes bénéfiques floricoles : quels impacts sur les communautés d’ennemis naturels et de pollinisateurs et sur le contrôle biologique des phytophages ?,2020,OpenAlex,Q7,PENDING_FULLTEXT_ELIGIBILITY,,,PENDING,,
bib_67fbc62984b1d671,,"Sunflower Pollinators in South Dakota: An Evaluation of Species Composition, Abundance and Influence on Yield",2019,OpenAlex,Q6|Q7,PENDING_FULLTEXT_ELIGIBILITY,,,PENDING,,
bib_58e2522f3786f9bc,,Systematic notes on Asian birds. 28. Taxonomic comments on some south and south-east Asian members of the family Nectariniidae,2002,OpenAlex,Q6,PENDING_FULLTEXT_ELIGIBILITY,,,PENDING,,
bib_6f775abc2d4a0b44,,"The breeding system and demography of the Transvaal Sesame-bush, Sesamothamnus lugardii (Pedaliaceae)",2019,OpenAlex,Q3|Q4|Q5|Q6|Q7,PENDING_FULLTEXT_ELIGIBILITY,,,PENDING,,
bib_a9993e6de22b83c1,,The Ecological Consequences and Adaptive Function of Nectar Secondary Metabolites,2010,OpenAlex,Q5|Q6,PENDING_FULLTEXT_ELIGIBILITY,,,PENDING,,
bib_431f30101f65f611,,The ecology and evolution of plant-pollinator interactions in Australian Typhonium (Araceae),2019,OpenAlex,Q3|Q5,PENDING_FULLTEXT_ELIGIBILITY,,,PENDING,,
bib_afb2faf9d14ed80b,,The ecology of pollination and nectar robbing in Linaria vulgaris in the Colorado Rocky Mountains,2004,OpenAlex,Q5|Q6|Q7,PENDING_FULLTEXT_ELIGIBILITY,,,PENDING,,
bib_d82ad3cef47987f3,,The effect of aphids in parasitoid-caterpillar-plant interactions,2007,OpenAlex,Q5,PENDING_FULLTEXT_ELIGIBILITY,,,PENDING,,
bib_fbbf7a645df428d6,,"The effect of wild radish (Raphanus raphanistrum L.) flower morphology on the diversity, abundance, plant-pollinator interactions, and foraging behaviour of floral visitors in Lesotho.",2024,OpenAlex,Q3|Q4|Q5|Q6|Q7,PENDING_FULLTEXT_ELIGIBILITY,,,PENDING,,
bib_712d402a3aeb5faa,,The effects of foliar damage on flower characteristics and pollinator visits in Vicia faba,2002,OpenAlex,Q1|Q4|Q5|Q6|Q7,PENDING_FULLTEXT_ELIGIBILITY,,,PENDING,,
bib_77cd0437e8d140bc,,"The Effects of Multiple Mutualisms in the Tropical Perennial Plant, Turnera",2015,OpenAlex,Q5,PENDING_FULLTEXT_ELIGIBILITY,,,PENDING,,
bib_a8d31f54ddc397aa,,The effects of nectar-robbing on a plant-pollinator mutualism and the evolution of nectar-robbing and sociality in bees,2001,OpenAlex,Q5|Q6|Q7|Q8,PENDING_FULLTEXT_ELIGIBILITY,,,PENDING,,
bib_c674bcbb4658254c,,The effects of nitrogen deposition on the vegetation and the pollinator community in calcareous grasslands,2025,OpenAlex,Q1|Q3|Q4|Q5|Q6,PENDING_FULLTEXT_ELIGIBILITY,,,PENDING,,
bib_7dee1285402927a9,,The emission of volatile organic compounds (VOCs) from rotting fruits and wilting flowers.,2015,OpenAlex,Q5,PENDING_FULLTEXT_ELIGIBILITY,,,PENDING,,
bib_9fbf9309a5ac6bd9,,The evaluation of cuphea pulchra and cuphea schumannii as potential new ornamental crops for introduction into the Floriculture industry,2004,OpenAlex,Q5,PENDING_FULLTEXT_ELIGIBILITY,,,PENDING,,
bib_93c92b0d79b37794,,The functional role of birds as pollinators in southern Cape fynbos.,2018,OpenAlex,Q3|Q4|Q5|Q6,PENDING_FULLTEXT_ELIGIBILITY,,,PENDING,,
bib_774f778e359215cd,,"The good, the bad and the flexible: interactions of Erysimum capitatum with pollinators and herbivores over space and time",2011,OpenAlex,Q4|Q5,PENDING_FULLTEXT_ELIGIBILITY,,,PENDING,,
bib_f6c45a2f5b923ce9,,The gut microbiota of bumblebees : a treasure chest of biodiversity and functionality,2017,OpenAlex,Q6|Q7,PENDING_FULLTEXT_ELIGIBILITY,,,PENDING,,
bib_5d937429e3e38ce8,,The potential of restored landfill sites to support pollinating insects,2009,OpenAlex,Q4,PENDING_FULLTEXT_ELIGIBILITY,,,PENDING,,
bib_2cdde778c3ee335b,,The Role of Honeybee Pollination in Native New Zealand Plants,2021,OpenAlex,Q4|Q5|Q6|Q7,PENDING_FULLTEXT_ELIGIBILITY,,,PENDING,,
bib_77d46ba26a082c98,,The Role of Morphology in Diet and Flower Visitation by Five Species of Cuban Flower-Visiting Bats,2013,OpenAlex,Q1|Q3|Q4|Q6|Q7,PENDING_FULLTEXT_ELIGIBILITY,,,PENDING,,
bib_18c63d0d70eb4a2b,,The Role of Pollen as a Reward for Learning in Bees,2012,OpenAlex,Q6,PENDING_FULLTEXT_ELIGIBILITY,,,PENDING,,
bib_0b56cca73495f9a5,,The Role of Pollinator Shifts in the Floral Diversification of Iochroma (Solanaceae),2008,OpenAlex,Q1|Q3|Q5,PENDING_FULLTEXT_ELIGIBILITY,,,PENDING,,
bib_309b2c22a38cf0f6,,"The tactic and floral constancy of foraging bumblebees: pure legitimate foragers, pure nectar-robbers, and mixed tactic individuals visiting one or more host species",2017,OpenAlex,Q1|Q2|Q3|Q5|Q6|Q7|Q8,PENDING_FULLTEXT_ELIGIBILITY,,,PENDING,,
bib_b527b6c02b7567d8,,"The Tree Bumblebee, Bombus hypnorum: ecology and genetics of a naturally colonising pollinator",2017,OpenAlex,Q6,PENDING_FULLTEXT_ELIGIBILITY,,,PENDING,,
bib_90dbbffef62fede7,,"Trends in Nectar Concentration and Hummingbird Visitation: Investigating different variables in three flowers of the Ecuadorian Cloud Forest: Guzmania jaramilloi, Gasteranthus quitensis, and Besleria solanoides",2016,OpenAlex,Q1,PENDING_FULLTEXT_ELIGIBILITY,,,PENDING,,
bib_17ab9400bd0f4abf,,"Trends in Nectar Production and Concentration of Hummingbird-Pollinated Flowers: An investigation of three flowers of the Ecuadorian Cloud Forest: Palicourea demissa, Mezobromelia capituligera, and Kohleria affinis",2019,OpenAlex,Q1|Q7,PENDING_FULLTEXT_ELIGIBILITY,,,PENDING,,
bib_9b56774e3769663f,,Vegetation diversification schemes and interactions among flower-visiting beneficial insects : which impacts on natural enemy and pollinator communities and on biological control of herbivores?,2020,OpenAlex,Q7,PENDING_FULLTEXT_ELIGIBILITY,,,PENDING,,
bib_5d7f5a12e0063a39,,島嶼における昆虫媒植物と訪花昆虫の相互関係,2010,OpenAlex,Q7,PENDING_FULLTEXT_ELIGIBILITY,,,PENDING,,
bib_0417456ee8d1b291,,海浜における送粉生態系の保全に関する研究(2)山陰地方の海浜性植物ハマゴウ(クマツズラ科)における有剣類の送粉様式,2004,OpenAlex,Q6,PENDING_FULLTEXT_ELIGIBILITY,,,PENDING,,
