source_db,query_id,record_id,doi,title,year,authors,publication,url,search_date
OpenAlex,Q5,https://openalex.org/W2106263507,10.3732/ajb.93.1.64,Correlations among traits associated with herbivore resistance and pollination: implications for pollination and nectar robbing in a distylous plant,2006,Rebecca E. Irwin; Lynn S. Adler,American Journal of Botany,https://doi.org/10.3732/ajb.93.1.64,2026-09-25
OpenAlex,Q5,https://openalex.org/W2111800605,10.1023/a:1011463520398,Reproductive biology and effect of nectar robbing on fruit production in Macleania bullata (Ericaceae),2001,Luis Navarro,Plant Ecology,https://doi.org/10.1023/a:1011463520398,2026-09-25
OpenAlex,Q5,https://openalex.org/W2191936093,10.1111/oik.02685,"Nectar robbing: a common phenomenon mainly determined by accessibility constraints, nectar volume and density of energy rewards",2015,Sandra V. Rojas‐Nossa; José María Sánchez; Luis Navarro,Oikos,https://doi.org/10.1111/oik.02685,2026-09-25
OpenAlex,Q5,https://openalex.org/W2138747635,10.1093/aob/mcj012,Comparison of Pollen Transfer Dynamics by Multiple Floral Visitors: Experiments with Pollen and Fluorescent Dye,2005,Lynn S. Adler; Rebecca E. Irwin,Annals of Botany,https://doi.org/10.1093/aob/mcj012,2026-09-25
OpenAlex,Q5,https://openalex.org/W2020406739,10.1371/journal.pone.0102607,Nectar Robbing Positively Influences the Reproductive Success of Tecomella undulata (Bignoniaceae),2014,Vineet Kumar Singh; Chandan Barman; Rajesh Tandon,PLoS ONE,https://doi.org/10.1371/journal.pone.0102607,2026-09-25
OpenAlex,Q5,https://openalex.org/W2013177683,10.1007/s11284-008-0481-5,"Floral traits variation, legitimate pollination, and nectar robbing in Polygala vayredae (Polygalaceae)",2008,Sílvia Castro; Paulo Cardoso da Silveira; Luis Navarro,Ecological Research,https://doi.org/10.1007/s11284-008-0481-5,2026-09-25
OpenAlex,Q5,https://openalex.org/W2022629354,10.1111/j.1420-9101.2008.01669.x,Selective nectar robbing in a gynodioecious plant (Glechoma longituba) enhances female advantage,2008,Yan‐Wen ZHANG; Chun‐Feng Yang; J.‐M. ZHAO; Y H Guo,Journal of Evolutionary Biology,https://doi.org/10.1111/j.1420-9101.2008.01669.x,2026-09-25
OpenAlex,Q5,https://openalex.org/W1964451750,10.1111/j.1442-1984.2007.00179.x,Effect of Weigela hortensis (Caprifoliaceae) floral morphology on pollinator behavior,2007,Maki N. Inoue; Junko Ushijima; Jun Yokoyama,Plant Species Biology,https://doi.org/10.1111/j.1442-1984.2007.00179.x,2026-09-25
OpenAlex,Q5,https://openalex.org/W2118392058,10.1093/aob/mcr324,Floral traits mediate the vulnerability of aloes to pollen theft and inefficient pollination by bees,2012,Anna L. Hargreaves; Lawrence D. Harder; Steven D. Johnson,Annals of Botany,https://doi.org/10.1093/aob/mcr324,2026-09-25
OpenAlex,Q5,https://openalex.org/W2804358489,10.1002/ajb2.1082,Consequences of secondary nectar robbing for male components of plant reproduction,2018,Sarah Kelley Richman; Rebecca E. Irwin; John T. Bosak; Judith L. Bronstein,American Journal of Botany,https://doi.org/10.1002/ajb2.1082,2026-09-25
OpenAlex,Q5,https://openalex.org/W3104024735,10.1002/ajb2.1559,Light availability influences the intensity of nectar robbery and its effects on reproduction in a tropical shrub via multiple pathways,2020,Gordon M. Fitch; John H. Vandermeer,American Journal of Botany,https://doi.org/10.1002/ajb2.1559,2026-09-25
OpenAlex,Q5,https://openalex.org/W4410500674,10.1111/1365-2745.70067,Soil moisture influences nectar robbing and plant fitness in a primrose species,2025,Yong‐Peng Cha; Rebecca E. Irwin; Yun Wu; Yin‐Mei Ma; Sha Shuang; Zhiqiang Zhang,Journal of Ecology,https://doi.org/10.1111/1365-2745.70067,2026-09-25
OpenAlex,Q5,https://openalex.org/W2128681498,10.1111/jvs.12127,Does competition for pollinators contribute to structuring Erica communities?,2013,A. Heystek; Anton Pauw,Journal of Vegetation Science,https://doi.org/10.1111/jvs.12127,2026-09-25
OpenAlex,Q5,https://openalex.org/W2179371719,10.1111/1365-2664.12530,EDITOR'S CHOICE: REVIEW: Trait matching of flower visitors and crops predicts fruit set better than trait diversity,2015,Lucas A. Garibaldi; Ígnasi Bartomeus; Riccardo Bommarco; Alexandra‐Maria Klein; Saul A. Cunningham; Marcelo A. Aizen; Virginie Boreux; Michael P. D. Garratt; Luísa G. Carvalheiro; Claire Kremen; Carolina Laura Morales; Christof Schüepp; Natacha Paola Chacoff; Breno Magalhães Freitas; Vesna Gagić; Andrea Holzschuh; Björn K. Klatt; Kristin M. Krewenka; Smitha Krishnan; Margaret M. Mayfield; Iris Motzke; Mark Otieno; Jessica D. Petersen; Simon Geoffrey Potts; Taylor H. Ricketts; Maj Rundlöf; Amber R. Sciligo; Palatty Allesh Sinu; Ingolf Steffan‐Dewenter; Hisatomo Taki; Teja Tscharntke; Carlos Vergara; Blandina Felipe Viana; Michał Woyciechowski,Journal of Applied Ecology,https://doi.org/10.1111/1365-2664.12530,2026-09-25
OpenAlex,Q5,https://openalex.org/W3004440386,10.1111/oik.06988,Nectar robbers deter legitimate pollinators by mutilating flowers,2020,Sangeetha Varma; T. P. Rajesh; K. Manoj; Gopalan Asha; Thayyullathil Jobiraj; Palatty Allesh Sinu,Oikos,https://doi.org/10.1111/oik.06988,2026-09-25
OpenAlex,Q5,https://openalex.org/W2114285176,,"Morphological constraints and nectar robbing in three Andean bumble bee species (Hymenoptera, Apidae, Bombini)",2006,Andre J. Riveros; Edgar Javier Hernandez; Guiomar Nates‐Parra,LA Referencia (Red Federada de Repositorios Institucionales de Publicaciones Científicas),https://repository.urosario.edu.co/handle/10336/28153,2026-09-25
OpenAlex,Q5,https://openalex.org/W2034721418,10.1007/s00442-013-2797-2,Plant–animal interactions in suburban environments: implications for floral evolution,2013,Rebecca E. Irwin; Paige S. Warren; Adrian L. Carper; Lynn S. Adler,Oecologia,https://doi.org/10.1007/s00442-013-2797-2,2026-09-25
OpenAlex,Q5,https://openalex.org/W4285087829,10.1038/s41598-022-16237-9,The Campsis-Icterus association as a model system for avian nectar-robbery studies,2022,Gary R. Graves,Scientific Reports,https://doi.org/10.1038/s41598-022-16237-9,2026-09-25
OpenAlex,Q5,https://openalex.org/W2024969640,10.1038/srep07721,Asymmetrical disassortative pollination in a distylous primrose: the complementary roles of bumblebee nectar robbers and syrphid flies,2015,Xingfu Zhu; Xianfeng Jiang; Li Li; Zhiqiang Zhang; Qingjun Li,Scientific Reports,https://doi.org/10.1038/srep07721,2026-09-25
OpenAlex,Q5,https://openalex.org/W2799473788,10.1590/1809-4392201703932,Biting the hand that feeds you: wedge-billed hummingbird is a nectar robber of a sicklebill-adapted Andean bellflower,2018,Mannfred M. A. Boehm,Acta Amazonica,https://doi.org/10.1590/1809-4392201703932,2026-09-25
OpenAlex,Q5,https://openalex.org/W1975874549,10.1111/oik.01439,"Species traits and abundances predict metrics of plant–pollinator network structure, but not pairwise interactions",2014,Colin Olito; Jeremy W. Fox,Oikos,https://doi.org/10.1111/oik.01439,2026-09-25
OpenAlex,Q5,https://openalex.org/W1988052944,10.1100/2012/381575,Morphofunctional Traits and Pollination Mechanisms ofCoronilla emerusL. Flowers (Fabaceae),2012,Giovanna Aronne; Manuela Giovanetti; Veronica De Micco,The Scientific World JOURNAL,https://doi.org/10.1100/2012/381575,2026-09-25
OpenAlex,Q5,https://openalex.org/W2106353129,10.1016/j.sajb.2009.08.001,Hyper-specialization for long-billed bird pollination in a guild of South African plants: the Malachite Sunbird pollination syndrome,2009,Sjirk Geerts; Anton Pauw,South African Journal of Botany,https://doi.org/10.1016/j.sajb.2009.08.001,2026-09-25
OpenAlex,Q5,https://openalex.org/W4415079374,10.15381/rpb.v32i3.30866,Nectar robbery in Campsidium valdivianum: observations on floral morphology and the role of bumblebees and birds in southern Chile,2025,Carlos E. Valdivia; José I. Orellana; Alberto Gantz,Revista Peruana de Biología,https://doi.org/10.15381/rpb.v32i3.30866,2026-09-25
OpenAlex,Q5,https://openalex.org/W2616217046,10.1111/plb.12581,"Pollinators shift to nectar robbers when florivory occurs, with effects on reproductive success in Iris bulleyana (Iridaceae)",2017,Zhong‐Ming Ye; Xiao‐Fang Jin; Qingfeng Wang; Chaodong Yang; David W. Inouye,Plant Biology,https://doi.org/10.1111/plb.12581,2026-09-25
OpenAlex,Q5,https://openalex.org/W4206194090,10.3389/fpls.2021.767725,Breeding System and Response of the Pollinator to Floral Larceny and Florivory Define the Reproductive Success in Aerides odorata,2022,Arjun Adit; Vineet Kumar Singh; Monika Koul; Rajesh Tandon,Frontiers in Plant Science,https://doi.org/10.3389/fpls.2021.767725,2026-09-25
OpenAlex,Q5,https://openalex.org/W2072695199,10.1890/07-1491.1,ALIEN BUMBLE BEE AFFECTS NATIVE PLANT REPRODUCTION THROUGH INTERACTIONS WITH NATIVE BUMBLE BEES,2008,Ikumi Dohzono; Yoko Kawate Kunitake; Jun Yokoyama; Koichi Goka,Ecology,https://doi.org/10.1890/07-1491.1,2026-09-25
OpenAlex,Q5,https://openalex.org/W2135760954,10.1093/aob/mct219,Floral adaptation to local pollinator guilds in a terrestrial orchid,2013,Mimi Sun; Karin Gross; Florian P. Schiestl,Annals of Botany,https://doi.org/10.1093/aob/mct219,2026-09-25
OpenAlex,Q5,https://openalex.org/W2282457855,10.1371/journal.pone.0144585,Impact of Striped-Squirrel Nectar-Robbing Behaviour on Gender Fitness in Alpinia roxburghii Sweet (Zingiberaceae),2015,Xiaobao Deng; Dharmalingam Mohandass; Masatoshi Katabuchi; Alice Catherine Hughes; David Ward Roubik,PLoS ONE,https://doi.org/10.1371/journal.pone.0144585,2026-09-25
OpenAlex,Q5,https://openalex.org/W4282835713,10.1002/ecs2.4077,Nectar robbing rather than pollinator availability constrains reproduction of a bee‐flowered plant at high elevations,2022,Patrick L. Kohl; Ingolf Steffan‐Dewenter,Ecosphere,https://doi.org/10.1002/ecs2.4077,2026-09-25
OpenAlex,Q5,https://openalex.org/W2168043327,10.1111/j.1095-8339.2005.00388.x,"Diversity, flower visitation frequency and generalism of pollinators in temperate rain forests of Chiloé Island, Chile",2005,Cecilia Smith‐Ramírez; Paula Martínez; Martín Andrés Nuñez; Christian Raúl González; J. J. Armesto,Botanical Journal of the Linnean Society,https://doi.org/10.1111/j.1095-8339.2005.00388.x,2026-09-25
OpenAlex,Q5,https://openalex.org/W2898664981,10.1002/ajb2.1182,Consequences of multiple flower–insect interactions for subsequent plant–insect interactions and plant reproduction,2018,Nicole L. Soper Gorden; Lynn S. Adler,American Journal of Botany,https://doi.org/10.1002/ajb2.1182,2026-09-25
OpenAlex,Q5,https://openalex.org/W4392885445,10.1093/biolinnean/blae013,Complex floral morphology and scent chemistry mediate hawkmoth pollination of an African orchid in the diverse Habenaria clade,2024,Steven D. Johnson; Marco G. Balducci; Adam Shuttleworth,Biological Journal of the Linnean Society,https://doi.org/10.1093/biolinnean/blae013,2026-09-25
OpenAlex,Q5,https://openalex.org/W621648762,10.1007/s11829-015-9379-7,The ecological role of extremely long-proboscid Neotropical butterflies (Lepidoptera: Hesperiidae) in plant-pollinator networks,2015,Julia Bauder; ANDREW DAVID WARREN; Harald Wolfgang Krenn,Arthropod-Plant Interactions,https://doi.org/10.1007/s11829-015-9379-7,2026-09-25
OpenAlex,Q5,https://openalex.org/W4291000381,10.3390/biology11081203,A Decrease in the Staminode-Mediated Visitor Screening Mechanism in Response to Nectar Robbers Positively Affects Reproduction in Delphinium caeruleum Jacq. ex Camb. (Ranunculaceae),2022,Qinzheng Hou; Taihong Wang; Guang Ming Yang; Wenjuan Shao; Wenrui Min; Yu-Qin Zhong,Biology,https://doi.org/10.3390/biology11081203,2026-09-25
OpenAlex,Q5,https://openalex.org/W3207676228,10.26786/1920-7603(2021)620,Catching the thief: Nectar robbing behaviour by bumblebees on naturalised Fuchsia magellanica in Ireland,2021,Dara Anne Stanley; Emmeline Cosnett,Journal of Pollination Ecology,https://doi.org/10.26786/1920-7603(2021)620,2026-09-25
OpenAlex,Q5,https://openalex.org/W2109615524,10.1111/boj.12236,The influence of nectar production and floral visitors on the female reproductive success ofInga(Fabaceae): a field experiment,2015,Oswaldo Cruz‐Neto; Isabel Cristina Machado; Leonardo Galetto; Ariadna Valentina Lopes,Botanical Journal of the Linnean Society,https://doi.org/10.1111/boj.12236,2026-09-25
OpenAlex,Q5,https://openalex.org/W3200624213,10.3390/biology10090903,Corolla Abscission Triggered by Nectar Robbers Positively Affects Reproduction by Enhancing Self-Pollination in Symphytum officinale (Boraginaceae),2021,Qinzheng Hou; Nurbiye Ehmet; Dawei Chen; Taihong Wang; Yifan Xu; Jing Ma; Kun Sun,Biology,https://doi.org/10.3390/biology10090903,2026-09-25
OpenAlex,Q5,https://openalex.org/W4307290976,10.11609/jott.8023.14.10.22001-22007,"Nectar robbing by bees on the flowers of Volkameria inermis (Lamiaceae) in Coringa Wildlife Sanctuary, Andhra Pradesh, India",2022,P. Suvarna Raju; A. J. S. Raju; Chintapalli V. V. S. Bhaskara Reddy; G. J. Nagaraju,Journal of Threatened Taxa,https://doi.org/10.11609/jott.8023.14.10.22001-22007,2026-09-25
OpenAlex,Q5,https://openalex.org/W2898342007,10.1002/ecs2.2459,Legitimate visitors and nectar robbers of Aquilegia formosa have different effects on nectar bacterial communities,2018,Ash T. Zemenick; Jay A. Rosenheim; Rachel Lee Vannette,Ecosphere,https://doi.org/10.1002/ecs2.2459,2026-09-25
OpenAlex,Q5,https://openalex.org/W3089188902,10.3389/fpls.2020.558684,Flower Conspicuousness to Bees Across Pollination Systems: A Generalized Test of the Bee-Avoidance Hypothesis,2020,Gabriel Coimbra; Carina Araujo; Pedro Joaquim Bergamo; Leandro Freitas; Miguel Angel Rodríguez-Gironés,Frontiers in Plant Science,https://doi.org/10.3389/fpls.2020.558684,2026-09-25
OpenAlex,Q5,https://openalex.org/W4390665973,10.1111/btp.13293,Pollination of Chamaepentas nobilis (Rubiaceae) by long‐proboscid hawkmoths in south‐central Africa: Trait mismatching and floral scent chemistry,2024,Steven D. Johnson,Biotropica,https://doi.org/10.1111/btp.13293,2026-09-25
OpenAlex,Q5,https://openalex.org/W3135245034,10.1111/jeb.13781,"Selfing rates vary with floral display, pollinator visitation and plant density in natural populations of Mimulus ringens",2021,Dorothy A Christopher; Jeffrey D. Karron; Wendy R. Semski; Patrick A. Smallwood; Dorset W. Trapnell; Randall J. Mitchell,Journal of Evolutionary Biology,https://doi.org/10.1111/jeb.13781,2026-09-25
OpenAlex,Q5,https://openalex.org/W4412593772,10.3390/plants14152266,Spatiotemporal Variations in Nectar Robbing and Its Effects on Reproduction in Salvia castanea Diels (Lamiaceae),2025,Hanwen Xiao; Yanbo Huang,Plants,https://doi.org/10.3390/plants14152266,2026-09-25
OpenAlex,Q5,https://openalex.org/W2060327081,10.1016/j.sajb.2011.11.003,Experimental evidence for bird pollination and corolla damage by ants in the short-tubed flowers of Erica halicacaba (Ericaceae),2011,R. Turner; Jeremy J. Midgley; Phoebe Barnard; Robert E. Simmons; Steven D. Johnson,South African Journal of Botany,https://doi.org/10.1016/j.sajb.2011.11.003,2026-09-25
OpenAlex,Q5,https://openalex.org/W4401265444,10.1186/s12862-024-02293-4,Functional trait mismatch between native and introduced bee pollinators servicing a global fruit crop,2024,Olivia M. Bernauer; Michael G. Branstetter; James M. Cook; Simon M. Tierney,BMC Ecology and Evolution,https://doi.org/10.1186/s12862-024-02293-4,2026-09-25
OpenAlex,Q5,https://openalex.org/W2946257926,10.1038/s41598-019-43753-y,A comparison of coffee floral traits under two different agricultural practices,2019,Sara Guiti Prado; Jaime  Agustin Collazo; Philip C. Stevenson; Rebecca E. Irwin,Scientific Reports,https://doi.org/10.1038/s41598-019-43753-y,2026-09-25
OpenAlex,Q5,https://openalex.org/W2917945275,10.1134/s0013873818080079,"Nesting and Biology of Alastor mocsaryi (Hymenoptera, Vespidae: Eumeninae)",2018,Alexander V. Fateryga; Yulia А. Podunay,Entomological Review,https://doi.org/10.1134/s0013873818080079,2026-09-25
OpenAlex,Q5,https://openalex.org/W2120142743,10.1111/j.1558-5646.2008.00327.x,THE ROLE OF POLLINATOR SHIFTS IN THE FLORAL DIVERSIFICATION OF IOCHROMA (SOLANACEAE),2008,Stacey D. Smith; Cécile Ané; David Baum,Evolution,https://doi.org/10.1111/j.1558-5646.2008.00327.x,2026-09-25
OpenAlex,Q5,https://openalex.org/W2080646779,10.1111/j.1095-8339.2004.00329.x,Trends in floral scent chemistry in pollination syndromes: floral scent composition in hummingbird-pollinated taxa,2004,Jette T. Knudsen; Lars Tollsten; Inga Groth; Günnar Bergström; Robert A. Raguso,Botanical Journal of the Linnean Society,https://doi.org/10.1111/j.1095-8339.2004.00329.x,2026-09-25
OpenAlex,Q5,https://openalex.org/W2968883205,10.1002/ece3.5539,How does urbanization affect the reproductive characteristics and ecological affinities of street plant communities?,2019,James Desaegher; Sophie Nadot; Nathalie Machon; Bruno Colas,Ecology and Evolution,https://doi.org/10.1002/ece3.5539,2026-09-25
OpenAlex,Q5,https://openalex.org/W3126120752,10.26786/1920-7603(2020)619,Exploitation of Strobilanthes ixiocephala (Acanthaceae) flower buds by bees,2021,Priyanka A Ambavane; Nikhil More; Renee Maria Borges,Journal of Pollination Ecology,https://doi.org/10.26786/1920-7603(2020)619,2026-09-25
OpenAlex,Q5,https://openalex.org/W7196986504,10.1002/ece3.74123,Mutualism and Antagonism in a Post‐Extinction Hawaiian Bird–Lobelioid Pollination System,2026,Samuel B. Case; Donald R. Drake; Kevin Epperly; Christopher Steinbronn; Keoki Kanakaokai; Molly E. Hagemann; Nathaniel H. Kingsley; Shannon Gregory; Hanna L. Mounce; Alejandro Rico‐Guevara,Ecology and Evolution,https://doi.org/10.1002/ece3.74123,2026-09-25
OpenAlex,Q5,https://openalex.org/W4388857470,10.1093/biolinnean/blad164,Mixed mating patterns in morphologically diverse bumblebee-pollinated Salvia species from China,2023,Hanwen Xiao; Yanbo Huang; Qingshan Liu; Regine Claßen‐Bockhoff; Ru-Nan Tian; Yukun K Wei,Biological Journal of the Linnean Society,https://doi.org/10.1093/biolinnean/blad164,2026-09-25
OpenAlex,Q5,https://openalex.org/W2115950208,10.1093/jxb/ert025,Control of flower size,2013,Beth Allyn Krizek; Jill T. Anderson,Journal of Experimental Botany,https://doi.org/10.1093/jxb/ert025,2026-09-25
OpenAlex,Q5,https://openalex.org/W2088193299,10.1303/aez.2010.101,"Bombus terrestris, pollinator, invasive and pest: An assessment of problems associated with its widespread introductions for commercial purposes",2010,Amots Dafni; Peter G. Kevan; Caroline L. Gross; Koichi Goka,Applied Entomology and Zoology,https://doi.org/10.1303/aez.2010.101,2026-09-25
OpenAlex,Q5,https://openalex.org/W4402125664,10.3897/phytokeys.246.126310,Evidence for moth pollination in a rhinomyiophilous Erica species from the Cape Floristic Region of South Africa,2024,Timotheüs van der Niet; Ruth J. Cozien,PhytoKeys,https://doi.org/10.3897/phytokeys.246.126310,2026-09-25
OpenAlex,Q5,https://openalex.org/W2142916221,10.1111/j.1469-8137.2009.02914.x,Darwin's beautiful contrivances: evolutionary and functional evidence for floral adaptation,2009,Lawrence D. Harder; Steven D. Johnson,New Phytologist,https://doi.org/10.1111/j.1469-8137.2009.02914.x,2026-09-25
OpenAlex,Q5,https://openalex.org/W2147703589,10.1590/s1676-06032012000400010,Pollination of Pagamea duckei Standl. (Rubiaceae): a functionally dioecious species,2012,Mário Henrique Terra‐Araujo; Antonio Carlos Webber; Alberto Vicentini,Biota Neopropica/Biota Neotropica,https://doi.org/10.1590/s1676-06032012000400010,2026-09-25
OpenAlex,Q5,https://openalex.org/W4402186419,10.1007/s10980-024-01899-9,"Multiscale spatial analysis of two plant–insect interactions: effects of landscape, resource distribution, and other insects",2024,Guillem Pocull; Carina A. Baskett; Nick Barton,Landscape Ecology,https://doi.org/10.1007/s10980-024-01899-9,2026-09-25
OpenAlex,Q5,https://openalex.org/W4220842336,10.5091/plecevo.84464,Reproductive biology and flower-visitor interactions of two bromeliad species from the Brazilian Atlantic Forest,2022,Matheus R. e Silva; Bruno Corrêa Barbosa; Ana Paula Gelli de Faria,Plant Ecology and Evolution,https://doi.org/10.5091/plecevo.84464,2026-09-25
OpenAlex,Q5,https://openalex.org/W2949514699,10.1016/j.tplants.2019.04.007,Ecology of Plastic Flowers,2019,Quint Rusman; Dani Lucas‐Barbosa; Erik H. Poelman; Marcel Dicke,Trends in Plant Science,https://doi.org/10.1016/j.tplants.2019.04.007,2026-09-25
OpenAlex,Q5,https://openalex.org/W2805366811,10.1098/rspb.2018.0635,Linking pollinator efficiency to patterns of pollen limitation: small bees exploit the plant–pollinator mutualism,2018,Matthew H. Koski; Jennifer L. Ison; Ashley Padilla; Angela Q. Pham; Laura F. Galloway,Proceedings of the Royal Society B Biological Sciences,https://doi.org/10.1098/rspb.2018.0635,2026-09-25
OpenAlex,Q5,https://openalex.org/W2133324718,10.1111/ele.12342,"The potential for indirect effects between co‐flowering plants via shared pollinators depends on resource abundance, accessibility and relatedness",2014,Luísa G. Carvalheiro; Jacobus Christiaan Biesmeijer; Gita Benadi; Jochen Fründ; Martina Stang; Ígnasi Bartomeus; Christopher N. Kaiser‐Bunbury; Mathilde Baude; Sofia I. F. Gomes; Vincent S. F. T. Merckx; Katherine C. R. Baldock; Andrew T. D. Bennett; Ruth Boada; Riccardo Bommarco; Ralph V. Cartar; Natacha Paola Chacoff; Juliana Dänhardt; Lynn V. Dicks; Carsten F. Dormann; Johan Ekroos; Kate S. E. Henson; Andrea Holzschuh; Robert R. Junker; Martha Lopezaraiza‐Mikel; Jane Memmott; Ana Montero‐Castaño; Isabel L. Nelson; Theodora Petanidou; Eileen F. Power; Maj Rundlöf; Henrik G. Smith; Jane C. Stout; Temitope Kehinde; Teja Tscharntke; Thomas Tscheulin; Montserrat Vilà; William E. Kunin,Ecology Letters,https://doi.org/10.1111/ele.12342,2026-09-25
OpenAlex,Q5,https://openalex.org/W2102556602,10.1890/03-0409,ATTRACTING ANTAGONISTS: DOES FLORAL NECTAR INCREASE LEAF HERBIVORY?,2004,Lynn S. Adler; Judith L. Bronstein,Ecology,https://doi.org/10.1890/03-0409,2026-09-25
OpenAlex,Q5,https://openalex.org/W2017267912,10.1371/journal.pone.0097307,Bee Species Diversity Enhances Productivity and Stability in a Perennial Crop,2014,Shelley R. Rogers; David R. Tarpy; Hannah Joy Burrack,PLoS ONE,https://doi.org/10.1371/journal.pone.0097307,2026-09-25
OpenAlex,Q5,https://openalex.org/W4395954432,10.1101/2024.04.25.591145,The Role of Similarity of Stimuli and Responses in Learning by Nectar-Foraging Bumble Bees: A Test of Osgood’s Model,2024,Minjung Baek; Daniel R. Papaj,bioRxiv (Cold Spring Harbor Laboratory),https://doi.org/10.1101/2024.04.25.591145,2026-09-25
OpenAlex,Q5,https://openalex.org/W2162104568,10.1093/aobpla/plu003,"Floral specialization and angiosperm diversity: phenotypic divergence, fitness trade-offs and realized pollination accuracy",2014,W. Scott Armbruster,AoB Plants,https://doi.org/10.1093/aobpla/plu003,2026-09-25
OpenAlex,Q5,https://openalex.org/W4306964315,10.3389/fsufs.2022.1006201,Toward evidence-based decision support systems to optimize pollination and yields in highbush blueberry,2022,Lisa Wasko DeVetter; Stan Chabert; Meghan O’Grady Milbrath; Rachel E. Mallinger; Jenna Walters; Rufus Isaacs; Suzette P. Galinato; Clark J. Kogan; Kayla Brouwer; Andony P. Melathopoulos; Maxime Eeraerts,Frontiers in Sustainable Food Systems,https://doi.org/10.3389/fsufs.2022.1006201,2026-09-25
OpenAlex,Q5,https://openalex.org/W2981026205,10.1086/705584,The Context Dependence of Pollinator-Mediated Selection in Natural Populations,2019,Nina Sletvold,International Journal of Plant Sciences,https://doi.org/10.1086/705584,2026-09-25
OpenAlex,Q5,https://openalex.org/W2258564852,10.1007/s13593-015-0342-x,Weed-insect pollinator networks as bio-indicators of ecological sustainability in agriculture. A review,2016,Orianne Rollin; Giovanni Benelli; Stefano Benvenuti; Axel Decourtye; S. D. Wratten; Angelo Canale; Nicolas Desneux,Agronomy for Sustainable Development,https://doi.org/10.1007/s13593-015-0342-x,2026-09-25
OpenAlex,Q5,https://openalex.org/W2103856419,10.1046/j.1095-8339.2002.00068.x,Floral scents in butterfly-pollinated plants: possible convergence in chemical composition,2002,Susanna Andersson; L. Anders Nilsson; Inga Groth; Günnar Bergström,Botanical Journal of the Linnean Society,https://doi.org/10.1046/j.1095-8339.2002.00068.x,2026-09-25
OpenAlex,Q5,https://openalex.org/W7166545956,10.1002/ece3.73933,Nectar Robbery by Native and Invasive Bumblebees Reduces Floral Rewards but Not Seed Production in Desfontainia fulgens,2026,Carlos E. Valdivia; José I. Orellana,Ecology and Evolution,https://doi.org/10.1002/ece3.73933,2026-09-25
OpenAlex,Q5,https://openalex.org/W4409729226,10.3390/horticulturae11050453,Reproductive and Pollination Characteristics of Three Understory Impatiens Species,2025,Yuxi Xue; Qitao Su; Yuxing Zhang; Shujian Zhang; Heng Li; Leiqin Liao; Jia Zeng; Weiyuan Huang; Yian Xiao,Horticulturae,https://doi.org/10.3390/horticulturae11050453,2026-09-25
OpenAlex,Q5,https://openalex.org/W2018391664,10.1303/aez.2010.37,Impacts of alien bees on native plant-pollinator relationships: A review with special emphasis on plant reproduction,2010,Ikumi Dohzono; Jun Yokoyama,Applied Entomology and Zoology,https://doi.org/10.1303/aez.2010.37,2026-09-25
OpenAlex,Q5,https://openalex.org/W7141773724,,Ecological and evolutionary implications of nectar robbery,2015,Sandra Victoria Rojas Nossa,Investigo Institutional repository of UVigo (Universidade de Vigo),http://hdl.handle.net/11093/828,2026-09-25
OpenAlex,Q5,https://openalex.org/W2129714906,10.1093/aob/mcr172,The natural history of pollination and mating in bird-pollinated Babiana (Iridaceae),2011,Caroli de Waal; Bruce C Anderson; Spencer C. H. Barrett,Annals of Botany,https://doi.org/10.1093/aob/mcr172,2026-09-25
OpenAlex,Q5,https://openalex.org/W2253648901,,"Floral trait evolution and pollination ecology in the Hawaiian lobeliad genus, clermontia (campanulaceae)",2013,Richard J. Pender,ScholarSpace (University of Hawaii at Manoa),http://hdl.handle.net/10125/100636,2026-09-25
OpenAlex,Q5,https://openalex.org/W4367323150,10.55905/rdelosv16.n42-026,Reproductive success and production of nectar in Mandevilla funiformis (Apocynaceae): accessibility to visitors and effect of floral stage,2023,Juliana Márcia Rogalski; Daniela Werner; Camila Vieira Da Silva; Kurt Bourscheid; Ademir Reis; Afonso Inácio Orth,DELOS Desarrollo Local Sostenible,http://dx.doi.org/10.55905/rdelosv16.n42-026,2026-09-25
OpenAlex,Q5,https://openalex.org/W3070350740,10.1146/annurev-ecolsys-011720-013401,"The Floral Microbiome: Plant, Pollinator, and Microbial Perspectives",2020,Rachel Lee Vannette,Annual Review of Ecology Evolution and Systematics,https://doi.org/10.1146/annurev-ecolsys-011720-013401,2026-09-25
OpenAlex,Q5,https://openalex.org/W4414649470,10.55525/tjst.1705635,"Functional Ecology of Floral Traits and Plant Pollinator Interactions in Two Endemic Scrophularia L. Species from Erzincan, Türkiye",2025,Faruk Yıldız; Ali Kandemir; Engin Kılıç; Nalan Yıldırım; Halil İbrahim Türkoğlu,Turkish Journal of Science and Technology,https://doi.org/10.55525/tjst.1705635,2026-09-25
OpenAlex,Q5,https://openalex.org/W106826490,,The effects of nectar-robbing on a plant-pollinator mutualism and the evolution of nectar-robbing and sociality in bees,2001,Sarah Richardson,UA Campus Repository (The University of Arizona),http://hdl.handle.net/10150/290257,2026-09-25
OpenAlex,Q5,https://openalex.org/W7207612347,10.1111/aje.70225,When Bigger Is not Better: Corolla Length Increases Nectar Robbing in Aloe secundiflora Engl. (Asphodelaceae),2026,Luis Navarro,African Journal of Ecology,https://doi.org/10.1111/aje.70225,2026-09-25
OpenAlex,Q5,https://openalex.org/W2113571065,10.1093/aob/mcn260,"A generalized pollination system in the tropics: bats, birds and Aphelandra acanthus",2009,Nathan C. Muchhala; Angélica Caiza; Juan Carlos Vizuete; James D. Thomson,Annals of Botany,https://doi.org/10.1093/aob/mcn260,2026-09-25
OpenAlex,Q5,https://openalex.org/W3154715322,10.3390/plants10040815,Phloem-Feeding Herbivores Affect Floral Development and Reproduction in the Etruscan Honeysuckle (Lonicera etrusca Santi),2021,Sandra V. Rojas‐Nossa; José María Sánchez; Luis Navarro,Plants,https://doi.org/10.3390/plants10040815,2026-09-25
OpenAlex,Q5,https://openalex.org/W1986804376,10.1371/journal.pone.0093421,"Floral Reward, Advertisement and Attractiveness to Honey Bees in Dioecious Salix caprea",2014,Stefan Dötterl; Ulrike Glück; Andreas Jürgens; J.P. Woodring; Gregor Aas,PLoS ONE,https://doi.org/10.1371/journal.pone.0093421,2026-09-25
OpenAlex,Q5,https://openalex.org/W2398098277,,HERBIVORE RESISTANCE AND POLLINATION: IMPLICATIONS FOR POLLINATION AND NECTAR ROBBING IN A DISTYLOUS PLANT',2006,Rebecca E. Irwin; Lynn S. Adler,,https://www.jstor.org/stable/4125472,2026-09-25
OpenAlex,Q5,https://openalex.org/W2731230291,10.1111/1365-2435.12933,Nectar bacteria affect life history of a generalist aphid parasitoid by altering nectar chemistry,2017,Marijke Lenaerts; Tim Goelen; Caroline Paulussen; Beatriz Herrera‐Malaver; Jan Steensels; Wim Van den Ende; Kevin J. Verstrepen; FELIX L. WÄCKERS; Hans Jacquemyn; Bart Lievens,Functional Ecology,https://doi.org/10.1111/1365-2435.12933,2026-09-25
OpenAlex,Q5,https://openalex.org/W2112126415,10.1111/j.1365-2745.2010.01648.x,"Beyond biomass: measuring the effects of community‐level nitrogen enrichment on floral traits, pollinator visitation and plant reproduction",2010,Laura A. Burkle; Rebecca E. Irwin,Journal of Ecology,https://doi.org/10.1111/j.1365-2745.2010.01648.x,2026-09-25
OpenAlex,Q5,https://openalex.org/W2146927217,10.1093/aob/mcn106,"Flower Morphology, Pollination Biology and Mating System of the Complex Flower of Vigna caracalla (Fabaceae: Papilionoideae)",2008,Angela Virginia Etcheverry; María M. Alemán; Trinidad Figueroa Fleming,Annals of Botany,https://doi.org/10.1093/aob/mcn106,2026-09-25
OpenAlex,Q5,https://openalex.org/W2762967195,,Plant-pollinator Interactions in a Changing Climate,2011,Jessica R. K. Forrest,TSpace (University of Toronto),http://hdl.handle.net/1807/29723,2026-09-25
OpenAlex,Q5,https://openalex.org/W2059212078,10.1046/j.1469-8137.2003.00919.x,Natural selection in Ipomopsis hybrid zones: implications for ecological speciation,2003,Diane R. Campbell,New Phytologist,https://doi.org/10.1046/j.1469-8137.2003.00919.x,2026-09-25
OpenAlex,Q5,https://openalex.org/W2572050383,10.1016/bs.aecr.2016.10.007,Massively Introduced Managed Species and Their Consequences for Plant–Pollinator Interactions,2017,Benoît Geslin; Benoît Gauzens; Marjolaine Baude; Isabelle Dajoz; Colin Fontaine; Mickaël Henry; Lise Ropars; Orianne Rollin; Élisa Thébault; Nicolas J. Vereecken,Advances in ecological research/Advances in Ecological Research,https://doi.org/10.1016/bs.aecr.2016.10.007,2026-09-25
OpenAlex,Q5,https://openalex.org/W7164409219,10.5194/we-26-83-2026,Blueberry floral morphology influences pollinator visitation and behavioural patterns,2026,Helena Castro; Ana Margarida Branco; Bruna Lago Chaves; Hugo Gaspar; João Loureiro; Sílvia Castro,Web Ecology,https://doi.org/10.5194/we-26-83-2026,2026-09-25
OpenAlex,Q5,https://openalex.org/W2130798117,10.1093/jpe/rtu012,How do belowground organisms influence plant-pollinator interactions?,2014,Nicholas A. Barber; Nicole L. Soper Gorden,Journal of Plant Ecology,https://doi.org/10.1093/jpe/rtu012,2026-09-25
OpenAlex,Q5,https://openalex.org/W2028118216,10.1371/journal.pone.0033803,Contribution of Pollinators to Seed Production as Revealed by Differential Pollinator Exclusion in Clerodendrum trichotomum (Lamiaceae),2012,Ryota L. Sakamoto; Motomi Itô; Nobumitsu Kawakubo,PLoS ONE,https://doi.org/10.1371/journal.pone.0033803,2026-09-25
OpenAlex,Q5,https://openalex.org/W2264259140,10.1590/0001-3765201520140349,Plant-hummingbird interactions and temporal nectar availability in arestinga from Brazil,2015,Lorena Coutinho Nery da Fonseca; Jeferson Vizentin‐Bugoni; André Rodrigo Rech; Maria Alice S. Alves,Anais da Academia Brasileira de Ciências,https://doi.org/10.1590/0001-3765201520140349,2026-09-25
OpenAlex,Q5,https://openalex.org/W2564571744,10.1016/j.flora.2016.12.007,"Floral biology, nectar secretion pattern and fruit set of a threatened Bignoniaceae tree from Brazilian tropical forest",2016,Camila Vaz de Souza; Massimo Nepi; Sílvia Rodrigues Machado; Elza Guimarães,Flora,https://doi.org/10.1016/j.flora.2016.12.007,2026-09-25
OpenAlex,Q5,https://openalex.org/W1834907958,10.1111/j.1095-8312.2007.00890.x,Reproductive ecology of 21 coexisting Psychotria species (Rubiaceae): when is heterostyly lost?,2007,Shoko Sakai; S. Joseph Wright‬,Biological Journal of the Linnean Society,https://doi.org/10.1111/j.1095-8312.2007.00890.x,2026-09-25
OpenAlex,Q5,https://openalex.org/W2773429961,10.7554/elife.31262,"The diversity of floral temperature patterns, and their use by pollinators",2017,Michael J. M. Harrap; Sean A. Rands; Natalie Hempel de Ibarra; Heather M. Whitney,eLife,https://doi.org/10.7554/elife.31262,2026-09-25
OpenAlex,Q5,https://openalex.org/W7130819294,10.1111/1365-2435.70276,Is bee‐avoidance by bird‐pollinated flowers driven by nectar robbing in Erica ?,2026,Anina Coetzee; Colleen Lynda Seymour; Claire N. Spottiswoode; Michael David Pirie; Timotheüs van der Niet,Functional Ecology,https://doi.org/10.1111/1365-2435.70276,2026-09-25
OpenAlex,Q5,https://openalex.org/W7133281174,,Is bee‐avoidance by bird‐pollinated flowers driven by nectar robbing in Erica?,2025,Anina Coetzee; Colleen Lynda Seymour; Claire N. Spottiswoode; Michael David Pirie; Timotheüs van der Niet,Apollo (University of Cambridge),https://www.repository.cam.ac.uk/handle/1810/398896,2026-09-25
OpenAlex,Q5,https://openalex.org/W7133015872,,The ecology of pollination and nectar robbing in Linaria vulgaris in the Colorado Rocky Mountains,2004,Daniel Aureliano Newman,TSpace (University of Toronto),http://gateway.proquest.com/openurl?url_ver=Z39.88-2004=info:ofi/fmt:kev:mtx:dissertation=xri:pqm=xri:pqdiss:MQ95610,2026-09-25
OpenAlex,Q5,https://openalex.org/W4296564541,10.1146/annurev-ento-120220-124357,Chemical Ecology of Floral Resources in Conservation Biological Control,2022,Stefano Colazza; Ezio Peri; Antonino Cusumano,Annual Review of Entomology,https://doi.org/10.1146/annurev-ento-120220-124357,2026-09-25
OpenAlex,Q5,https://openalex.org/W7163542668,10.6084/m9.figshare.32325837,Data from: Blueberry floral morphology influences pollinator visitation and behavioural patterns,2026,Helena Castro,Figshare,https://doi.org/10.6084/m9.figshare.32325837,2026-09-25
OpenAlex,Q5,https://openalex.org/W3178762613,10.3389/fevo.2021.680463,Variation in Manduca sexta Pollination-Related Floral Traits and Reproduction in a Wild Tobacco Plant,2021,Julia Bing; Xiang Li; Alexander Haverkamp; Ian Thomas Baldwin; Bill S. Hansson; Markus Knaden; Felipe Yon,Frontiers in Ecology and Evolution,https://doi.org/10.3389/fevo.2021.680463,2026-09-25
OpenAlex,Q5,https://openalex.org/W7163518526,10.6084/m9.figshare.32325837.v1,Data from: Blueberry floral morphology influences pollinator visitation and behavioural patterns,2026,Helena Castro,Figshare,https://figshare.com/articles/dataset/Data_from_Blueberry_floral_morphology_influences_pollinator_visitation_and_behavioural_patterns/32325837,2026-09-25
OpenAlex,Q5,https://openalex.org/W2096701021,10.1111/j.1558-5646.2012.01796.x,ADAPTIVE DIVERGENCE IN DARWIN'S RACE: HOW COEVOLUTION CAN GENERATE TRAIT DIVERSITY IN A POLLINATION SYSTEM,2012,Feng Zhen Zhang; Cang Hui; Anton Pauw,Evolution,https://doi.org/10.1111/j.1558-5646.2012.01796.x,2026-09-25
OpenAlex,Q5,https://openalex.org/W1883998869,10.1590/2175-7860201566204,An overview on pollination of the Neotropical Poales,2015,Marina Wolowski; Leandro Freitas,Rodriguésia,https://doi.org/10.1590/2175-7860201566204,2026-09-25
OpenAlex,Q5,https://openalex.org/W1983462620,10.1007/s00709-015-0794-5,Comparative floral spur anatomy and nectar secretion in four representatives of Ranunculaceae,2015,Sebastian Antoń; Magdalena Kamińska,PROTOPLASMA,https://doi.org/10.1007/s00709-015-0794-5,2026-09-25
OpenAlex,Q5,https://openalex.org/W7160916618,10.1007/s10265-026-01722-3,Nectar robbing as a mechanism of biotic resistance against an invasive plant in the Galápagos Islands,2026,Luis Navarro; José María Gómez,Journal of Plant Research,https://doi.org/10.1007/s10265-026-01722-3,2026-09-25
OpenAlex,Q5,https://openalex.org/W2018849358,10.1093/jpe/rtv020,Variation of nectar production in relation to plant characteristics in protandrous Aconitum gymnandrum,2015,Ningna Lu; X.-H. Li; Li Li; Zhigang Zhao,Journal of Plant Ecology,https://doi.org/10.1093/jpe/rtv020,2026-09-25
OpenAlex,Q5,https://openalex.org/W2068055270,10.1098/rspb.2013.2934,The evolution of signal–reward correlations in bee- and hummingbird-pollinated species of Salvia,2014,Santiago Benitez‐Vieyra; Juan Fornoni; Jessica Pérez‐Alquicira; Karina Boege; César Augusto Domínguez,Proceedings of the Royal Society B Biological Sciences,https://doi.org/10.1098/rspb.2013.2934,2026-09-25
OpenAlex,Q5,https://openalex.org/W2302424487,10.1111/ddi.12434,The integration of alien plants in mutualistic plant–hummingbird networks across the Americas: the importance of species traits and insularity,2016,Pietro K. Maruyama; Jeferson Vizentin‐Bugoni; Jesper Sonne; Ana M. Martín González; Matthias Schleuning; Andréa Cardoso Araujo; Andrea C. Baquero; Juliana Cardona; Paola Cardona; Peter A. Cotton; Glauco Ubiratan Kohler; Carlos Lara; Tiago S. Malucelli; Oscar Humberto Marín‐Gómez; Jeff Ollerton; Ana Maria Rui; Allan Timmermann; Isabela Galarda Varassin; Thais B. Zanata; Carsten Rahbek; Marlies Sazima; Bo Dalsgaard,Diversity and Distributions,https://doi.org/10.1111/ddi.12434,2026-09-25
OpenAlex,Q5,https://openalex.org/W2905025285,10.1155/2018/3904973,Some Unresolved Issues of Measuring the Efficiency of Pollinators: Experimentally Testing and Assessing the Predictive Power of Different Methods,2018,Ram Chander Sihag,International Journal of Ecology,https://doi.org/10.1155/2018/3904973,2026-09-25
OpenAlex,Q5,https://openalex.org/W4396672310,10.1111/brv.13094,Macroevolution of the plant–hummingbird pollination system,2024,Elisa Barreto; Mannfred M. A. Boehm; Ezgi Ogutcen; Stefan Abrahamczyk; Michael Kessler; Jordi Bascompte; Agnes S. Dellinger; Carolina Bello; D. Matthias Dehling; François Duchenne; Miriam Kaehler; Laura P. Lagomarsino; Lúcia G. Lohmann; María A. Maglianesi; Hélène Morlon; Nathan C. Muchhala; Juan Francisco Ornelas; Mathieu Perret; Nelson R. Orellana Salinas; Stacey D. Smith; Jana C. Vamosi; Isabela Galarda Varassin; Catherine Helen Graham,Biological reviews/Biological reviews of the Cambridge Philosophical Society,https://doi.org/10.1111/brv.13094,2026-09-25
OpenAlex,Q5,https://openalex.org/W2438176321,10.21273/hortsci.48.2.136,"Blueberry Floral Attributes and Their Effect on the Pollination Efficiency of an Oligolectic Bee, Osmia ribifloris Cockerell (Megachilidae: Apoidea)",2013,Blair Joseph Sampson; Stephen J. Stringer; Donna A. Marshall,HortScience,https://doi.org/10.21273/hortsci.48.2.136,2026-09-25
OpenAlex,Q5,https://openalex.org/W4392297428,10.1038/s41598-024-55344-7,"Lack of pollinators selects for increased selfing, restricted gene flow and resource allocation in the rare Mediterranean sage Salvia brachyodon",2024,Boštjan Surina; Manica Balant; Peter Glasnović; Andrej Gogala; Živa Fišer; Zlatko Šatović; Zlatko Liber; Ivan Radosavljević; Regine Claßen‐Bockhoff,Scientific Reports,https://doi.org/10.1038/s41598-024-55344-7,2026-09-25
OpenAlex,Q5,https://openalex.org/W1993456805,10.1111/j.1442-9993.2009.01976.x,A test for Allee effects in the self‐incompatible wasp‐pollinated milkweedGomphocarpus physocarpus,2009,Gareth Coombs; Craig I. Peter; Steven D. Johnson,Austral Ecology,https://doi.org/10.1111/j.1442-9993.2009.01976.x,2026-09-25
OpenAlex,Q5,https://openalex.org/W2886133101,10.1111/plb.12889,"Social wasps, crickets and cockroaches contribute to pollination of the holoparasitic plantMitrastemon yamamotoi(Mitrastemonaceae) in southern Japan",2018,Kenji Suetsugu,Plant Biology,https://doi.org/10.1111/plb.12889,2026-09-25
OpenAlex,Q5,https://openalex.org/W2904797849,10.4257/oeco.2018.2204.04,ENTRE FLORES E VISITANTES: ESTRATÉGIAS DE DISPONIBILIZAÇÃO E COLETA DE RECURSOS FLORAIS,2018,Gudryan Jackson Barônio; Bárbara Matos da Cunha Guimarães; Larissa Chagas de Oliveira; Lílian Rodrigues Ferreira de Melo; Pedro Reis Antunes; Renan Oliveira Alves Cardoso Kobal; Thayane Nogueira Araújo,Oecologia Australis,https://doi.org/10.4257/oeco.2018.2204.04,2026-09-25
OpenAlex,Q5,https://openalex.org/W4390055268,10.1111/btp.13290,Drivers of sunbird‐plant interactions on Mount Cameroon: Between neutrality and niche‐based processes,2023,Guillermo Uceda‐Gómez; Kryštof Chmel; Petra Janečková; Jiří Mlíkovský; Yannick Klomberg; Francis Luma Ewome; Lucas Lyonga Molua; Marcus Mokake Njie; Robert Tropek; Štěpán Janeček,Biotropica,https://doi.org/10.1111/btp.13290,2026-09-25
OpenAlex,Q5,https://openalex.org/W2984597044,10.1002/ecs2.2943,"Geographic isolation, pollination syndromes, and pollinator generalization in HimalayanRoscoeaspp. (Zingiberaceae)",2019,Babu Ram Paudel; André Keßler; Mani R. Shrestha; Jian‐Li Zhao; Qingjun Li,Ecosphere,https://doi.org/10.1002/ecs2.2943,2026-09-25
OpenAlex,Q5,https://openalex.org/W2143850439,10.1111/j.1469-8137.2011.04013.x,Pollinators cause stronger selection than herbivores on floral traits inLobelia cardinalis(Lobeliaceae),2012,Magdalena P. Bartkowska; Mark O. Johnston,New Phytologist,https://doi.org/10.1111/j.1469-8137.2011.04013.x,2026-09-25
OpenAlex,Q5,https://openalex.org/W4402018188,10.1186/s12870-024-05495-6,Genotypic variation in blueberry flower morphology and nectar reward content affects pollinator attraction in a diverse breeding population,2024,Juliana Cromie; John J. Ternest; Andrew P. Komatz; Paul Adunola; Camila Ferreira Azevedo; Rachel E. Mallinger; Patricio Muńoz,BMC Plant Biology,https://doi.org/10.1186/s12870-024-05495-6,2026-09-25
OpenAlex,Q5,https://openalex.org/W3202315257,10.1016/j.agee.2021.107648,Supporting wild pollinators in agricultural landscapes through targeted legume mixtures,2021,Lorna J. Cole; John A. Baddeley; Duncan Robertson; K. Topp; Robin L. Walker; Christine A. Watson,Agriculture Ecosystems & Environment,https://doi.org/10.1016/j.agee.2021.107648,2026-09-25
OpenAlex,Q5,https://openalex.org/W2124592271,10.1371/journal.pone.0043869,Nectar Theft and Floral Ant-Repellence: A Link between Nectar Volume and Ant-Repellent Traits?,2012,Gavin A. Ballantyne; Pat G. Willmer,PLoS ONE,https://doi.org/10.1371/journal.pone.0043869,2026-09-25
OpenAlex,Q5,https://openalex.org/W3012252485,10.1042/etls20190118,A primer of host-plant specialization in bees,2020,Claus Rasmussen; Michael S. Engel; Nicolas J. Vereecken,Emerging Topics in Life Sciences,https://doi.org/10.1042/etls20190118,2026-09-25
OpenAlex,Q5,https://openalex.org/W2087164410,10.4257/oeco.2010.1401.03,BEYOND HUMMINGBIRD-FLOWERS: THE OTHER SIDE OF ORNITHOPHILY IN THE NEOTROPICS,2010,Marcia Alexandra Rocca; Marlies Sazima,Oecologia Australis,https://doi.org/10.4257/oeco.2010.1401.03,2026-09-25
OpenAlex,Q5,https://openalex.org/W4388754398,10.21203/rs.3.rs-3610291/v1,Overfertilization alters the ecological interactions and floral morphology in peri-urban environment,2023,Gabriel A. Brito Vera; Ximena Margarita Torres Calderón; Fernánda Pérez,Research Square,http://dx.doi.org/10.21203/rs.3.rs-3610291/v1,2026-09-25
OpenAlex,Q5,https://openalex.org/W4289313472,10.1007/s00248-022-02078-6,Nectar-Inhabiting Bacteria Affect Olfactory Responses of an Insect Parasitoid by Altering Nectar Odors,2022,Antonino Cusumano; P. Bella; Ezio Peri; Michael Rostás; Salvatore Guarino; Bart Lievens; Stefano Colazza,Microbial Ecology,https://doi.org/10.1007/s00248-022-02078-6,2026-09-25
OpenAlex,Q5,https://openalex.org/W3185466267,10.1111/1365-2435.13886,"Evolutionary and ecological factors structure a plant–bumblebee network in a biodiversity hotspot, the Himalaya–Hengduan Mountains",2021,Huan Liang; Yanhui Zhao; Nicole E. Rafferty; Zong‐Xin Ren; Li Zhong; Hai‐Dong Li; De-Zhu Li; Hong Wang,Functional Ecology,https://doi.org/10.1111/1365-2435.13886,2026-09-25
OpenAlex,Q5,https://openalex.org/W1981014188,10.1371/journal.pone.0041121,"Total Control – Pollen Presentation and Floral Longevity in Loasaceae (Blazing Star Family) Are Modulated by Light, Temperature and Pollinator Visitation Rates",2012,Tilo Henning; Maximilian Weigend,PLoS ONE,https://doi.org/10.1371/journal.pone.0041121,2026-09-25
OpenAlex,Q5,https://openalex.org/W2001483562,10.1590/s0100-84042011000200008,"Fenologia reprodutiva, biologia floral e polinização de Allamanda blanchetii, uma Apocynaceae endêmica da Caatinga",2011,Lenyneves Duarte Alvino de Araújo; Zelma Glebya Maciel Quirino; Isabel Cristina Machado,Revista Brasileira de Botânica,https://doi.org/10.1590/s0100-84042011000200008,2026-09-25
OpenAlex,Q5,https://openalex.org/W2137005676,10.1093/aob/mcr008,Reproductive biology of Abolboda pulchella and A. poarchon (Xyridaceae: Poales),2011,Aline Oriani; Vera Lúcia Scatena,Annals of Botany,https://doi.org/10.1093/aob/mcr008,2026-09-25
OpenAlex,Q5,https://openalex.org/W3023611284,10.1111/1365-2435.13581,To bee or not to bee: The ‘raison d'être’ of toxic secondary compounds in the pollen of Boraginaceae,2020,Vincent Trunz; Matteo A. Lucchetti; Dimitri Bénon; Achik Dorchin; Gaylord A. Desurmont; Christina Kast; Sergio Rasmann; Gaétan Glauser; Christophe Praz,Functional Ecology,https://doi.org/10.1111/1365-2435.13581,2026-09-25
OpenAlex,Q5,https://openalex.org/W2959563871,10.26786/1920-7603(2019)532,Plant-pollinator interactions in East Asia: a review,2019,Daichi Funamoto,Journal of Pollination Ecology,https://doi.org/10.26786/1920-7603(2019)532,2026-09-25
OpenAlex,Q5,https://openalex.org/W2150266365,10.2174/1874213001003040001,How Foraging Behaviour and Resource Partitioning Can Drive the Evolution of Flowers and the Structure of Pollination Networks,2010,Miguel Angel Rodríguez-Gironés; Luis Gerardo Samaniego Santamaría,The Open Ecology Journal,https://doi.org/10.2174/1874213001003040001,2026-09-25
OpenAlex,Q5,https://openalex.org/W2277884739,10.1007/s00709-015-0902-6,Floral nectar production and carbohydrate composition and the structure of receptacular nectaries in the invasive plant Bunias orientalis L. (Brassicaceae),2015,Bożena Denisow; Marzena Masierowska; Sebastian Antoń,PROTOPLASMA,https://doi.org/10.1007/s00709-015-0902-6,2026-09-25
OpenAlex,Q5,https://openalex.org/W3026332588,10.1101/2020.05.19.104968,Fungi are more dispersal limited than bacteria among flowers,2020,Rachel Lee Vannette; Marshall S. McMunn; Griffin W. Hall; Tobias G. Mueller; Ivan Munkres; Douglas Perry,bioRxiv (Cold Spring Harbor Laboratory),https://doi.org/10.1101/2020.05.19.104968,2026-09-25
OpenAlex,Q5,https://openalex.org/W2803766558,,"The tactic and floral constancy of foraging bumblebees: pure legitimate foragers, pure nectar-robbers, and mixed tactic individuals visiting one or more host species",2017,Karen Wang,UA Campus Repository (The University of Arizona),http://hdl.handle.net/10150/626802,2026-09-25
OpenAlex,Q5,https://openalex.org/W3106763223,10.3390/plants9121645,"Tools to Tie: Flower Characteristics, VOC Emission Profile, and Glandular Trichomes of Two Mexican Salvia Species to Attract Bees",2020,Claudia Giuliani; Manuela Giovanetti; Daniela Lupi; Marco Palamara Mesiano; Renata Barilli; Roberta Ascrizzi; Guido Flamini; Gelsomina Fico,Plants,https://doi.org/10.3390/plants9121645,2026-09-25
OpenAlex,Q5,https://openalex.org/W4400241702,10.1111/jipb.13731,Lethal effects of tea‐oil Camellia on honeybee larvae due to pollen toxicity,2024,C. X. Zhang; Hui‐Hui Feng; Yalei Liu; Shuang‐Quan Huang,Journal of Integrative Plant Biology,https://doi.org/10.1111/jipb.13731,2026-09-25
OpenAlex,Q5,https://openalex.org/W954830938,10.7282/t361120h,Flower Morphology Influences Pollinator Community with Implications for Cross-Pollination: Observations in Rabbiteye Blueberry (Vaccinium ashei Reade),2014,Shelley R. Rogers; David R. Tarpy; Hannah Joy Burrack,,http://citeseerx.ist.psu.edu/viewdoc/summary?doi=10.1.1.927.4922,2026-09-25
OpenAlex,Q5,https://openalex.org/W3216679355,10.1016/j.agee.2021.107754,Annual flower strips and honeybee hive supplementation differently affect arthropod guilds and ecosystem services in a mass-flowering crop,2021,Chloé Aline Raderschall; Ola Lundin; Sandra Lindström; Riccardo Bommarco,Agriculture Ecosystems & Environment,https://doi.org/10.1016/j.agee.2021.107754,2026-09-25
OpenAlex,Q5,https://openalex.org/W2618142578,10.26786/1920-7603(2017)421,"Contrasting pollination efficiency and effectiveness among flower visitors of Malva sylvestris, Borago officinalis and Onobrychis viciifolia",2017,Anna Gorenflo; Tim Diekötter; Mark van Kleunen; Volkmar Wolters; Frank Jauker,Journal of Pollination Ecology,https://doi.org/10.26786/1920-7603(2017)421,2026-09-25
OpenAlex,Q5,https://openalex.org/W3209382321,10.3390/plants10112315,Floral Nectar Chemistry in Orchids: A Short Review and Meta-Analysis,2021,Emilia Brzosko; Paweł Mirski,Plants,https://doi.org/10.3390/plants10112315,2026-09-25
OpenAlex,Q5,https://openalex.org/W4394761049,10.1093/aob/mcae057,The effect of global change on the expression and evolution of floral traits,2024,Samantha Day Briggs; Jill T. Anderson,Annals of Botany,https://doi.org/10.1093/aob/mcae057,2026-09-25
OpenAlex,Q5,https://openalex.org/W4321196219,10.1016/j.agee.2023.108410,"Wild plants in hedgerows and weeds in crop fields are important floral resources for wild flower-visiting insects, independently of the presence of intercrops",2023,Stéphanie Aviron; Tina E. Berry; D. Leroy; Gérard Savary; Audrey Alignier,Agriculture Ecosystems & Environment,https://doi.org/10.1016/j.agee.2023.108410,2026-09-25
OpenAlex,Q5,https://openalex.org/W3185763802,10.1002/ajb2.1700,Incomplete reproductive isolation and low genetic differentiation despite floral divergence across varying geographic scales in Castilleja,2021,Katherine E. Wenzell; Angela McDonnell; Norman J. Wickett; Jeremie Benjamin Fant; Krissa A. Skogen,American Journal of Botany,https://doi.org/10.1002/ajb2.1700,2026-09-25
OpenAlex,Q5,https://openalex.org/W3155051173,10.3390/f12040452,Pollination Contribution Differs among Insects Visiting Cardiocrinum cordatum Flowers,2021,Riko Komamura; Kohei Koyama; Takeo Yamauchi; Yasuo Konno; Lingshuang Gu,Forests,https://doi.org/10.3390/f12040452,2026-09-25
OpenAlex,Q5,https://openalex.org/W2159420147,10.1093/aobpla/plv019,Rainwater in cupulate bracts repels seed herbivores in a bumblebee-pollinated subalpine flower,2015,Shi‐Guo Sun; Shuang‐Quan Huang,AoB Plants,https://doi.org/10.1093/aobpla/plv019,2026-09-25
OpenAlex,Q5,https://openalex.org/W2983184682,10.1002/ajb2.1372,Genotype‐specific effects of ericoid mycorrhizae on floral traits and reproduction in Vaccinium corymbosum,2019,Alison K. Brody; Benjamin F. Waterman; Taylor H. Ricketts; Allyson L. Degrassi; Jonathan B. González; Jeanne M. Harris; Leif L. Richardson,American Journal of Botany,https://doi.org/10.1002/ajb2.1372,2026-09-25
OpenAlex,Q5,https://openalex.org/W2905488943,10.4257/oeco.2018.2204.03,COMO AS ABELHAS PERCEBEM AS FLORES E POR QUE ISTO É IMPORTANTE?,2018,Lílian Rodrigues Ferreira de Melo; Bárbara Matos da Cunha Guimarães; Gudryan Jackson Barônio; Larissa Chagas de Oliveira; Renan Oliveira Alves Cardoso Kobal; Thayane Nogueira Araújo; Francismeire Jane Telles,Oecologia Australis,https://doi.org/10.4257/oeco.2018.2204.03,2026-09-25
OpenAlex,Q5,https://openalex.org/W2153472762,10.11609/jott.o2337.1432-6,Floral and reproductive biology of Sarpagandha Rauvolfia serpentina (Gentianales: Apocynaceae) in semi-arid environment of India,2011,Ram Chander Sihag; Nidhi Wadhwa,Journal of Threatened Taxa,https://doi.org/10.11609/jott.o2337.1432-6,2026-09-25
OpenAlex,Q5,https://openalex.org/W4389606339,10.1111/ecog.06735,Citizen science data reveal altitudinal movement and seasonal ecosystem use by hummingbirds in the Andes Mountains,2023,Cristina Rueda‐Uribe; Leonel Herrera‐Alsina; Lesley T. Lancaster; Isabella Capellini; Kara K S Layton; Justin M. J. Travis,Ecography,https://doi.org/10.1111/ecog.06735,2026-09-25
OpenAlex,Q5,https://openalex.org/W4316040223,10.1111/1442-1984.12399,Comparative nectar dynamics in four ornithophilous Melocactus (Cactaceae) species in a seasonally dry tropical forest,2023,Alexsandro Bezerra‐Silva; Sinzinando Albuquerque‐Lima; Tarcila de Lima Nadia; Isabel Cristina Machado; Lígia Silveira Funch,Plant Species Biology,https://doi.org/10.1111/1442-1984.12399,2026-09-25
OpenAlex,Q5,https://openalex.org/W2836494528,10.1016/j.sajb.2018.06.011,The functional role of the keel crest in Polygala myrtifolia (Polygalaceae) and its effects on pollinator visitation success,2018,Celeste de Kock; Corneile Minnaar; Klaus Lunau; Petra Wester; Christian Verhoeven; Melissa Jane Schulze; Matilda Rose Randle; Craig Robson; R.H. Bolus; Bruce C Anderson,South African Journal of Botany,https://doi.org/10.1016/j.sajb.2018.06.011,2026-09-25
OpenAlex,Q5,https://openalex.org/W3132946444,10.1093/cz/zoab015,Florivory by the occupants of phytotelmata in flower parts can decrease host plant fecundity,2021,Caio César Corrêa Missagia; Maria Alice S. Alves,Current Zoology,https://doi.org/10.1093/cz/zoab015,2026-09-25
OpenAlex,Q5,https://openalex.org/W2122733790,10.3732/ajb.1100295,The effect of mammalian herbivory on inflorescence architecture in ornithophilous Babiana (Iridaceae): Implications for the evolution of a bird perch,2012,Caroli de Waal; Spencer C. H. Barrett; Bruce C Anderson,American Journal of Botany,https://doi.org/10.3732/ajb.1100295,2026-09-25
OpenAlex,Q5,https://openalex.org/W4394722094,10.1002/ece3.11223,We know very little about pollination in the Platanthera Rich (Orchidaceae: Orchidoideae),2024,Jasmine K. Janes; Genevieve E. van der Voort; Dezene P.W. Huber,Ecology and Evolution,https://doi.org/10.1002/ece3.11223,2026-09-25
OpenAlex,Q5,https://openalex.org/W4280525327,10.1002/ajb2.16001,Architectural effects regulate resource allocation within the inflorescences with nonlinear blooming patterns,2022,Hao Wang; Zhiqiang Zhang; Bo Zhang; Liping Wang; Wen Guo; Ye Fang; Qingjun Li,American Journal of Botany,https://doi.org/10.1002/ajb2.16001,2026-09-25
OpenAlex,Q5,https://openalex.org/W2968486273,10.1111/nph.16119,A century of pollination success revealed by herbarium specimens of seed pods,2019,Yuan‐Wen Duan; Haibao Ren; Tao Li; Lin‐Lin Wang; Zhiqiang Zhang; Yanli Tu; Yongping Yang,New Phytologist,https://doi.org/10.1111/nph.16119,2026-09-25
OpenAlex,Q5,https://openalex.org/W2800514257,10.1093/botlinnean/boy016,"Diversity of floral nectary secretions and structure, and implications for their evolution in Anacardiaceae",2018,Elisabeth Dantas Tölke; Julien B Bachelier; Elimar A Lima; Leonardo Galetto; Diego Demarco; Sandra Maria Carmello‐Guerreiro,Botanical Journal of the Linnean Society,https://doi.org/10.1093/botlinnean/boy016,2026-09-25
OpenAlex,Q5,https://openalex.org/W2993924756,10.1093/aobpla/plz078,Continuous variation in herkogamy enhances the reproductive response of Lonicera implexa to spatial variation in pollinator assemblages,2019,Amparo Lázaro; Jaume Seguí; Luis Gerardo Samaniego Santamaría,AoB Plants,https://doi.org/10.1093/aobpla/plz078,2026-09-25
OpenAlex,Q5,https://openalex.org/W4386923699,10.21203/rs.3.rs-3325754/v1,"First report on floral morphology, pollen release dynamics and behavioral biology of Xylocopa (Neoxylocopa) frontalis (Olivier, 1789) in Crotalaria juncea L. (Leguminosae, Papilionoideae)",2023,Nícolas Alberto Polizelli Ricci; Kayna Agostini,Research Square,http://dx.doi.org/10.21203/rs.3.rs-3325754/v1,2026-09-25
OpenAlex,Q5,https://openalex.org/W3217607621,10.1101/2021.11.22.469544,The role of indirect effects in coevolution as mutualism transitions into antagonism,2021,Fernando Pedraza; Hanlun Liu; Klementyna A. Gawecka; Jordi Bascompte,bioRxiv (Cold Spring Harbor Laboratory),https://doi.org/10.1101/2021.11.22.469544,2026-09-25
OpenAlex,Q5,https://openalex.org/W4383067658,10.1002/ece3.10228,"Trait matching in a multi‐species geographic mosaic of leafflower plants, brood pollinators, and cheaters",2023,Kai Hao; Tingting Liu; David H. Hembry; Shi‐Xiao Luo,Ecology and Evolution,https://doi.org/10.1002/ece3.10228,2026-09-25
OpenAlex,Q5,https://openalex.org/W2468917534,10.1093/aob/mcw097,Geographic consistency and variation in conflicting selection generated by pollinators and seed predators,2016,Shi‐Guo Sun; W. Scott Armbruster; Shuang‐Quan Huang,Annals of Botany,https://doi.org/10.1093/aob/mcw097,2026-09-25
OpenAlex,Q5,https://openalex.org/W4401540456,10.3390/plants13162249,Weed Role for Pollinator in the Agroecosystem: Plant–Insect Interactions and Agronomic Strategies for Biodiversity Conservation,2024,Stefano Benvenuti,Plants,https://doi.org/10.3390/plants13162249,2026-09-25
OpenAlex,Q5,https://openalex.org/W4402788725,10.1098/rspb.2024.1279,Species morphology better predicts plant–hummingbird interactions across elevations than nectar traits,2024,María A. Maglianesi; Emanuel Brenes; Nelson Chaves‐Elizondo; Krystal Zuniga; Alejandro Castro Jiménez; Elisa Barreto; François Duchenne; Catherine Helen Graham,Proceedings of the Royal Society B Biological Sciences,https://doi.org/10.1098/rspb.2024.1279,2026-09-25
OpenAlex,Q5,https://openalex.org/W1196357525,10.1016/j.sajb.2015.07.004,Sunbird-pollination in the geoflorous species Hyobanche sanguinea (Orobanchaceae) and Lachenalia luteola (Hyacinthaceae),2015,R. Turner; Jeremy J. Midgley,South African Journal of Botany,https://doi.org/10.1016/j.sajb.2015.07.004,2026-09-25
OpenAlex,Q5,https://openalex.org/W3033719039,10.1111/jeb.13657,"Floral trait differentiation inAnacamptis coriophora: Phenotypic selection on scents, but not on colour",2020,Nina Joffard; Iris Le Roncé; Alban Langlois; Julien Pierre Renoult; Bruno Buatois; Laurent Dormont; Bertrand Schatz,Journal of Evolutionary Biology,https://doi.org/10.1111/jeb.13657,2026-09-25
OpenAlex,Q5,https://openalex.org/W3123306028,10.1093/aobpla/plab006,Intraspecific relationships between floral signals and rewards with implications for plant fitness,2021,Carla J. Essenberg,AoB Plants,https://doi.org/10.1093/aobpla/plab006,2026-09-25
OpenAlex,Q5,https://openalex.org/W2916499439,10.1002/ajb2.1238,Fitness benefits and costs of floral advertising traits: insights from rayed and rayless phenotypes of Anacyclus (Asteraceae),2019,José Cerca; Alicia B. Agudo; Sílvia Castro; Ana Afonso; Inés Álvarez; Rubén Torices,American Journal of Botany,https://doi.org/10.1002/ajb2.1238,2026-09-25
OpenAlex,Q5,https://openalex.org/W2760757457,10.31390/gradschool_dissertations.1813,"Floral traits, pollinator behavior, and plant reproduction: tests of natural and sexual selection in the hummingbird-pollinated herb Chrysothemis friedrichsthaliana",2007,Jane E. Carlson,,https://doi.org/10.31390/gradschool_dissertations.1813,2026-09-25
OpenAlex,Q5,https://openalex.org/W4410974607,10.1111/aje.70062,The Structure of Sunbird Floral Visitation and Pollen Transport Networks From an Afrotropical Agricultural Landscape,2025,Emmanuel F. Mgimwa; Bruno Alberto Nyundo; Jasson John,African Journal of Ecology,https://doi.org/10.1111/aje.70062,2026-09-25
OpenAlex,Q5,https://openalex.org/W4386238389,10.1590/0001-3765202320220460,"The iconic cactus of the Caatinga dry forest, Cereus jamacaru (Cactaceae) has high sphingophily specialization and pollinator dependence",2023,Sinzinando Albuquerque‐Lima; Arthur Domingos‐Melo; Paulo Milet‐Pinheiro; Daniela Maria do Amaral Ferraz Navarro; Nigel Paul Taylor; DANIELA CRISTINA ZAPPI; Isabel Cristina Machado,Anais da Academia Brasileira de Ciências,https://doi.org/10.1590/0001-3765202320220460,2026-09-25
OpenAlex,Q5,https://openalex.org/W2263734301,,Pollination biology of Hawaiian Scaevola (Goodeniaceae),2008,Michelle Elmore,ScholarSpace (University of Hawaii at Manoa),https://scholarspace.manoa.hawaii.edu/bitstreams/3b920133-763c-4966-bd1a-cfe2f7bfd40d/download,2026-09-25
OpenAlex,Q5,https://openalex.org/W4380680844,10.3389/finsc.2023.1145761,Ants are more than just curious bystanders to some flowers—they act as significant pollinators,2023,Susmita Das; Amlan Das,Frontiers in Insect Science,https://doi.org/10.3389/finsc.2023.1145761,2026-09-25
OpenAlex,Q5,https://openalex.org/W4405003078,10.3390/biology13121009,Do Larger Pollinators Have Higher Pollination Efficiency for the Generalized Pollination Plant Hibiscus mutabilis?,2024,Xiaoqing Shi; Bin Zheng; Xiaoli Liu; Fangwen Li; Zhangshun Zhu; Qiumei Quan; Yunxiang Li,Biology,https://doi.org/10.3390/biology13121009,2026-09-25
OpenAlex,Q5,https://openalex.org/W3036049411,10.1002/ece3.6396,The contribution of multiple barriers to reproduction between edaphically divergent lineages in the Amazonian tree Protium subserratum (Burseraceae),2020,Tracy M. Misiewicz; Tracey Simmons; Paul V. A. Fine,Ecology and Evolution,https://doi.org/10.1002/ece3.6396,2026-09-25
OpenAlex,Q5,https://openalex.org/W2586684238,10.1515/trser-2015-0092,"Reproductive Biology of Mangrove PlantsClerodendrum inerme, Derris trifoliata, Suaeda maritima, Suaeda monoica, Suaeda nudiflora",2016,Jacob Solomon Raju Aluri; Rajendra Kumar; Prasada Rao Chappidi,Transylvanian Review of Systematical and Ecological Research,https://doi.org/10.1515/trser-2015-0092,2026-09-25
OpenAlex,Q5,https://openalex.org/W4206372446,10.1111/brv.12828,"The evolution, ecology, and conservation of hummingbirds and their interactions with flowering plants",2022,Kara G. Leimberger; Bo Dalsgaard; Joseph A. Tobias; Christopher M. Wolf; Matthew G. Betts,Biological reviews/Biological reviews of the Cambridge Philosophical Society,https://doi.org/10.1111/brv.12828,2026-09-25
OpenAlex,Q5,https://openalex.org/W3008746548,10.31357/jtfe.v9i2.4470,Insect Flower Visitors and their Role in Mangrove Pollination: A Study from East Coast of India,2019,M. R. Panda; Nikhil V. Lele; Rabindro Nath Samal; D. Dalai; Siba Prasad Parida; T. V. R. Murthy,Journal of Tropical Forestry and Environment,https://doi.org/10.31357/jtfe.v9i2.4470,2026-09-25
OpenAlex,Q5,https://openalex.org/W182965351,,"Pollination ecology of Agave palmeri in New Mexico, and landscape use of Leptonycteris nivalis in relation to Agaves",2012,Angela E. England,UNM’s Digital Repository (University of New Mexico),https://digitalrepository.unm.edu/biol_etds/31,2026-09-25
OpenAlex,Q5,https://openalex.org/W3108891506,10.15575/biodjati.v5i2.7480,The Selection of Ornamental Plant for Landscape Design of Pollination Garden at Bogor Botanic Gardens,2020,Peniwidiyanti Peniwidiyanti; Irvan Fadli Wanda; Dipta Sumeru Rinandio; Prima Wahyu Kusuma Hutabarat; Muhammad Rifqi Hariri; Dwi Setyanti,Jurnal Biodjati,https://doi.org/10.15575/biodjati.v5i2.7480,2026-09-25
OpenAlex,Q5,https://openalex.org/W3203314112,10.3389/fevo.2021.709876,Low Pollinator Sharing Between Coexisting Native and Non-native Plant Pairs: The Effect of Corolla Length and Flower Abundance,2021,Mohamad Abdallah; Sandra Hervías‐Parejo; Anna Traveset,Frontiers in Ecology and Evolution,https://doi.org/10.3389/fevo.2021.709876,2026-09-25
OpenAlex,Q5,https://openalex.org/W3037260775,10.1002/ajb2.1499,Pollination effectiveness of specialist and opportunistic nectar feeders influenced by invasive alien ants in the Seychelles,2020,Francisco Fuster; Christopher N. Kaiser‐Bunbury; Anna Traveset,American Journal of Botany,https://doi.org/10.1002/ajb2.1499,2026-09-25
OpenAlex,Q5,https://openalex.org/W4400912374,10.3897/phytokeys.244.107288,Pollen transfer efficiency in Erica depends on type of pollinator,2024,Sam McCarren; Jeremy J. Midgley; Anina Coetzee; Steven D. Johnson,PhytoKeys,https://doi.org/10.3897/phytokeys.244.107288,2026-09-25
OpenAlex,Q5,https://openalex.org/W2064420380,10.1007/s13592-014-0326-x,Do queens of bumblebee species differ in their choice of flower colour morphs of Corydalis cava (Fumariaceae)?,2014,Łukasz Myczko; Weronika Banaszak‐Cibicka; Tim H. Sparks; Piotr Tryjanowski,Apidologie,https://doi.org/10.1007/s13592-014-0326-x,2026-09-25
OpenAlex,Q5,https://openalex.org/W4391187815,10.1007/s10526-023-10237-y,The indirect effect of nectar-inhabiting yeasts on olfactory responses and longevity of two stink bug egg parasitoids,2024,Jay Darryl L. Ermio; Ezio Peri; P. Bella; Michael Rostás; Islam S. Sobhy; Tom Wenseleers; Stefano Colazza; Bart Lievens; Antonino Cusumano,BioControl,https://doi.org/10.1007/s10526-023-10237-y,2026-09-25
OpenAlex,Q5,https://openalex.org/W2901453572,10.1093/aobpla/ply071,On the origin of orphan hybrids betweenAquilegia formosaandAquilegia flavescens,2018,Jeffrey S. Groh; Diana M. Percy; Curtis R. Björk; Quentin Cronk,AoB Plants,https://doi.org/10.1093/aobpla/ply071,2026-09-25
OpenAlex,Q5,https://openalex.org/W4413045914,10.56238/edimpacto2025.061-001,ECOSYSTEM SERVICES PROVIDED BY BEES: THEORETICAL BASIS AND PRACTICAL APPLICATIONS,2025,Leandro Pereira Polatto; Paulo Roberto de Abreu Tavares; Valter Vieira Alves,Seven Editora eBooks,https://doi.org/10.56238/edimpacto2025.061-001,2026-09-25
OpenAlex,Q5,https://openalex.org/W2800085035,10.1590/2236-8906-53/2017,Reproductive ecology of two pioneer legumes in a coastal plain degraded by sand mining,2018,Adriana de Oliveira Fidalgo; Débora Marcouizos Guimarães; Gabriela Toledo Caldiron; José Marcos Barbosa,Hoehnea,https://doi.org/10.1590/2236-8906-53/2017,2026-09-25
OpenAlex,Q5,https://openalex.org/W3162559223,10.3389/fevo.2021.618709,Gene Flow in Phaseolus Beans and Its Role as a Plausible Driver of Ecological Fitness and Expansion of Cultigens,2021,María Isabel Chacón-Sánchez; Jaime Martínez‐Castillo; Jorge Duitama; Daniel G. Debouck,Frontiers in Ecology and Evolution,https://doi.org/10.3389/fevo.2021.618709,2026-09-25
OpenAlex,Q5,https://openalex.org/W4388595783,10.1002/ece3.10617,Bumblebee responses to variation in pollinator‐attracting traits of Vicia faba flowers,2023,Emily J. Bailes; Jake Moscrop; Sarah L. Mitchell; Matthew Dorling; Tom Wood; Jane E. Thomas; Beverley J. Glover,Ecology and Evolution,https://doi.org/10.1002/ece3.10617,2026-09-25
OpenAlex,Q5,https://openalex.org/W4285029509,10.1038/s41598-022-15090-0,Periodically taken photographs reveal the effect of pollinator insects on seed set in lotus flowers,2022,Mihoko Nagai; Yohei Higuchi; Yusei Ishikawa; Wei Guo; Tokihiro Fukatsu; Yuki G. Baba; Mayura B. Takada,Scientific Reports,https://doi.org/10.1038/s41598-022-15090-0,2026-09-25
OpenAlex,Q5,https://openalex.org/W2052185691,10.5586/aa.2014.020,"Flowering, pollen production and insect visitation in two Aconitum species (Ranunculaceae)",2014,Sebastian Antoń; Bożena Denisow; Karol Milaniuk,Acta Agrobotanica,https://doi.org/10.5586/aa.2014.020,2026-09-25
OpenAlex,Q5,https://openalex.org/W3081136568,10.1093/aobpla/plaa046,Pollinators drive floral evolution in an Atlantic Forest genus,2020,Beatriz Gonçalves Neves; Igor Musauer Kessous; Ricardo Loyola de Moura; Dayvid Rodrigues Couto; Camila Martini Zanella; Alexandre Antonelli; Christine D. Bacon; Fabiano Salgueiro; Andréa Ferreira da Costa,AoB Plants,https://doi.org/10.1093/aobpla/plaa046,2026-09-25
OpenAlex,Q5,https://openalex.org/W4379966181,10.1002/ajb2.16190,Pollinators differ in their contribution to the male fitness of a self‐incompatible composite,2023,Avery Elizabeth Pearson; Zeke Zelman; Lauryn A. Hill; Mia A. Stevens; Evan X. Jackson; Miyauna M. N. Incarnato; Ren M. Johnson; Stuart Wagenius; Jennifer L. Ison,American Journal of Botany,https://doi.org/10.1002/ajb2.16190,2026-09-25
OpenAlex,Q5,https://openalex.org/W2127117362,10.1111/plb.12080,"The comparative reproductive biology of a tetraploid species, H edychium villosum, and its diploid progenitor H . tenuiflorum( Z ingiberaceae)",2013,Jiangyun Gao; Qiang Liu; Qianjiang Li,Plant Biology,https://doi.org/10.1111/plb.12080,2026-09-25
OpenAlex,Q5,https://openalex.org/W2552885971,10.21273/hortsci10934-16,Honey Bee Activity in Northern Highbush Blueberry Differs across Growing Regions in Washington State,2016,Lisa Wasko DeVetter; Sean Watkinson; Ramesh R. Sagili; Timothy Lawrence,HortScience,https://doi.org/10.21273/hortsci10934-16,2026-09-25
OpenAlex,Q5,https://openalex.org/W3135867816,10.21826/2446-82312021v76e2021004,"Pollination and breeding system in two sympatric Fuchsia (Onagraceae) species at the Parque Nacional do Itatiaia (Brazil): Hummingbirds, insects and facultative self-pollination",2021,Patricia Archer; Oscar Perdomo; Tiago Böer Breier; André Felippe Nunes‐Freitas; Rodrigo Bustos Singer,Iheringia Série Botânica,https://doi.org/10.21826/2446-82312021v76e2021004,2026-09-25
OpenAlex,Q5,https://openalex.org/W2399135742,10.11609/jott.2276.8.5.8777-8787,"Pollination ecology of Clerodendrum inerme (L.) Gaertn. (Lamiaceae) in Coringa mangrove ecosystem, Andhra Pradesh, India",2016,A. J. S. Raju; Rajendra Kumar,Journal of Threatened Taxa,https://doi.org/10.11609/jott.2276.8.5.8777-8787,2026-09-25
OpenAlex,Q5,https://openalex.org/W4403114001,10.1093/beheco/arae083,Learning to handle flowers increases pollen collection for bees but does not affect pollination success for plants,2024,Maggie M. Mayberry; Katherine C. Naumer; Annaliese N Novinger; Dalton M. McCart; Rachel V. Wilkins; H. David Muse; Tia‐Lynn Ashman; Avery L. Russell,Behavioral Ecology,https://doi.org/10.1093/beheco/arae083,2026-09-25
OpenAlex,Q5,https://openalex.org/W4390587800,10.1242/jeb.246156,Nectar cardenolides and floral volatiles mediate a specialized wasp pollination system,2024,Hannah Burger; Samantha Buttala; Hauke Koch; Manfred Ayasse; Steven D. Johnson; Philip C. Stevenson,Journal of Experimental Biology,https://doi.org/10.1242/jeb.246156,2026-09-25
OpenAlex,Q5,https://openalex.org/W4387033633,10.1093/aob/mcad141,"The evolution of flower–pollinator trait matching, and why do some alpine gingers appear to be mismatched?",2023,Bo Wang; Ze‐Yu Tong; Ying‐Ze Xiong; Xiaofan Wang; W. Scott Armbruster; Shuang‐Quan Huang,Annals of Botany,https://doi.org/10.1093/aob/mcad141,2026-09-25
OpenAlex,Q5,https://openalex.org/W2509235321,,Nectarivore-aided Hybridization and its Exploitation for Productivity Enhancement in Pigeonpea,2016,K. B. Saxena; A. N. Tikle; Rajendra Kumar; Arbind Kumar Choudhary; B. Bahadur,Open Access Repository of ICRISAT (International Crops Research Institute for the Semi-Arid Tropics),http://oar.icrisat.org/9629/1/Outcrossing%20%20Pp%202016%20KBS%20%20pdf.pdf,2026-09-25
OpenAlex,Q5,https://openalex.org/W4402074833,10.1186/s12862-024-02301-7,Trades-offs between pollinator attraction and florivore defense maximize reproductive success in the self-incompatible Rivea ornata (Convolvulaceae),2024,Natthaphong Chitchak; Alyssa B. Stewart; Paweena Traiperm,BMC Ecology and Evolution,https://doi.org/10.1186/s12862-024-02301-7,2026-09-25
OpenAlex,Q5,https://openalex.org/W2914197179,10.1101/551523,"Honey bees, Apis mellifera , are important pollinators of the highbush blueberry variety Ventura despite the inability to sonicate",2019,Keanu Martin; Bruce C Anderson; Corneile Minnaar; Marinus L. de Jager,bioRxiv (Cold Spring Harbor Laboratory),https://doi.org/10.1101/551523,2026-09-25
OpenAlex,Q5,https://openalex.org/W4312457544,10.24294/th.v4i1.1804,Non-pollinating floral visitors of the Cucurbita genus plants and their relationship with the presence of pollinating bees,2021,Mariana Paola Mazzei; José Luis Vesprini; Leonardo Galetto,Trends in Horticulture,https://doi.org/10.24294/th.v4i1.1804,2026-09-25
OpenAlex,Q5,https://openalex.org/W1169004872,,The Ecological Consequences and Adaptive Function of Nectar Secondary Metabolites,2010,Jessamyn S. Manson,TSpace (University of Toronto),http://hdl.handle.net/1807/19290,2026-09-25
OpenAlex,Q5,https://openalex.org/W2266061592,10.26786/1920-7603(2015)18,Pollination ecology and floral visitor spectrum of turtlehead (Chelone glabra L.; Plantaginaceae),2015,Leif L. Richardson; Rebecca E. Irwin,Journal of Pollination Ecology,https://doi.org/10.26786/1920-7603(2015)18,2026-09-25
OpenAlex,Q5,https://openalex.org/W3209252629,10.1590/0001-3765202120191446,Rethinking the pollination syndromes in Hymenaea (Leguminosae): the role of anthesis in the diversification,2021,Isys Mascarenhas Souza; Frederic Mendes Hughes; Lígia Silveira Funch; Luciano Paganucci de Queiroz,Anais da Academia Brasileira de Ciências,https://doi.org/10.1590/0001-3765202120191446,2026-09-25
OpenAlex,Q5,https://openalex.org/W4205928003,10.1080/17429145.2021.2015466,A review of durian plant-bat pollinator interactions,2021,Aminuddin Baqi; Voon-Ching Lim; Hafiz Yazid; Faisal Ali Anwarali Khan; Ju Lian Chong; Bryan Raveen Nelson; Jaya Seelan Sathiya Seelan; Suganthi Appalasamy; Seri Intan Mokhtar; Jayaraj Vijaya Kumaran,Journal of Plant Interactions,https://doi.org/10.1080/17429145.2021.2015466,2026-09-25
OpenAlex,Q5,https://openalex.org/W4409544593,10.1093/aob/mcaf069,Tiny but significant: on the importance of thrips as pollinators,2025,Cristina Pop; Irene Terry; Laurence Alfred Mound; Casper J. van der Kooi,Annals of Botany,https://doi.org/10.1093/aob/mcaf069,2026-09-25
OpenAlex,Q5,https://openalex.org/W4407280325,10.26786/1920-7603(2025)813,Differences in visitation of honeybees and bumblebees to ornamental plant varieties can be explained by floral traits,2025,Femke Verweij; Koos Biesmeijer; Saskia Klumpers,Journal of Pollination Ecology,https://doi.org/10.26786/1920-7603(2025)813,2026-09-25
OpenAlex,Q5,https://openalex.org/W2101286976,10.3120/0024-9637-57.3.161,"Do Native Ants Play a Significant Role in the Reproductive Success of the Rare San Fernando Valley Spineflower, Chorizanthe parryi var. fernandina (Polygonaceae)?",2010,C. Eugene Jones; Youssef C. Atallah; Frances M. Shropshire; Jim Luttrell; Sean E. Walker; Darren R. Sandquist; Robert L. Allen; Jack H. Burk; Leo C. Song,Madroño,https://doi.org/10.3120/0024-9637-57.3.161,2026-09-25
OpenAlex,Q5,https://openalex.org/W4406268820,10.1093/aobpla/plae065,Pollination effectiveness affects the level of generalisation of a plant species with phenotypically plastic flowers,2025,José M. Gómez; Luis Navarro; Adela González‐Megías; Cristina Armas; Francisco Perfectti; Ángel Caravantes; Raquel Sánchez,AoB Plants,https://doi.org/10.1093/aobpla/plae065,2026-09-25
OpenAlex,Q5,https://openalex.org/W2992975745,,Flower selection of Xylocopa violacea: aromatic and ornamental plants as resources in a botanic garden,2019,S. Malabusini; Marco Palamara Mesiano; Z. Davide; Claudia Giuliani; Gelsomina Fico; G. Manuela; Daniela Lupi,Archivio Istituzionale della Ricerca (Universita Degli Studi Di Milano),http://hdl.handle.net/2434/684866,2026-09-25
OpenAlex,Q5,https://openalex.org/W2525519201,,Reproductive ecology of Psychotria poeppigiana (Rubiaceae): a comparative analysis between long-styled and short-styled plants.,2009,Hamleth Valois‐Cuesta; D. Y. López-Perea; Z. Quinto-Valoyes,Actualidad Contable FACES,http://www.saber.ula.ve/handle/123456789/30060,2026-09-25
OpenAlex,Q5,https://openalex.org/W2892368206,10.7818/ecos.1433,The role of pollinators in floral evolution: a Mediterranean perspective,2018,Violeta I. Simón‐Porcar; Mohamed Abdelaziz; Juan Arroyo,Ecosistemas,https://doi.org/10.7818/ecos.1433,2026-09-25
OpenAlex,Q5,https://openalex.org/W2924185089,,OPTIMIZATION OF POLLINATION AND FRUIT SET IN NORTHERN HIGHBUSH BLUEBERRY,2017,Matthew Arrington,Research Exchange (Washington State University),http://hdl.handle.net/2376/13045,2026-09-25
OpenAlex,Q5,https://openalex.org/W4393203282,10.1002/ece3.11187,The paradox of plant preference: The malaria vectors Anopheles gambiae and Anopheles coluzzii select suboptimal food sources for their survival and reproduction,2024,Prisca S. L. Paré; Domonbabélé François de Sales Hien; Mariam Youba; Rakiswendé Serge Yerbanga; Anna Cohuet; Louis‐Clément Gouagna; Abdoulaye Diabaté; Rickard Ignell; Roch K. Dabiré; Olivier Gnankiné; Thierry Léfèvre,Ecology and Evolution,https://doi.org/10.1002/ece3.11187,2026-09-25
OpenAlex,Q5,https://openalex.org/W4407420278,10.1007/s11829-025-10131-7,Experimental florivory and its effects on pollinators of Opuntia cantabrigiensis Lynch (Cactaceae),2025,Diana Cárdenas-Ramos; María C. Mandujano,Arthropod-Plant Interactions,https://doi.org/10.1007/s11829-025-10131-7,2026-09-25
OpenAlex,Q5,https://openalex.org/W4223933368,10.32873/unl.dc.tnas.42.1,"Western Prairie Fringed Orchid Management, Ecology, and Decline at Mormon Island",2022,Andrew J. Caven,Transactions of the Nebraska Academy of Sciences and affiliated societies,https://doi.org/10.32873/unl.dc.tnas.42.1,2026-09-25
OpenAlex,Q5,https://openalex.org/W4406920687,10.1111/ele.70073,A Probabilistic View of Forbidden Links: Their Prevalence and Their Consequences for the Robustness of Plant–Hummingbird Communities,2025,François Duchenne; Elisa Barreto; Esteban A. Guevara; Holger Beck; Carolina Bello; Rafaela Bobato; Daniela Aparecida Savariz Bôlla; Emanuel Brenes; Nicole Büttner; Ana Paula Caron; Nelson Chaves‐Elizondo; María José Gavilanes; Alejandro Restrepo‐González; Jose Alejandro Castro; Miriam Kaehler; Tiago Machado‐de‐Souza; Miguel Machnicki‐Reis; Andrés Sebastián F. Marcayata; Cauã Galeazzi de Menezes; Andrea Nieto; Rafael de Oliveira; Ricardo A. C. de Oliveira; Friederike Richter; Bryan Gastón Rojas; Luciele Leonhardt Romanowski; Wellinton L. de Souza; Danila Syriani Veluza; Ben G. Weinstein; Rafael O. Wüest; Thais B. Zanata; Krystal Zuniga; María A. Maglianesi; Tatiana Santander; Isabela Galarda Varassin; Catherine Helen Graham,Ecology Letters,https://doi.org/10.1111/ele.70073,2026-09-25
OpenAlex,Q5,https://openalex.org/W4306780872,10.1111/1365-2435.14210,Estimates of nectar productivity through a simulation approach differ from the nectar produced in 24 h,2022,Luca Carisio; Lucie Schurr; Véronique Masotti; Marco Porporato; Gabriel Nève; Laurence Affre; Sophie Gachet; Benoît Geslin,Functional Ecology,https://doi.org/10.1111/1365-2435.14210,2026-09-25
OpenAlex,Q5,https://openalex.org/W2986560101,10.26786/1920-7603(2019)541,Patterns of Nectar Production in Asclepias curassavica (Apocynaceae)),2019,Steven B. Broyles,Journal of Pollination Ecology,https://doi.org/10.26786/1920-7603(2019)541,2026-09-25
OpenAlex,Q5,https://openalex.org/W4390695469,10.3390/plants13020183,Effect of Crown Layers on Reproductive Effort and Success in Andromonoecious Aesculus indica (Wall. ex Camb.) Hook (Sapindaceae) in a Temperate Forest of Garhwal Himalaya,2024,Priya Pradhan; Arun Sukumaran; Vinod Prasad Khanduri; Bhupendra Singh; Deepa Rawat; Manoj Kumar Riyal; Munesh Kumar; Marina M. S. Cabral-Pinto,Plants,https://doi.org/10.3390/plants13020183,2026-09-25
OpenAlex,Q5,https://openalex.org/W4321499731,10.3390/ijms24054276,Does Reproductive Success in Natural and Anthropogenic Populations of Generalist Epipactis helleborine Depend on Flower Morphology and Nectar Composition?,2023,Emilia Brzosko; Andrzej Bajguz; Justyna Burzyńska; Magdalena Chmur,International Journal of Molecular Sciences,https://doi.org/10.3390/ijms24054276,2026-09-25
OpenAlex,Q5,https://openalex.org/W4313024787,10.1590/0102-33062021abb0299,Determining factors of flower coloration,2022,Marilia Fernandes Erickson; Daniel Marques Almeida Pessoa,Acta Botanica Brasilica,https://doi.org/10.1590/0102-33062021abb0299,2026-09-25
OpenAlex,Q5,https://openalex.org/W4391107580,10.55730/1300-008x.2793,"On the border of extinction and speciation, Polygala seyfegoluensis (Polygalaceae), a new species from marshy habitat, Central Türkiye: Under the threat of climate change, water retreat, and subsequent degradation",2024,Alı A. Dönmez; Zübeyde Uğurlu Aydın; İbrahim Sırrı Yüzbaşioğlu,TURKISH JOURNAL OF BOTANY,https://doi.org/10.55730/1300-008x.2793,2026-09-25
OpenAlex,Q5,https://openalex.org/W4281838650,10.1002/ece3.8988,Floral phenology of an Andean bellflower and pollination by buff‐tailed sicklebill hummingbird,2022,Mannfred M. A. Boehm; David Guevara‐Apaza; Jill E. Jankowski; Quentin Cronk,Ecology and Evolution,https://doi.org/10.1002/ece3.8988,2026-09-25
OpenAlex,Q5,https://openalex.org/W2945540798,10.1016/j.sajb.2019.05.022,The breeding system of Watsonia knysnana (Iridaceae): an assessment of pollinator effectiveness,2019,Louise Bestea; Kevin A. Whitehead; Mark T. Brown,South African Journal of Botany,https://doi.org/10.1016/j.sajb.2019.05.022,2026-09-25
OpenAlex,Q5,https://openalex.org/W2342788628,10.5586/asbp.3489,"Pollination biology of the urban populations of an ancient forest, spring ephemeral plant",2016,Maciej Ziemiański; Marcin Zych,Acta Societatis Botanicorum Poloniae,https://doi.org/10.5586/asbp.3489,2026-09-25
OpenAlex,Q5,https://openalex.org/W2765124242,10.1080/23818107.2017.1383307,Effects of local abundance on pollination and reproduction in Delphinium fissum subsp. sordidum (Ranunculaceae),2017,Rubén Ramírez-Rodríguez; Francisco Amich,Botany Letters,https://doi.org/10.1080/23818107.2017.1383307,2026-09-25
OpenAlex,Q5,https://openalex.org/W2989723600,,The functional role of birds as pollinators in southern Cape fynbos.,2018,Kellyn J. Whitehead,ResearchSpace (University of KwaZulu-Natal),https://researchspace.ukzn.ac.za/handle/10413/16590,2026-09-25
OpenAlex,Q5,https://openalex.org/W2064052352,10.1360/biodiv.050161,Assessment of function area design in Dinghushan Biosphere Reserve using landscape ecology principles,2006,Linyan Zhang,Biodiversity Science,https://doi.org/10.1360/biodiv.050161,2026-09-25
OpenAlex,Q5,https://openalex.org/W4206534577,10.6018/analesbio.43.20,"Reciprocal intercompatibility between Byrsonima Rich. exKunth species (Malpighiaceae), in an urban ecotonal fragment of Semi-Deciduous Seasonal Forest and Cerrado",2021,Frederic Mendes Hughes,Anales de Biología,https://doi.org/10.6018/analesbio.43.20,2026-09-25
OpenAlex,Q5,https://openalex.org/W3142164350,10.38059/biodiversity.814617,A review for the pollinators of Papilionaceous flowers,2021,Deniz Aygören Uluer,Turkish Journal of Biodiversity,https://doi.org/10.38059/biodiversity.814617,2026-09-25
OpenAlex,Q5,https://openalex.org/W4308890670,10.1002/ajb2.16098,Intrafloral patterns of color and scent in Capparis spinosa L. and the ghosts of its selection past,2022,Aphrodite Kantsa; Jair E. García; Robert A. Raguso; Adrian G. Dyer; Ronny Steen; Thomas Tscheulin; Theodora Petanidou,American Journal of Botany,https://doi.org/10.1002/ajb2.16098,2026-09-25
OpenAlex,Q5,https://openalex.org/W4410373949,10.1111/nph.70217,Nectar metabolomes contribute to pollination syndromes,2025,Fiona T. MacNeill; Sarah G. Hunter; Felicity Muth; Brian E. Sedio,New Phytologist,https://doi.org/10.1111/nph.70217,2026-09-25
OpenAlex,Q5,https://openalex.org/W4214829672,10.1002/ajb2.1826,"Habitat effects on reproductive phenotype, pollinator behavior, fecundity, and mating outcomes of a bumble bee–pollinated herb",2022,Hao Tian; Lawrence D. Harder; Aiying Wang; Da‐Yong Zhang; Wan‐Jin Liao,American Journal of Botany,https://doi.org/10.1002/ajb2.1826,2026-09-25
OpenAlex,Q5,https://openalex.org/W4412537871,10.32942/x2j645,"A comprehensive dataset on pollinator diversity, visitation rates, individual-based traits, and pollination success across four plant species in an urban garden experiment",2025,Merin Reji Chacko; Marco Moretti; David Johannes Frey,,https://doi.org/10.32942/x2j645,2026-09-25
OpenAlex,Q5,https://openalex.org/W4388230135,10.1101/2023.10.29.564637,Within-species floral evolution reveals convergence in adaptive walks during incipient pollinator shift,2023,Katherine E. Wenzell; Mikhaela Neequaye; Pirita Paajanen; Lionel M. Hill; Paul J. Brett; Kelsey J.R.P. Byers,bioRxiv (Cold Spring Harbor Laboratory),https://doi.org/10.1101/2023.10.29.564637,2026-09-25
OpenAlex,Q5,https://openalex.org/W4414166869,10.1002/ece3.72133,"Floral Integration and Phenotypic Selection on Floral Traits of Ipomoea cavalcantei (Convolvulaceae), a Rare, Endemic, and Endangered Species to the Amazon Ironstone Outcrops",2025,Adriano Valentin‐Silva; Ana Carolina Galindo da Costa; Arthur Domingos‐Melo; Lucas Erickson Nascimento da Costa; Kleber Resende Silva; Carolina da Silva Carvalho; Maurício Takashi Coutinho Watanabe,Ecology and Evolution,https://doi.org/10.1002/ece3.72133,2026-09-25
OpenAlex,Q5,https://openalex.org/W3088142208,10.1002/ecs2.3251,Seasonal change of flower sex ratio and pollinator dynamics in three reproductive ecotypes of protandrous plant,2020,Tsubasa Toji; Natsumi Ishimoto; Takao Itino,Ecosphere,https://doi.org/10.1002/ecs2.3251,2026-09-25
OpenAlex,Q5,https://openalex.org/W2784835701,,Plant-Pollinator Interactions in an Ecological and Evolutionary Context: The Promising Role of 3D-Printing Technology and Mathematical Modeling,2017,Eric O. Campos,ResearchWorks at the University of Washington (University of Washington),http://hdl.handle.net/1773/40492,2026-09-25
OpenAlex,Q5,https://openalex.org/W2122528061,,"Limiting factors of five rare plant species in mesic forests, Hawai`i Volcanoes National Park",2010,Linda W. Pratt; Joshua R. VanDeMark; Melody Euaparadorn,Lincoln (University of Nebraska),https://digitalcommons.unl.edu/usgsstaffpub/653,2026-09-25
OpenAlex,Q5,https://openalex.org/W4391400595,10.1111/brv.13060,Multifunctionality of angiosperm floral bracts: a review,2024,Bo Song; Jiaqi Chen; Simcha Lev‐Yadun; Yang Niu; Yongqian Gao; Rong Ma; W. Scott Armbruster; Hang Sun,Biological reviews/Biological reviews of the Cambridge Philosophical Society,https://doi.org/10.1111/brv.13060,2026-09-25
OpenAlex,Q5,https://openalex.org/W154143092,10.14943/doctoral.k8187,Pollen Morphology and Its Systematic Significance in the Ericaceae,2007,A.K.M. Golam Sawara,Institutional Repositories DataBase (IRDB),https://hdl.handle.net/2115/46925,2026-09-25
OpenAlex,Q5,https://openalex.org/W4401253118,10.1093/aob/mcae118,Simulation of early season herbivory via mechanical damage affects flower production in pumpkin (Cucurbita pepo ssp. pepo),2024,Hannah L. Gray; Nicholas A. Ivers; Leeah I. Richardson; Margarita María López-Uribe; Shalene Jha,Annals of Botany,https://doi.org/10.1093/aob/mcae118,2026-09-25
OpenAlex,Q5,https://openalex.org/W4221062369,10.1111/1365-2745.13875,Comparative impacts of long‐term trends in snowmelt and species interactions on plant population dynamics,2022,Diane R. Campbell; Mary V. Price; Nickolas M. Waser; Rebecca E. Irwin; Alison K. Brody,Journal of Ecology,https://doi.org/10.1111/1365-2745.13875,2026-09-25
OpenAlex,Q5,https://openalex.org/W3124953322,,"Balsaminaceae in Southeast Asia: systematics, evolution, and pollination biology",2018,Saroj Ruchisansakun,Leiden Repository (Leiden University),http://hdl.handle.net/1887/65602,2026-09-25
OpenAlex,Q5,https://openalex.org/W3128365343,10.1093/jxb/eraa549,Flower evolution in the presence of heterospecific gene flow and its contribution to lineage divergence,2020,Marion Orsucci; Adrien Sicard,Journal of Experimental Botany,https://doi.org/10.1093/jxb/eraa549,2026-09-25
OpenAlex,Q5,https://openalex.org/W4386416028,10.3390/ecologies4030039,The Relation between Flower Traits of Bitter Vetch Landraces and Potential Insect Pollinators’ Visitation,2023,Vikentia Fragkiadaki; Efstathia Lazaridi; María José Suso; Antonios E. Tsagkarakis; Francisco Javier Ortiz‐Sánchez; Penelope J. Bebeli,Ecologies,https://doi.org/10.3390/ecologies4030039,2026-09-25
OpenAlex,Q5,https://openalex.org/W2022164662,10.6018/analesbio.0.34.11,"Biología floral y polinización de Ipomoea murucoides Roem. and Schult. (Convolvulaceae) en Ixtapan del Oro, Estado de México (México)",2012,Luis Antonio Caballero Martínez; Luis Isaac Aguilera-Gómez; Irma Victoria Rivas-Manzano; Carlos Jorge Aguilar-Ortigoza; Valentina Lamus-Molina,Anales de Biología,https://doi.org/10.6018/analesbio.0.34.11,2026-09-25
OpenAlex,Q5,https://openalex.org/W4390700124,10.1111/plb.13607,"Specialized pollination by cecidomyiid flies and associated floral traits in Vincetoxicum sangyojarniae (Apocynaceae, Asclepiadoideae)",2024,Aroonrat Kidyoo; Manit Kidyoo; Paweena Ekkaphan; Rumsaïs Blatrix; Doyle McKey; Magali Proffit,Plant Biology,https://doi.org/10.1111/plb.13607,2026-09-25
OpenAlex,Q5,https://openalex.org/W4313889276,10.51189/ii-econline/11777,ATRIBUTOS FLORAIS DE ESPÉCIES VEGETAIS VISITADAS POR ABELHAS EM UMA FLORESTA ESTACIONAL SEMIDECIDUAL,2023,Paulo Roberto de Abreu Tavares; Leandro Pereira Polatto; Glaucia Almeida de Morais; Jessica Amaral Henrique; Valter Vieira Alves-Júnior,,https://doi.org/10.51189/ii-econline/11777,2026-09-25
OpenAlex,Q5,https://openalex.org/W3186798710,10.56093/aaz.v59i1-2.103046,Influence of Annual Ornamental Flowers (Asteraceae) on the Relative Abundance of Honey Bee Species in the Hot Semi-arid Environment,2020,Dipak Kumar Gupta; Ashok Shukla; A. Keerthika; M.B. Noor mohamed; B. L. Jangid,Annals of Arid Zone,https://doi.org/10.56093/aaz.v59i1-2.103046,2026-09-25
OpenAlex,Q5,https://openalex.org/W142103370,10.25959/23225840,Pollination ecology and evolution of Epacrids,2012,KA Johnson,UTAS Research Repository,https://eprints.utas.edu.au/15012/1/Johnson_whole_thesis.pdf,2026-09-25
OpenAlex,Q5,https://openalex.org/W3122031366,10.21203/rs.3.rs-21597/v1,Floral biology and reproductive effort of andromonoecious Aesculus indica Wall. ex Camb. Hook (Hippocastanaceae),2020,Priya Pradhan; Arun Sukumaran; Vinod Prasad Khanduri,,https://doi.org/10.21203/rs.3.rs-21597/v1,2026-09-25
OpenAlex,Q5,https://openalex.org/W7118431838,10.1007/s10531-025-03225-4,Functional redundancy in invertebrate pollinator-predator networks supports conservation of a threatened North American orchid: a case study of Platanthera integrilabia,2026,Tara R. Littlefield; Sarah Kosieniak; Lawrence W. Zettler,Biodiversity and Conservation,https://doi.org/10.1007/s10531-025-03225-4,2026-09-25
OpenAlex,Q5,https://openalex.org/W2656573743,,"Floral Biology and Breeding System of Garcinia Imberti Bourd.-A Critically Endangered Tree Species of Western Ghats, Kerala, India",2015,Rajamani Kandasamy; Keshavanarayan Puttaramaiah; Shubharani Ramnath; Sivaramvenkataramgowda,ePrints@Bangalore University (Bangalore University),http://eprints-bangaloreuniversity.in/4197/1/FLORAL%20BIOLOGY%20AND%20BREEDING%20SYSTEM%20OF.pdf,2026-09-25
OpenAlex,Q5,https://openalex.org/W1486952441,,"Breeding systems and reproduction of indigenous shrubs in fragmented ecosystems : Breeding systems and reproduction of indigenous shrubs in fragmented ecosystems :|ba thesis submitted in partial fulfilment of the requirements for the degree of Doctor of Philosophy in Plant Ecology at Massey University, Palmerston North, New Zealand",2006,Merilyn F. Merrett,Massey Research Online (Massey University),http://hdl.handle.net/10179/1508,2026-09-25
OpenAlex,Q5,https://openalex.org/W7204991851,10.1111/aec.70285,Pollinator Associations of Rare and Endangered Epacris Species (Ericaceae) in Lutruwita/Tasmania: Implications for Conservation,2026,Karen A. Johnson; PB McQuillan,Austral Ecology,https://doi.org/10.1111/aec.70285,2026-09-25
OpenAlex,Q5,https://openalex.org/W32592166,,"Autogenous tensor fascia lata and dermal graft for gap repair of superficial digital flexor tendon in bovines: Clinical, radiological and histopathological study",2000,OP Gupta; Naveen R Kumar; Akshay Sharma; G. R. Singh; N. S. Parihar,The Indian Journal of Animal Sciences,http://epubs.icar.org.in/ejournal/index.php/IJAnS/article/view/35570,2026-09-25
OpenAlex,Q5,https://openalex.org/W2489910058,10.14288/1.0300154,An investigation of highbush blueberry floral biology and reproductive success in British Columbia,2016,Gwendolyn M. Huber,cIRcle (University of British Columbia),http://hdl.handle.net/2429/57769,2026-09-25
OpenAlex,Q5,https://openalex.org/W4396587653,10.55627/pbulletin.002.01.0408,Effectiveness of Native Insect Pollinators in Mungra (Raphanus sativus) Seed Production,2023,Mudssar Ali; Muqadas Younas; Fawad Zafar Ahmad Khan; Muhammad Sarmad,Plant Bulletin,http://dx.doi.org/10.55627/pbulletin.002.01.0408,2026-09-25
OpenAlex,Q5,https://openalex.org/W4412413548,10.1002/oik.11482,Attractiveness of exotic invasive plants can disconnect native plants from their floral visitors,2025,Clément Tourbez; Natasha de Manincor; Guillaume Ghisbain; Denis Michez,Oikos,https://doi.org/10.1002/oik.11482,2026-09-25
OpenAlex,Q5,https://openalex.org/W4415423640,10.1038/s41598-025-20968-w,Interactions of flower visitors with bitter gourd (Momordica charantia L.) and effects of right target and wrong target flower visits on plant reproduction,2025,Ujjwal Layek; Sourabh Bisui; Prakash Karmakar,Scientific Reports,https://doi.org/10.1038/s41598-025-20968-w,2026-09-25
OpenAlex,Q5,https://openalex.org/W4415756975,10.1093/jee/toaf242,"Historical agroeconomic analysis of the relationship between commercial pollinator use and Vaccinium angustifolium (Ericales: Ericaceae) yield in Quebec, Canada (2015–2021)",2025,Mireille Lévesque; Frédéric McCune; Valérie Fournier; Pierre Giovenazzo,Journal of Economic Entomology,https://doi.org/10.1093/jee/toaf242,2026-09-25
OpenAlex,Q5,https://openalex.org/W3113986632,10.21273/horttech04735-20,"Pollination, Crop Productivity, and Arthropod and Bird Communities Are Marginally Impacted by Border Vegetation in Highbush Blueberry Production",2020,Olivia M. Smith; Beverly S. Gerdeman; Matthew Arrington; Hollis Spitler; Lisa Wasko DeVetter,HortTechnology,https://doi.org/10.21273/horttech04735-20,2026-09-25
OpenAlex,Q5,https://openalex.org/W4409151486,10.1186/s12870-025-06474-1,Pre-pollination isolation by pollinator specificity: settling moth versus hawkmoth pollination in two sympatric Habenaria species (Orchidaceae),2025,Shao‐Lin Tan; Xing-Hui Chen; Haihong Liao; Wei-Xing Cheng; Hanwen Xiao; Lang Huang; Huolin Luo; Carlos Eduardo Pereira Nunes; Zong‐Xin Ren; Boyun Yang,BMC Plant Biology,https://doi.org/10.1186/s12870-025-06474-1,2026-09-25
OpenAlex,Q5,https://openalex.org/W7162557560,10.64898/2026.05.26.727296,Comparative nectar metabolomics reveals sucrose-nitrogen tradeoffs and chemical drivers of microbial growth in floral nectar,2026,Rachel Lee Vannette; Caitlin C. Rering; Jacob M. Cecala; Leta Landucci; Alexia M Lanier,bioRxiv (Cold Spring Harbor Laboratory),https://doi.org/10.64898/2026.05.26.727296,2026-09-25
OpenAlex,Q5,https://openalex.org/W4384830763,10.13057/biodiv/d240608,Pollination ecology of an important medicinal plant Hellenia speciosa (J.Koenig) S.R.Dutta of Asiatic tropics,2023,Arabinda Samanta; Bubai Bera; Prakash Karmakar,Biodiversitas Journal of Biological Diversity,https://doi.org/10.13057/biodiv/d240608,2026-09-25
OpenAlex,Q5,https://openalex.org/W1506908102,,Reproduction and genetics in fragmented plant populations,2001,Sheila H. Luijten,UvA-DARE (University of Amsterdam),https://handle.uba.uva.nl/personal/pure/en/publications/reproduction-and-genetics-in-fragmented-plant-populations(a39c3f8a-cfc8-4cfc-abec-31ce0e2f51a9).html,2026-09-25
OpenAlex,Q5,https://openalex.org/W2555360297,,"Moth pollination, low seed set, and vestigialization of attractive floral traits in Abronia umbellata (Nyctaginaceae)",2012,Laura A. D. Doubleday,QSpace (Queen's University Library),http://hdl.handle.net/1974/7423,2026-09-25
OpenAlex,Q5,https://openalex.org/W2582995605,,The emission of volatile organic compounds (VOCs) from rotting fruits and wilting flowers.,2015,Charlene. Ragubeer,ResearchSpace (University of KwaZulu-Natal),http://hdl.handle.net/10413/13940,2026-09-25
OpenAlex,Q5,https://openalex.org/W4406337286,10.1093/ee/nvae126,"Pacific Northwest native plants and native cultivars, part I: pollinator visitation",2025,Jen Hayes; Nicole C. S. Bell; Lincoln R. Best; Svea R Bruslind; Devon O Johnson; Mallory E. Mead; Tyler S Spofford; Gail Langellotto,Environmental Entomology,https://doi.org/10.1093/ee/nvae126,2026-09-25
OpenAlex,Q5,https://openalex.org/W4413847408,10.1016/j.dib.2025.112013,"A comprehensive dataset on pollinator diversity, visitation rates, individual-based traits, and pollination success across four plant species in an urban garden experiment in Zurich, Switzerland",2025,Merin Reji Chacko; Marco Moretti; David Johannes Frey,Data in Brief,https://doi.org/10.1016/j.dib.2025.112013,2026-09-25
OpenAlex,Q5,https://openalex.org/W3003738315,,The ecology and evolution of plant-pollinator interactions in Australian Typhonium (Araceae),2019,Thomas D J Sayers,Minerva Access (University of Melbourne),http://hdl.handle.net/11343/227684,2026-09-25
OpenAlex,Q5,https://openalex.org/W587757461,,Floral Traits and Pollination of Solidago altissima : Mechanisms of Local Adaptation Among and Within Biomes,2013,Claire Elizabeth Hafdahl,University of Minnesota Digital Conservancy (University of Minnesota),http://purl.umn.edu/160102,2026-09-25
OpenAlex,Q5,https://openalex.org/W2590625227,10.11575/prism/26188,Floral Anthesis Rate and Pollen Limitation in Delphinium glaucum and their Consequences for Female Fitness,2016,Hazel Cameron-Inglis,Libraries and Cultural Resources (University of Calgary),http://hdl.handle.net/11023/2980,2026-09-25
OpenAlex,Q5,https://openalex.org/W4406741518,10.1002/ece3.70674,"Nectar‐Feeding Behavior in the Mallee Ringneck, Barnardius zonarius barnardi",2025,Amanda A. Hewes; Alejandro Rico‐Guevara; Todd Jason McWhorter,Ecology and Evolution,https://doi.org/10.1002/ece3.70674,2026-09-25
OpenAlex,Q5,https://openalex.org/W4386091649,10.3389/fpls.2023.1237665,Chasmogamy and entomophily in Burmannia disticha (Burmanniaceae),2023,Nikolay Aleksandrovich Vislobokov; MAXIM S. NURALIEV,Frontiers in Plant Science,https://doi.org/10.3389/fpls.2023.1237665,2026-09-25
OpenAlex,Q5,https://openalex.org/W3021161820,10.17863/cam.48560,Effects of plant viral pathogens on plant-pollinator relationships,2020,Netsai M. Mhlanga,Apollo (University of Cambridge),https://www.repository.cam.ac.uk/handle/1810/301488,2026-09-25
OpenAlex,Q5,https://openalex.org/W2590074463,10.58088/s3r1-j861,Considering a role for native plant cultivars in ecological landscaping: an experiment evaluating insect preferences and nectar forage values of Phlox species vs. its cultivars,2025,Keith A. Nevison,"Library, Museums and Press - UDSpace (University of Delaware)",http://udspace.udel.edu/handle/19716/21442,2026-09-25
OpenAlex,Q5,https://openalex.org/W1483470435,,Pollination of Plectranthus L'Her. (Lamiaceae) along the Eastern seaboard of southern Africa.,2009,C.J. Potgieter,ResearchSpace (University of KwaZulu-Natal),http://hdl.handle.net/10413/1234,2026-09-25
OpenAlex,Q5,https://openalex.org/W122431807,,"Reproductive Biology of the invasive plant Elaeagnus umbellata: breeding system, pollinators, and implications for invasive spread",2013,Nathan M. Soley,OpenSIUC (Southern Illinois University Carbondale),https://opensiuc.lib.siu.edu/theses/1164,2026-09-25
OpenAlex,Q5,https://openalex.org/W7116959948,10.1002/ece3.72812,Study on Floral Syndrome and Breeding System of an Endangered Species Rhododendron nymphaeoides,2025,Jun Luo; Meng Chen; Haiyan Long; Yuting Zhu; Congjun Yuan; Kai Hu; Jin Chen; Run Liu; Xiaoyong Dai; Fangjun Ding,Ecology and Evolution,https://doi.org/10.1002/ece3.72812,2026-09-25
OpenAlex,Q5,https://openalex.org/W100041966,,An empirical test of the mutualism disruption hypothesis: Impacts of an allelopathic invader on the ecophysiology of a native forest herb,2012,Alison N. Hale,D-Scholarship@Pitt (University of Pittsburgh),https://d-scholarship.pitt.edu/16588/4/A_Hale_ETD_03DEC2012.pdf,2026-09-25
OpenAlex,Q5,https://openalex.org/W2205533286,,Ecological Divergence and Reproductive Isolation in an Amazonian Tropical Tree: Protium subserratum (Burseraceae),2014,Tracy M. Misiewicz,eScholarship (California Digital Library),https://escholarship.org/uc/item/3sd3n303,2026-09-25
OpenAlex,Q5,https://openalex.org/W3196188110,10.25358/openscience-2617,Evolutionary tendencies in African Marantaceae,2008,Alexandra C. Ley,Gutenberg Open Science,https://openscience.ub.uni-mainz.de/handle/20.500.12030/2619,2026-09-25
OpenAlex,Q5,https://openalex.org/W2968547934,10.20381/ruor-23532,"Adaptation and Diversification in Bluebells (Mertensia spp., Boraginaceae)",2019,Shang‐Yao Lin,uO Research (University of Ottawa),http://hdl.handle.net/10393/39285,2026-09-25
OpenAlex,Q5,https://openalex.org/W4396977403,10.53846/goediss-10476,The importance of reproductive traits and pollinators for increased use of heterosis in faba bean (Vicia faba L.),2024,Lisa Bruenjes,,http://dx.doi.org/10.53846/goediss-10476,2026-09-25
OpenAlex,Q5,https://openalex.org/W7141776022,,Implicacións ecolóxicas e evolutivas do roubo de néctar en ecosistemas neotropicais venezolanos,2017,Roxibell del C. Pelayo Escalona,Investigo Institutional repository of UVigo (Universidade de Vigo),http://hdl.handle.net/11093/914,2026-09-25
OpenAlex,Q5,https://openalex.org/W2905800239,,Effects of the availability of floral resources on plant-pollinator interactions and the implications for the long-term survival of plant populations,2018,Tracie Marie Evans,ERA,http://hdl.handle.net/1842/33045,2026-09-25
OpenAlex,Q5,https://openalex.org/W7165002080,10.55362/ijecol/2026/0106,Ecological Roles of Indian Palm Squirrels ( spp.) as Floral Funambulus Visitors Across Five Indian States: First Comprehensive Account,2026,Prodipta Biswas,Indian Journal of Ecology,https://doi.org/10.55362/ijecol/2026/0106,2026-09-25
OpenAlex,Q5,https://openalex.org/W4402463925,10.1002/ece3.70279,Ornithophily in the trumpet creeper ( Campsis radicans ),2024,Gary R. Graves,Ecology and Evolution,https://doi.org/10.1002/ece3.70279,2026-09-25
OpenAlex,Q5,https://openalex.org/W3093036728,10.20381/ruor-25437,"The Effects of Impervious Surface Area, Tree Canopy Cover, and Floral Richness on Bee Abundance, Richness, and Diversity Across an Urban Landscape",2020,Eden E. Gerner,uO Research (University of Ottawa),http://hdl.handle.net/10393/41213,2026-09-25
OpenAlex,Q5,https://openalex.org/W7128313116,10.1016/j.isci.2026.114946,Yeast volatiles promote larceny in bumble bee behavior,2026,Daniel Souto‐Vilarós; Valerie N. Martin; Nicholas Dabagia; Drew M. Freshour; Natalie Rodriguez; Jade Stryker; Oriana Gutierrez; Caitlin C. Rering; Rebecca E. Irwin; Robert N. Schaeffer,iScience,https://doi.org/10.1016/j.isci.2026.114946,2026-09-25
OpenAlex,Q5,https://openalex.org/W183317360,10.70675/3d990d41z253fz4230z96f3z2690e8a89181,Ecologie et Evolution des odeurs florales chez Antirrhinum Majus,2010,Claire Suchet,,https://doi.org/10.70675/3d990d41z253fz4230z96f3z2690e8a89181,2026-09-25
OpenAlex,Q5,https://openalex.org/W7166358630,10.26786/1920-7603(2026)909,Reproductive ecology of the aromatic plant Agastache mexicana (Lamiaceae): A valuable species to be used in urban pollinator gardens,2026,Zaira Isabel Carbajal; Sara Gabriela Villegas; Raúl E. Alcalá,Journal of Pollination Ecology,https://doi.org/10.26786/1920-7603(2026)909,2026-09-25
OpenAlex,Q5,https://openalex.org/W7139564698,,The Role of Pollinator Shifts in the Floral Diversification of Iochroma (Solanaceae),2008,Stacey DeWitt Smith; Cécile Ané; David Baum,Lincoln (University of Nebraska),https://digitalcommons.unl.edu/bioscifacpub/113,2026-09-25
OpenAlex,Q5,https://openalex.org/W4239933234,10.7287/peerj.9049v0.2/reviews/2,"Peer Review #2 of ""A systematic review of the direct and indirect effects of herbivory on plant reproduction mediated by pollination (v0.2)""",2020,,,https://doi.org/10.7287/peerj.9049v0.2/reviews/2,2026-09-25
OpenAlex,Q5,https://openalex.org/W7164023487,10.3897/arphapreprints.e203160,Temporal dynamics and central species in a plant-hummingbird interaction network in an inter-Andean valley in the southern Peruvian Andes,2026,Miguel Angel Quispe Puma; César R. Luque‐Fernández,,https://doi.org/10.3897/arphapreprints.e203160,2026-09-25
OpenAlex,Q5,https://openalex.org/W4392189769,10.1101/2024.02.22.581568,Genotypic variation in blueberry flower morphology and nectar reward content affects pollinator attraction in a diverse breeding population,2024,Juliana Cromie; John J. Ternest; Andrew P. Komatz; Paul Adunola; Camila Ferreira Azevedo; Rachel E. Mallinger; Patricio Muńoz,bioRxiv (Cold Spring Harbor Laboratory),https://doi.org/10.1101/2024.02.22.581568,2026-09-25
OpenAlex,Q5,https://openalex.org/W7213243757,10.3897/neotropical.21.e202837,Temporal dynamics and central species in a plant-hummingbird interaction network in an inter-Andean valley in the southern Peruvian Andes,2026,Miguel A. Quispe-Puma; César R. Luque‐Fernández,Neotropical Biology and Conservation,https://doi.org/10.3897/neotropical.21.e202837,2026-09-25
OpenAlex,Q5,https://openalex.org/W1482440340,10.18960/seitai.64.2_101,共生関係にひそむ第三者 : 花蜜を利用する酵母・細菌が変える植物-送粉者相互作用,2014,崇司 牧野; 潤 横山,日本生態学会誌,https://agriknowledge.affrc.go.jp/RN/2010873094.pdf,2026-09-25
OpenAlex,Q5,https://openalex.org/W7162750732,10.26786/1920-7603(2026)914,"Reproductive system, floral biology and pollinators of Abutilon grandifolium in urban green spaces of Ciudad Autónoma de Buenos Aires.",2026,Pablo Daniel Cáceres; Leandro Ezequiel Laino; Cecilia Estravis-Barcala; Rocío Lajad; Maria Esther Gonzalez Garcia,Journal of Pollination Ecology,https://doi.org/10.26786/1920-7603(2026)914,2026-09-25
OpenAlex,Q5,https://openalex.org/W7128770012,10.3390/plants15040595,Multifunctional Roles of Extrafloral Nectaries in Shaping Plant–Insect Interactions,2026,Eduardo Soares Calixto; Renan Fernandes Moura; Denise Lange; Estevao Alves Silva; Helena Maura Torezan‐Silingardi; Kleber Del-Claro,Plants,https://doi.org/10.3390/plants15040595,2026-09-25
OpenAlex,Q5,https://openalex.org/W7135055349,10.17129/botsci.3807,Zoopollination of Pulque agave crop (Agave salmiana) in the central valleys of Mexico,2026,Stephanie Ortega‐García; Elisa Maya‐Elizarrarás; Mariana Vallejo,Botanical Sciences,https://doi.org/10.17129/botsci.3807,2026-09-25
OpenAlex,Q5,https://openalex.org/W36009830,,Keanekaragaman Makrozoobenthos Di Kawasan Perairan Kuala Tanjung Kecamatan Medang Deras Kabupaten Batubara,2011,Hotda Agnes Manik,,http://repository.usu.ac.id/bitstream/123456789/26121/1/Appendix.pdf,2026-09-25
OpenAlex,Q5,https://openalex.org/W4248855267,10.7287/peerj.2789v0.2/reviews/2,"Peer Review #2 of ""Species interactions in an Andean bird–flowering plant network: phenology is more important than abundance or morphology (v0.2)""",2016,,,https://doi.org/10.7287/peerj.2789v0.2/reviews/2,2026-09-25
OpenAlex,Q5,https://openalex.org/W2943477571,10.18174/472043,Caught between friends and foes : plant-mediated interactions between herbivores and flower visitors,2019,Quint Rusman,,https://doi.org/10.18174/472043,2026-09-25
OpenAlex,Q5,https://openalex.org/W2422920388,10.23885/1814-3326-2016-12-1-161-165,Duration of visits of several insect species to Geranium palustre flowers,2016,Sergei N. Lysenkov; N.A. Evtushenko,Caucasian Entomological Bulletin,http://doi.org/10.23885/1814-3326-2016-12-1-161-165,2026-09-25
OpenAlex,Q5,https://openalex.org/W1527877295,10.20868/upm.thesis.32621,Habitat management for conservation of pollinators in agro-ecosystems of Central Spain,2014,Jelena Barbir,,https://doi.org/10.20868/upm.thesis.32621,2026-09-25
OpenAlex,Q5,https://openalex.org/W2598553336,,Density Effects on Competition for Pollination between Two Wetland Plants,2014,Miriam Jenkins,OhioLink ETD Center (Ohio Library and Information Network),http://rave.ohiolink.edu/etdc/view?acc_num=akron1405376639,2026-09-25
OpenAlex,Q5,https://openalex.org/W4402983224,10.46551/ruc.v26n2a4,Pollination ecology in Centrosema brasilianum (L.) Benth. (Fabaceae: Papilionoideae): bee size influences pollen deposition,2024,Sara Sofia Medina Benavides; Maria Rosângela Sigrist; Gudryan Jackson Barônio; Daniel Máximo Corrêa Alcântara; Jeane Lima-Passos; Bruno Henrique dos Santos Ferreira; Camila Silveira Souza,Unimontes Científica,http://dx.doi.org/10.46551/ruc.v26n2a4,2026-09-25
OpenAlex,Q5,https://openalex.org/W7172275028,10.1128/aem.00323-26,Diversity and sources of floral microbial communities,2026,Muhammad Qaisar Naeem Khan; Wen‐Qian Xiang; Ming‐Xun Ren,Applied and Environmental Microbiology,https://doi.org/10.1128/aem.00323-26,2026-09-25
OpenAlex,Q5,https://openalex.org/W2905091179,,Distinguishing pollination from visitation : the value of a pollinator effectiveness and pollinator importance network,2018,Helen Cunnold,St Andrews Research Repository (St Andrews Research Repository),http://hdl.handle.net/10023/16121,2026-09-25
OpenAlex,Q5,https://openalex.org/W7139116361,10.33545/27080013.2026.v7.i1a.294,Exploring the role of symbiotic relationships between insects and plants in pollination: a global perspective,2026,Thompson Sarah E; Leblanc Marc A,Acta Entomology and Zoology,https://doi.org/10.33545/27080013.2026.v7.i1a.294,2026-09-25
OpenAlex,Q5,https://openalex.org/W7214006318,10.3389/fevo.2026.1932299,How animals shape plant evolution: an ecological and evolutionary synthesis,2026,Praveen Pandey; Arpita Tripathi; Florin-Dumitru Bora; Ioan Valentin Petrescu-Mag,Frontiers in Ecology and Evolution,https://doi.org/10.3389/fevo.2026.1932299,2026-09-25
OpenAlex,Q5,https://openalex.org/W7119329919,,Sistemas de polinização nos biomas brasileiros com ênfase nas interações entre abelhas e flores polinizadas por vibração,2023,Lorena Bueno Valadão-Mendes,LA Referencia (Red Federada de Repositorios Institucionales de Publicaciones Científicas),https://orcid.org/0000-0002-3930-8673,2026-09-25
OpenAlex,Q5,https://openalex.org/W4389558401,10.21726/abc.v10i4.2199,Plantas intensamente forrageadas por abelhas em uma floresta estacional semidecidual: caracterização dos atributos florais,2023,Leandro Pereira Polatto; Paulo Roberto de Abreu Tavares; Glaucia Almeida de Morais; Jessica Amaral Henrique; Valter Vieira Alves,Acta Biológica Catarinense,http://dx.doi.org/10.21726/abc.v10i4.2199,2026-09-25
OpenAlex,Q5,https://openalex.org/W4306249709,10.21203/rs.3.rs-2154595/v1,Spatial and temporal variation of floral visitors and their visitation pattern on Acanthus ilicifolius L.: A case study from the Indian Sundarbans,2022,Tania Chatterjee; Souparna Chakrabarty; Sankarsan Roy; Olive Biswas; Bulganin Mitra; Punarbasu Chaudhuri,Research Square,https://doi.org/10.21203/rs.3.rs-2154595/v1,2026-09-25
OpenAlex,Q5,https://openalex.org/W2884433249,10.1101/370700,Conflict of evolutionary interests between plants and pollinators revealed through functional exploration of flower morphospace,2018,Foen Peng; Eric O. Campos; Joseph Garret Sullivan; Nathan Berry; Bo Song; Thomas L. Daniel; H. D. Bradshaw,bioRxiv (Cold Spring Harbor Laboratory),https://doi.org/10.1101/370700,2026-09-25
OpenAlex,Q5,https://openalex.org/W4414189618,10.53346/wjapls.2025.8.2.0028,Insect pollinator diversity and pollination mechanisms among mangrove species: A systematic review,2025,Lakhnarayan Kumar Bhagarathi; Gyanpriya Maharaj; Phillip N. B. Da Silva,World Journal of Advanced Pharmaceutical and Life Sciences,https://doi.org/10.53346/wjapls.2025.8.2.0028,2026-09-25
OpenAlex,Q5,https://openalex.org/W4412154929,10.1007/s11829-025-10162-0,Leaky pollination barrier in edaphic vicarious alpine plants,2025,Thomas M. Huber; Roman Fuchs; Julian Robin; Andreas Tribsch; Stefan Dötterl; Hanno Schaefer,Arthropod-Plant Interactions,https://doi.org/10.1007/s11829-025-10162-0,2026-09-25
OpenAlex,Q5,https://openalex.org/W4281708342,10.3390/plants11111488,"Phenotypic Selection in Halenia elliptica D. Don (Gentianaceae), an Alpine Biennial with Mixed Mating System",2022,Xiaojuan Huang; Minyu Chen; Lin‐Lin Wang; Mingliu Yang; Na-Cai Yang; Zhong‐Hu Li; Yuan‐Wen Duan,Plants,https://doi.org/10.3390/plants11111488,2026-09-25
OpenAlex,Q5,https://openalex.org/W2917533358,,Hidden conflict in pollination and its implications for diversification,2018,Foen Peng,ResearchWorks at the University of Washington (University of Washington),http://hdl.handle.net/1773/42974,2026-09-25
OpenAlex,Q5,https://openalex.org/W4247216666,10.22541/au.160071226.62094623,Variability in species abundance can drive flower diversification and specialization,2020,Sébastien Rivest,,https://doi.org/10.22541/au.160071226.62094623,2026-09-25
OpenAlex,Q5,https://openalex.org/W7140325667,10.1007/s00248-026-02741-2,"Filth Flies, Flowers and Food: Pollination by Flies (Calliphoridae) Does Not Affect the Strawberry Microbiome",2026,Jonathan T. D. Finch; Markus Riegler; James M. Cook; Laura E. Brettell,Microbial Ecology,https://doi.org/10.1007/s00248-026-02741-2,2026-09-25
OpenAlex,Q5,https://openalex.org/W7163579924,10.1007/s11829-026-10255-4,Effect of soil water deficit on flowers and plant-pollinator interactions of two blueberry cultivars,2026,Helena Castro; Monica Barman; Stefan Dötterl; Maria Celeste Dias; João Loureiro; Sílvia Castro,Arthropod-Plant Interactions,https://doi.org/10.1007/s11829-026-10255-4,2026-09-25
OpenAlex,Q5,https://openalex.org/W2595382830,,"The good, the bad and the flexible: interactions of Erysimum capitatum with pollinators and herbivores over space and time",2011,Claire R. Lay,CU Scholar (University of Colorado Boulder),https://scholar.colorado.edu/concern/graduate_thesis_or_dissertations/ns064606n,2026-09-25
OpenAlex,Q5,https://openalex.org/W2616638239,,"The Effects of Multiple Mutualisms in the Tropical Perennial Plant, Turnera",2015,Emily M. Dutton,TSpace (University of Toronto),http://hdl.handle.net/1807/74685,2026-09-25
OpenAlex,Q5,https://openalex.org/W4404831016,10.1186/s12870-024-05867-y,Multiple insect pollination contributes to differential phenotypic selection on floral traits in Stellera chamaejasme,2024,Shu-Fan Sun; Yun‐Han Li; Jing Leng; Ding-Hai Zhang; Wenliu Zhang; Bo Zhang,BMC Plant Biology,http://dx.doi.org/10.1186/s12870-024-05867-y,2026-09-25
OpenAlex,Q5,https://openalex.org/W3044193912,,Pollinator visitation preference on native and non-native congeneric plants,2005,Nicole Cerqueira,"Library, Museums and Press - UDSpace (University of Delaware)",http://udspace.udel.edu/handle/19716/27345,2026-09-25
OpenAlex,Q5,https://openalex.org/W4409867446,10.14719/pst.5850,Pollination ecology and flowering rhythm of Gloriosa superba L.: Behavioural insights into principal pollinators,2025,R. Mohana Priyanka; Thakur Raj Kumar; Yashpal Sharma; Meena Thakur; M. A. Waseem; Soni Kiran; S. Sureshkumar,Plant Science Today,https://doi.org/10.14719/pst.5850,2026-09-25
OpenAlex,Q5,https://openalex.org/W4416228438,10.26786/1920-7603(2025)894,Getting hooked? Testing the function of anther spurs in Vaccinium myrtillus,2025,Lisette van Kolfschoten; Mario Vallejo‐Marín,Journal of Pollination Ecology,https://doi.org/10.26786/1920-7603(2025)894,2026-09-25
OpenAlex,Q5,https://openalex.org/W2600015960,,"Effects of insect herbivory on plant architecture, flowering phenology, flower visitors’ activity and reproduction success in Cirsium Altissimum L.",2013,Subodh Adhikari,Holmes Museum Of Anthropology (Wichita State University),http://hdl.handle.net/10057/6417,2026-09-25
OpenAlex,Q5,https://openalex.org/W4417288807,10.1111/plb.70153,Generalization for both diurnal and nocturnal pollination in the mass‐flowering desert geophyte Nerine laticoma (Amaryllidaceae),2025,Genevieve L. Theron; Christine Barker; Miguel Castañeda‐Zárate; Carolina Diller; Sjirk Geerts; Saskia Klumpers; Steven D. Johnson,Plant Biology,https://doi.org/10.1111/plb.70153,2026-09-25
OpenAlex,Q5,https://openalex.org/W7213743341,10.56810/jpbm.004.03.0231,"Sesame (Sesamum indicum L.) Under Stress: A Multidisciplinary Review of Pathogens, Climate Adaptation, CRISPR Genome Editing, and High Throughput Phenotyping",2026,Zulqar Nain; Abdul Wahab; Nimra Waris; Asma Mehndi; Saida Komal; Shafaq Tariq; Nafeesa Shaheen; Sara Abid; Saima Jameel; Laraib Zahid; Dr Usman Ashfaq; Tadeel Iqbal Rana; Waseem Hassan; Sania Saleem; Maryam Murtaza; Sania Begum; Farrukh Bashir; Muhammad Aslam; Ayesha Noor; Mamoon Ahmad; Fazal Yazdan Sleem; Muhammad Jahanzaib; Sahir Hameed Khattak,Journal of Pharma and Biomedics,https://doi.org/10.56810/jpbm.004.03.0231,2026-09-25
OpenAlex,Q5,https://openalex.org/W7162046170,,Discerning Patterns of Floral Sugar-Feeding: Dynamics of the Mosquito Culex antillummagnorum in Puerto Rico,2026,Ella J. Branham,Aquila Digital Community (University of Southern Mississippi),https://aquila.usm.edu/masters_theses/1201,2026-09-25
OpenAlex,Q5,https://openalex.org/W2745329495,10.11606/t.41.2017.tde-17082017-093329,Estrutura geográfica da interação entre abelhas coletoras de óleo e Krameria Loefl. (Krameriaceae): funcionalidade e integração fenotípica de caracteres florais,2017,Liedson Tavares de Sousa Carneiro,,https://doi.org/10.11606/t.41.2017.tde-17082017-093329,2026-09-25
OpenAlex,Q5,https://openalex.org/W4249008354,10.7287/peerj.11634v0.1/reviews/1,"Peer Review #1 of ""Honey bee (Apis mellifera) colony strength and its effects on pollination and yield in highbush blueberries (Vaccinium corymbosum) (v0.1)""",2021,,,https://doi.org/10.7287/peerj.11634v0.1/reviews/1,2026-09-25
OpenAlex,Q5,https://openalex.org/W606248887,10.25148/etd.fi15032131,"Pollination, Herbivory, and Habitat Fragmentation: Their Effects on the Reproductive Fitness of Angadenia berteroi, a Native Perennial Plant of the South Florida Pine Rocklands",2015,Beyte Barrios Roque,,https://doi.org/10.25148/etd.fi15032131,2026-09-25
OpenAlex,Q5,https://openalex.org/W4393144327,10.21203/rs.3.rs-3973961/v1,"WITHDRAWN: Floral biology, pollinators and reproductive success of Abutilon grandifolium in urban green spaces of Ciudad Autónoma de Buenos Aires",2024,Pablo Daniel Cáceres; Cecilia Estravis-Barcala; Leandro Laino; Rocío Lajad; María T. Amela García,Research Square,https://doi.org/10.21203/rs.3.rs-3973961/v1,2026-09-25
OpenAlex,Q5,https://openalex.org/W4206248528,10.47749/t/unicamp.2003.288126,Auto-incompatibilidade de ação tardia e outros sistemas reprodutivos em Biognoniaceae,2003,Nelson Sabino Bittencourt,,https://doi.org/10.47749/t/unicamp.2003.288126,2026-09-25
OpenAlex,Q5,https://openalex.org/W4414508215,10.1007/s44372-025-00359-1,Management reduces floral damage by bees and beetles in Cereus jamacaru DC. (Cactaceae) in the Caatinga dry forest,2025,Ailza Maria de Lima-Nascimento; Jéssica Luiza S. Silva; Ulysses Paulino Albuquerque; Ariadna Valentina Lopes,Discover Plants.,https://doi.org/10.1007/s44372-025-00359-1,2026-09-25
OpenAlex,Q5,https://openalex.org/W7141379390,10.1016/j.cub.2026.02.067,Divergent nectar-feeding mechanisms evidenced by intralingual suction in sunbirds,2026,David Cuban; Cynthia Y. Wang‐Claypool; Yohanna Yohanna; Colleen Thelma Downs; Rauri C.K. Bowie; Fabian Brau; Steven D. Johnson; Alejandro Rico-Guevara,Current Biology,https://doi.org/10.1016/j.cub.2026.02.067,2026-09-25
OpenAlex,Q5,https://openalex.org/W2581048749,10.11575/prism/27709,Scaling of Density-Dependent Reproduction in Bee-Pollinated Forbs of Logged Forests,2015,Sarah A. Johnson,Libraries and Cultural Resources (University of Calgary),http://hdl.handle.net/11023/2685,2026-09-25
OpenAlex,Q5,https://openalex.org/W7155509074,10.3897/phytokeys.274.184429,"Two new species of Rhipidoglossum (Orchidaceae, Angraecinae) from Central Africa, probably pollinated by settling moths",2026,Arthur Macedo; Vincent Droissart; Štěpán Janeček; Yannick Klomberg; Marcelo Trovó; Tariq Stévart; João N. M. Farminhão,PhytoKeys,https://doi.org/10.3897/phytokeys.274.184429,2026-09-25
OpenAlex,Q5,https://openalex.org/W4413842410,10.1093/aobpla/plaf046,Temporal dynamics of floral characteristics and reproduction output of Impatiens oxyanthera under warming,2025,Qiao Yan; Qiuhai Su; Dengfei Li; Qiong Wang,AoB Plants,https://doi.org/10.1093/aobpla/plaf046,2026-09-25
OpenAlex,Q5,https://openalex.org/W7198416515,,"The effect of wild radish (Raphanus raphanistrum L.) flower morphology on the diversity, abundance, plant-pollinator interactions, and foraging behaviour of floral visitors in Lesotho.",2024,Kabelo Mohau,NUL Research and Publication,https://hdl.handle.net/20.500.14155/2125,2026-09-25
OpenAlex,Q5,https://openalex.org/W2736179544,,Investigating the combined role of the introduced honeybee (Apis mellifera) and magnet plants on the pollination of both native and exotic plants in Australian ecosystems,2017,Amy‐Marie Gilpin,Research Online (University of Wollongong),https://ro.uow.edu.au/theses1/54,2026-09-25
OpenAlex,Q5,https://openalex.org/W2594982184,,The evaluation of cuphea pulchra and cuphea schumannii as potential new ornamental crops for introduction into the Floriculture industry,2004,Jennifer Hrach Leopold,OhioLink ETD Center (Ohio Library and Information Network),http://rave.ohiolink.edu/etdc/view?acc_num=osu1092587225,2026-09-25
OpenAlex,Q5,https://openalex.org/W4416627392,10.1186/s12862-025-02463-y,Habitat factors and traits shape plant-pollinator interactions in a semi-arid landscape,2025,Diana Michael; K K Joshi; Shivani Krishna,BMC Ecology and Evolution,https://doi.org/10.1186/s12862-025-02463-y,2026-09-25
OpenAlex,Q5,https://openalex.org/W2727478211,10.71548/6930,Evidence of Pollinator-Mediated Selection for Floral Display Height,2006,Sebastian Irazuzta,MacSphere (McMaster University),http://hdl.handle.net/11375/21655,2026-09-25
OpenAlex,Q5,https://openalex.org/W3177698956,,The Role of Honeybee Pollination in Native New Zealand Plants,2021,Jordyn Giddins,Tuwhera (Auckland University of Technology),https://hdl.handle.net/10292/14247,2026-09-25
OpenAlex,Q5,https://openalex.org/W1497117390,10.11606/t.41.2007.tde-20022008-134933,Densidade de recursos florais em múltiplas escalas espaciais: conseqüências para a interação planta-polinizador e demografia de Abutilon rufinerve (Malvaceae),2007,Luciano Elsinor Lopes,,https://doi.org/10.11606/t.41.2007.tde-20022008-134933,2026-09-25
OpenAlex,Q5,https://openalex.org/W2336417924,,Haitallisen vieraslajin komealupiinin (Lupinus polyphyllus Lind.) ja alkuperäislaji hiirenvirnan (Vicia cracca L.) välinen kilpailu pölyttäjistä,2011,Mari Kauppinen,Jyväskylä University Digital Archive (University of Jyväskylä),http://urn.fi/URN:NBN:fi:jyu-201201251069,2026-09-25
OpenAlex,Q5,https://openalex.org/W3005321011,,"Diversidade funcional de abelhas e de plantas em áreas restauradas na parte sul da floresta atlântica, no município de Antonina (PR)",2018,Caroline Ribeiro,Americanae (AECID Library),http://repositorio.utfpr.edu.br/jspui/handle/1/4639,2026-09-25
OpenAlex,Q5,https://openalex.org/W7120447416,,"Functional diversity of bees and plants in restored areas in the southern atlantic forest, in Antonina (PR)",2018,Caroline Lourenço de Almeida Ribeiro,LA Referencia (Red Federada de Repositorios Institucionales de Publicaciones Científicas),http://repositorio.utfpr.edu.br/jspui/handle/1/4639,2026-09-25
OpenAlex,Q5,https://openalex.org/W7113105254,,"Diversiteit van Planten, Bestuivers en hun interacties in gefragmenteerde Duinpannen Een Metabarcoding-benadering",2025,"Devriese, Arne",Lirias,https://lirias.kuleuven.be/handle/20.500.12942/766982,2026-09-25
OpenAlex,Q5,https://openalex.org/W2787541801,10.11575/prism/5440,Genetics and evolution of ultraviolet reflectance in flowers,2018,Yan Liu,Libraries and Cultural Resources (University of Calgary),http://hdl.handle.net/1880/106359,2026-09-25
OpenAlex,Q5,https://openalex.org/W3178689069,10.25926/6g0b-mg73,Regulation der Nektarzusammensetzung bei Bromeliaceen,2019,Thomas Göttlinger,ELPUB (Universitat Wuppertal),http://elpub.bib.uni-wuppertal.de/edocs/dokumente/fbc/biologie/diss2019/goettlinger,2026-09-25
OpenAlex,Q5,https://openalex.org/W7160525962,10.1007/s11252-026-01991-9,Green area size rather than urbanization ecological index modulates the specialization of flower-visitor networks of Leguminosae trees in a tropical metropolis in Brazil,2026,Thaís C. M. Andrade; Jéssica Luiza S. e Silva; Luanda Pinheiro; Talita Câmara; Ariadna Valentina Lopes,Urban Ecosystems,https://doi.org/10.1007/s11252-026-01991-9,2026-09-25
OpenAlex,Q5,https://openalex.org/W2948069586,10.14393/ufu.te.2017.43,Efeitos da assimetria floral e das interações formigas-plantas nas interações plantas-visitantes florais,2017,Gudryan Jackson Barônio,,https://doi.org/10.14393/ufu.te.2017.43,2026-09-25
OpenAlex,Q5,https://openalex.org/W2289757433,10.14288/1.0071648,The evolution of bird pollination in Macaronesian Lotus section Rhyncholotus (Leguminosae),2011,Isidro Ojeda Alayon,Open Collections,https://doi.org/10.14288/1.0071648,2026-09-25
OpenAlex,Q5,https://openalex.org/W7133406274,,The effects of nitrogen deposition on the vegetation and the pollinator community in calcareous grasslands,2025,Willem Proesmans; Adam Vanbergen; Denis Michez,ORBi UMONS,https://orbi.umons.ac.be/handle/20.500.12907/54065,2026-09-25
OpenAlex,Q5,https://openalex.org/W2581271744,,The effect of aphids in parasitoid-caterpillar-plant interactions,2007,Amanda J. Lentz,VTechWorks (Virginia Tech),http://hdl.handle.net/10919/28409,2026-09-25
OpenAlex,Q5,https://openalex.org/W3203462398,10.11575/prism/38805,"Landscape composition and configuration affect nest founding but not success of bumble bee colonies in agroecosystems in the Lower Mainland of British Columbia, Canada.",2021,Richard Kwafo,,https://prism.ucalgary.ca.,2026-09-25
OpenAlex,Q5,https://openalex.org/W3018446388,10.5167/uzh-163565,"Ecology, evolution, and conservation of plant-animal interactions in islands",2006,Dennis M. Hansen,Zurich Open Repository and Archive (University of Zurich),https://www.zora.uzh.ch/id/eprint/163565/1/20070117.pdf,2026-09-25
OpenAlex,Q5,https://openalex.org/W3216294623,,The effects of foliar damage on flower characteristics and pollinator visits in Vicia faba,2002,Almazbek Anarbekovich Orozumbekov,St Andrews Research Repository (St Andrews Research Repository),http://hdl.handle.net/10023/21851,2026-09-25
OpenAlex,Q5,https://openalex.org/W3096066085,,"The breeding system and demography of the Transvaal Sesame-bush, Sesamothamnus lugardii (Pedaliaceae)",2019,Alison Bijl,ResearchSpace (University of KwaZulu-Natal),https://researchspace.ukzn.ac.za/handle/10413/18781,2026-09-25
OpenAlex,Q5,https://openalex.org/W4414749185,10.55779/nsb17312227,"Bee-pollinator-plant connections: A review of wild bee diversity and plant associations in West Bengal, India",2025,Md. Abu Imran Mallick; Samprita MISHRA,Notulae Scientia Biologicae,https://doi.org/10.55779/nsb17312227,2026-09-25
OpenAlex,Q5,https://openalex.org/W3043062601,,Call Me Loyal: Investigation of Bumble Bee (Bombus terrestris) Flower Constancy in a Semi-Field Environment,2020,Jake Tully,Otago University Research Archive (University of Otago),https://ourarchive.otago.ac.nz/esploro/outputs/graduate/Call-Me-Loyal-Investigation-of-Bumble/9926479191501891,2026-09-25
OpenAlex,Q5,https://openalex.org/W1518027271,,Ecology and evolution of the specialized hemipepsis-wasp (Hymenoptera : Pompilidae) pollination guild in South Africa.,2013,Adam Shuttleworth,ResearchSpace (University of KwaZulu-Natal),http://hdl.handle.net/10413/10107,2026-09-25
OpenAlex,Q5,https://openalex.org/W7163181230,10.3897/phytokeys.275.192014,A multiverse of trophic networks and coevolutionary trajectories among holoparasitic Orobanchaceae and their animal associates: a global perspective,2026,Renata Piwowarczyk; Karolina Wiśniewska; Tomasz Rewicz; Tomasz Olbrycht; Sebastian Salata; Alexander V. Fateryga; Łukasz Nicewicz; Łukasz Depa; Katarzyna Zając; Rudolf Masarovič; Waldemar Celary; Łukasz Mielczarek; Attila Mátis,PhytoKeys,https://doi.org/10.3897/phytokeys.275.192014,2026-09-25
OpenAlex,Q5,https://openalex.org/W2514325071,,"Floral volatiles in Mimulus: chemical ecology, insect olfaction, genetics, and reproductive isolation",2014,Kelsey Jaye Ruth Paularena Byers,ResearchWorks at the University of Washington (University of Washington),http://hdl.handle.net/1773/26218,2026-09-25
OpenAlex,Q5,https://openalex.org/W3210418649,10.5281/zenodo.5109989,The SBE meeting 2021's Book of Abstracts,2021,Meneses; Jacob Machado; Gamero Mora; Almeida; Massami Izumi de Freitas; Andrés Moreno-González; Gomes-da-Silva; Hurtado; Ocaña; Inés Baccaro; Lina Caballero-Villalobos; Ochoa Orrego; Perez; Fabianelli; Mahecha-J; Terán Sánchez; Belintani; Vega-G,Zenodo (CERN European Organization for Nuclear Research),https://doi.org/10.5281/zenodo.5109989,2026-09-25
OpenAlex,Q5,https://openalex.org/W7120578489,,Ornithophilous understory plant species and their interactions with hummingbirds,2014,Raphael Vilela Timoteo da [UNIFESP] Silva,LA Referencia (Red Federada de Repositorios Institucionales de Publicaciones Científicas),http://repositorio.bc.ufg.br/tede/handle/tede/3521,2026-09-25
